#{"t_start": 1765854108.7637744, "env_id": "None"}
r,l,t
37.291804,400,69.263159
-140.294136,341,71.123232
77.189286,341,72.950329
-37.230464,61,73.141305
119.002895,300,73.847881
-81.355587,300,75.487524
135.917535,300,76.259316
229.593078,1,76.29868
-46.246299,113,77.61657
125.005587,341,78.429904
-27.497268,341,80.103333
16.525005,341,81.927925
-41.089399,300,82.557346
72.488272,341,84.359873
305.330933,300,86.128495
-40.154962,341,86.79074
-115.9014,341,88.568439
375.394306,341,90.387886
-17.328331,93,90.570965
233.298328,1,90.611835
233.298523,1,90.649415
601.901177,300,91.388054
44.394851,341,93.203824
422.895539,341,95.016622
11.645752,400,95.757473
-20.768554,300,97.468585
329.415542,293,99.098228
-32.817359,341,99.763786
-84.814622,314,101.475146
-70.917641,288,102.072775
41.396695,400,103.931335
55.324465,341,105.674335
262.168171,341,107.448165
506.644839,255,108.078999
115.347137,341,109.88128
233.298523,1,109.919487
-33.323803,341,110.722263
782.38593,400,112.569828
814.625216,400,114.496629
233.298523,1,114.534848
94.008228,341,116.368897
-32.675518,31,116.451026
355.557705,240,116.985164
229.186197,1,117.023145
-46.930826,341,118.827218
355.086426,243,119.301356
-39.740832,341,121.072142
-70.509278,341,122.912163
-54.346795,341,123.690052
-74.607694,298,125.382311
412.374285,258,125.882126
-7.771657,300,127.493568
413.357594,255,128.052153
644.121261,345,129.870064
-22.482517,300,131.540398
381.481337,256,132.02255
-21.920391,6,132.069292
-56.531198,341,133.891987
352.912752,206,134.279527
-70.218965,291,135.965977
374.057368,214,136.397098
233.298523,1,136.435422
411.340398,271,138.061949
358.508379,230,138.509603
-69.391267,287,140.229411
365.211213,209,140.621103
-73.996078,297,142.399972
228.650793,1,142.437927
-47.152821,341,143.16841
1016.504489,300,144.831034
-14.879666,341,146.570295
-11.259419,300,147.277062
-20.756345,400,149.113169
-35.525195,341,150.896028
360.544939,203,151.308612
233.298523,1,151.349045
56.481162,400,153.256558
-9.759161,300,154.932433
349.934786,216,155.368069
233.298523,1,155.40625
-27.270798,341,157.214717
417.132807,264,157.800283
684.369213,341,159.671654
-27.464489,300,160.273399
661.298724,341,162.006353
322.644035,191,162.435018
-98.476408,290,164.164224
-43.02804,145,164.461446
848.935672,400,166.311237
-6.533545,300,168.051381
784.754002,400,168.942599
-19.905397,341,170.640376
-65.27347,211,171.156941
-39.332247,341,172.987839
6.925432,341,174.771948
-82.417005,252,175.317046
477.100113,341,177.113197
188.71752,341,178.923141
115.419054,341,179.635459
4.383424,400,181.491964
233.298523,1,181.530444
390.271713,216,183.06324
-11.584307,300,183.698674
10.425532,300,185.528708
448.590045,250,186.013428
233.298523,1,186.051708
148.995179,341,187.839656
433.21121,253,188.346498
2.874609,400,190.228791
441.014887,243,191.852958
-65.318152,341,192.531858
351.251146,198,194.02556
40.086714,341,194.834147
194.580778,400,196.797555
322.176751,184,197.230112
233.298523,1,197.268948
34.298409,341,199.007695
25.703724,341,200.804993
400.924206,223,201.266818
-80.940006,341,203.160424
406.838611,218,203.597468
233.298523,1,203.638718
769.855036,400,205.529618
-84.16539,255,207.200196
456.910411,254,207.729561
-28.881425,23,207.807437
-8.019677,341,209.652858
-53.796629,341,210.394203
-22.809089,300,212.144321
356.34876,198,212.511544
338.469905,186,214.043765
233.298523,1,214.082107
-21.444775,400,215.943511
25.664068,300,216.568442
355.563169,192,218.00994
889.691483,400,218.918996
-15.367213,300,220.606504
386.696751,208,221.132033
-44.229662,341,222.916114
410.013354,221,223.396859
-21.809081,341,225.191173
-14.600636,341,226.964708
421.688947,227,227.337491
444.656864,242,228.953737
-48.87647,341,229.608694
233.298523,1,229.649414
1044.765413,300,231.448137
446.844416,239,232.055087
-41.168562,341,233.816681
-20.131361,300,235.578448
882.641321,400,236.321
660.266771,400,238.281666
361.082097,205,239.889059
423.757907,227,240.445654
367.199273,197,240.839848
-24.744623,400,242.797913
233.298309,1,242.83637
-100.399587,208,244.403718
669.542041,400,245.143708
71.081731,341,246.922551
552.014259,247,248.633599
211.796917,1,248.672142
329.597839,177,248.970078
-136.317594,314,250.765918
363.510754,203,251.215308
232.607305,400,253.176546
340.600894,187,253.619355
74.426641,300,255.391528
74.266002,341,256.122389
-27.574934,20,256.187671
-98.755656,341,257.962846
974.04721,300,259.691269
362.822065,197,260.059342
345.189053,188,260.54852
1.260307,400,262.518372
-21.82091,11,262.574271
49.735141,341,264.385148
582.389866,341,265.142602
44.5535,341,266.901305
233.298523,1,266.939861
469.490657,341,268.882635
423.104876,239,269.423785
-28.791675,300,271.236211
19.835516,341,273.140316
880.857034,400,273.997246
-21.47686,4,274.040613
679.436928,341,275.836589
233.298347,1,275.875089
925.090235,300,277.636899
518.82457,341,278.297416
720.268245,341,280.172271
-26.451373,26,280.250189
532.178509,268,280.891682
713.616604,400,282.830341
0.460274,341,284.706022
482.470806,246,285.264324
233.298523,1,285.302729
233.298523,1,285.340153
-25.828507,300,287.354792
-7.795374,338,289.431794
7.940026,290,290.108801
233.298523,1,290.147072
87.510222,300,292.362459
-23.886743,21,292.435226
-33.748709,300,293.171607
39.102015,341,295.33148
-129.65112,285,297.257886
-11.574233,400,298.047096
233.298523,1,298.085829
-33.024227,300,300.087919
-20.500903,400,302.258536
-31.169077,341,302.917218
233.298523,1,302.955646
4.806635,400,305.025376
-99.151923,266,306.960102
147.521808,300,307.656228
28.2117,341,309.701226
421.794937,225,310.180247
91.31498,341,312.324433
1124.840021,300,314.21041
219.890929,1,314.249369
191.184737,400,316.877766
55.645308,341,317.526216
392.930554,212,319.079196
86.931373,341,319.750868
406.338963,217,321.555094
412.04556,222,321.961329
-20.294365,300,324.284519
603.82231,341,324.950985
233.298523,1,324.989568
280.293854,400,327.383352
-34.801979,300,329.542429
-71.402109,139,329.855982
418.692882,254,331.450898
295.163718,300,332.009488
109.922062,341,333.812845
55.040843,341,334.505963
713.188783,341,336.306046
-118.616518,251,337.977822
259.552802,400,338.777304
372.919148,341,340.54377
419.655314,237,341.039557
32.467212,341,342.771963
233.298523,1,342.810896
105.141939,341,344.610601
890.512402,400,346.531409
386.596766,300,347.189712
40.935284,341,348.969319
630.111738,341,350.814048
233.298523,1,350.852503
-8.032907,9,350.93747
105.407876,341,351.78193
43.412438,341,353.55403
-133.466907,297,354.156918
587.568345,341,355.93151
427.600092,238,357.52962
475.253512,229,358.018728
129.694815,275,359.738682
81.144798,341,360.420927
235.318383,1,360.459779
-42.523677,341,362.176788
21.44813,341,363.99066
36.802975,322,364.619457
273.495027,400,366.47559
-114.997766,308,368.189279
-63.817724,300,368.795316
232.401205,1,368.834216
-35.659427,400,370.713774
-49.649036,300,372.596215
-20.478228,13,372.654098
387.033611,341,373.416342
-28.697305,32,373.55034
21.899099,30,373.641354
-20.208642,1,373.679397
-27.081476,38,373.783337
-47.313458,400,375.72754
-15.778743,10,375.780978
34.82399,341,377.525302
-55.126719,300,378.214504
-37.368926,400,380.120713
882.841593,400,382.007597
514.389564,265,383.633574
925.72952,300,384.29948
82.290082,243,385.883948
96.234651,228,386.417394
25.573301,283,388.196902
24.257634,341,388.993803
114.204167,341,390.770942
28.173708,341,392.576758
-24.291154,17,392.640802
232.461956,1,392.678243
271.53488,400,393.582216
90.102703,341,395.348183
-28.429888,28,395.437593
946.173654,300,397.230337
290.196649,400,399.190625
-49.136071,300,399.846654
225.476182,1,399.885107
-43.034069,300,401.59226
-43.822792,300,402.224915
284.668421,400,404.12439
433.615298,240,405.775773
-110.447727,299,406.359185
-21.656461,6,406.407506
-38.049017,300,408.134283
-36.945744,300,408.791192
-103.595745,280,410.480424
-35.62455,300,411.164227
46.490978,341,412.937261
95.16463,341,414.775252
-60.864454,300,415.405553
-17.947743,1,415.444557
374.820569,300,417.210524
95.716826,341,418.970619
0.036069,10,419.021402
417.18127,229,419.465903
-38.162474,400,421.393176
43.028956,341,423.12666
281.626652,400,424.042171
570.10881,341,425.865946
233.298523,1,425.904089
271.548102,400,427.784667
-19.447,1,427.824739
1046.660056,300,428.493881
897.279806,400,430.323081
-189.232026,341,432.10358
431.010489,236,432.658087
300.295685,157,434.06279
410.283813,247,434.572768
-15.774033,26,434.655648
-56.110997,300,436.501734
423.006543,341,437.221857
480.834802,300,438.881237
-3.601281,31,439.008782
435.014149,239,439.479095
479.175274,341,441.236717
466.771978,266,442.858895
-22.403666,300,443.496761
178.137256,336,445.299673
230.095885,1,445.337534
-237.719282,341,447.146932
140.526597,341,447.836514
906.55506,400,449.785796
1002.571823,300,451.518049
662.002953,341,452.206896
289.340386,400,454.168578
-29.643941,300,455.90774
71.426755,341,456.633677
-36.294754,400,458.526067
1030.952474,300,460.304649
507.880168,300,460.973828
542.35161,341,462.664124
-47.193785,400,464.572326
233.298523,1,464.613093
-30.910488,300,465.272081
1028.753918,300,467.038291
391.466806,341,468.906744
1035.644183,300,469.564975
-0.875201,251,471.162865
-53.365326,400,471.961816
-70.185656,154,473.381002
99.774167,341,474.123644
-43.132989,300,475.82791
910.123406,400,477.764327
-8.453351,19,477.827197
913.001243,400,479.826375
233.298523,1,479.865023
224.478864,1,479.902174
1010.525004,300,480.652861
-44.328485,300,482.401288
557.756973,281,483.08667
511.29199,341,484.853669
-83.623672,300,486.558059
227.566608,1,486.59637
414.041532,234,487.120029
229.107728,1,487.157844
360.153868,205,487.600122
423.911277,225,489.182236
646.739622,276,489.820068
120.150064,341,491.517813
279.170666,341,493.336012
-85.734421,300,494.013084
229.678273,1,494.051155
233.298523,1,494.088474
156.743522,341,495.872654
-130.863981,392,497.746717
531.417682,268,498.293342
233.163248,1,498.331794
-112.096219,303,500.969976
20.042116,21,501.041201
344.81925,341,502.804548
662.568347,330,503.518823
125.980036,341,505.280995
227.493043,1,505.319474
850.455311,400,507.222729
-98.013589,300,507.945192
502.486201,300,509.629844
178.266056,341,510.285239
915.153131,400,512.099813
228.62285,1,512.140201
233.298523,1,512.177512
584.613512,341,513.970881
1032.544178,300,514.610577
530.627461,341,516.343489
52.253782,231,517.951466
55.045764,216,518.385725
-60.951555,400,520.409357
246.874738,341,521.065451
-84.159704,217,522.579825
1000.953954,300,523.228487
-39.627051,300,524.902022
-56.686303,400,526.808993
233.298523,1,526.847357
59.056384,341,528.698224
-5.629683,7,528.783355
294.707691,400,529.599441
228.187999,1,529.639834
42.290056,341,531.369871
301.713637,400,533.261676
233.298523,1,533.299787
-24.702901,300,533.896231
229.694474,1,533.934347
96.349899,341,535.663741
38.563399,279,537.368824
47.577315,219,537.841448
894.936532,400,539.859085
-53.253396,300,540.501571
1070.972162,300,542.145048
459.154328,235,542.711973
10.54657,300,544.336449
49.953081,156,544.669773
1028.463172,300,546.330583
294.033459,400,548.239687
14.650221,307,548.839957
453.982517,300,550.568071
136.263558,341,552.406055
55.865434,341,553.064589
333.659911,341,554.792195
570.324359,341,556.519825
397.022138,212,556.941082
233.298523,1,556.979062
-32.765277,300,558.81211
290.07159,400,559.650505
47.238713,341,561.449021
144.011831,341,563.295263
154.695391,341,563.959073
387.821238,209,565.440455
311.087311,400,566.310211
233.298309,1,566.35068
912.970031,400,568.205783
-81.26814,205,569.759775
-42.909294,400,570.574153
596.902294,310,572.40027
462.68548,341,574.204336
290.74537,400,576.055809
110.657983,400,576.937886
-31.509484,300,578.617707
-48.770951,300,579.287106
-43.155325,300,580.960935
288.000431,400,582.813788
1058.040815,300,583.378128
951.164116,300,585.043446
-7.061269,25,585.151872
434.163719,341,587.045181
296.982594,400,587.965631
440.782071,300,589.675063
58.828238,254,591.434715
58.369137,250,591.911442
1067.534747,300,593.692655
-45.963989,300,594.283936
1053.048112,300,596.032498
434.471541,300,596.702722
-60.910017,300,598.441919
1078.265877,300,600.178841
713.410379,341,600.935302
481.86023,341,602.72008
-270.43017,341,604.437169
217.530351,1,604.475903
233.298523,1,604.513281
233.298523,1,604.550182
372.968404,300,605.192636
-64.347229,300,606.913249
83.648681,341,607.581911
233.298523,1,607.620204
899.455383,400,609.44199
-48.523338,300,611.10887
-47.916925,400,613.003245
-43.53418,300,613.556895
664.038426,341,615.357268
412.644121,228,615.805698
43.321281,329,617.584649
441.274827,238,618.050275
-92.820829,341,619.867912
-29.40555,300,621.6074
1089.642716,300,622.221443
-42.37027,300,623.960989
-79.675617,300,624.575248
3.996101,13,624.635806
-54.699319,300,626.336972
-39.160644,300,628.082036
-21.527692,1,628.119775
503.291446,300,628.774982
-90.746357,400,630.676758
3.859218,341,632.464586
66.863736,284,633.123293
562.232722,281,634.822276
-75.886179,300,635.537572
326.370077,341,637.259985
893.169873,400,639.254118
405.953771,218,639.650029
233.298523,1,639.6881
1049.428082,300,641.413809
482.659498,341,642.105823
277.662548,400,643.992632
96.297342,341,645.761482
596.408589,341,647.591477
321.511989,176,648.035145
-18.000343,1,648.072403
339.520949,184,648.475258
40.202828,320,650.201895
971.761951,300,650.923985
294.92079,400,652.777255
-35.314268,300,654.524515
-25.792456,400,656.376771
228.673912,1,656.414846
-31.894693,400,657.292307
-28.098745,30,657.374366
209.405704,341,659.096604
354.803173,197,660.734918
360.202866,341,661.386785
-43.028657,341,663.234822
-7.273976,341,664.96106
-35.343288,400,665.877388
-34.403279,400,667.83115
1059.792185,300,669.46806
-10.543053,341,670.174434
894.104458,400,672.033249
283.143665,400,674.022969
36.326151,276,674.574597
233.298523,1,674.614549
368.860146,341,676.33201
578.173356,341,678.101162
-28.795777,400,679.988421
-23.47433,300,680.708867
-22.392746,400,682.661822
376.060736,341,684.390771
-50.997647,400,685.2248
375.829733,207,686.765586
233.298523,1,686.803467
233.298523,1,686.840431
417.900117,230,687.326197
-15.75558,400,689.262955
500.248287,300,690.987928
233.298523,1,691.027143
386.494438,213,691.525285
467.514361,300,693.269082
-32.877733,400,694.041663
538.888787,341,695.91185
-83.018412,341,697.730099
53.116812,223,698.173081
896.57825,400,699.989536
697.941266,341,701.839352
-9.243284,400,702.70326
-22.20872,9,702.753485
577.259674,300,704.477204
11.636544,341,706.266116
510.297601,341,707.044349
233.298523,1,707.082274
-59.978946,300,708.747686
311.526237,400,710.791263
658.468036,334,711.42883
59.396381,198,712.901147
153.327929,181,713.231712
-60.032227,300,714.901337
-96.602291,400,715.81455
895.789258,400,717.781119
-20.237012,1,717.819799
76.827304,341,719.666115
-62.45989,341,721.511361
460.298809,246,721.97753
367.314836,205,722.483943
378.965248,206,723.978898
-17.500019,5,724.021929
499.541711,341,724.746768
-105.32291,341,726.619723
119.066079,341,728.387304
233.298523,1,728.425443
457.229116,244,728.852137
467.087124,251,730.457555
-19.499963,1,730.495593
300.477209,400,732.346128
963.565596,300,732.900851
132.787661,341,734.707902
-24.155032,400,736.5911
900.127868,400,737.34568
715.72199,363,739.196227
310.391419,400,741.074009
-2.420697,341,742.916
-24.64582,22,742.984046
385.412568,225,743.526117
895.757235,400,745.488024
-67.284289,400,747.44169
56.870605,243,748.048275
608.945783,341,749.872195
404.669607,218,750.371549
233.298523,1,750.409361
436.91422,239,751.978753
-21.317781,400,752.890865
-27.0136,300,754.560965
40.383631,245,755.102069
414.243733,230,756.553169
902.582445,400,758.643306
406.959218,218,759.109808
-58.306096,400,761.033193
-2.887628,400,762.909731
-63.691704,341,763.629202
-15.976212,2,763.667998
292.148302,153,765.052218
415.920831,226,765.491322
226.315737,120,765.808836
734.717567,363,767.611265
539.999509,341,769.338956
-16.778616,341,770.021662
233.298523,1,770.059672
233.298523,1,770.097062
-102.536716,341,771.865142
323.89788,175,772.202657
-23.105206,300,773.875258
-23.074387,9,773.923997
233.298523,1,773.960976
-20.340061,13,774.017739
-18.003137,1,774.054099
897.662304,400,775.912888
233.298523,1,775.951045
-37.087118,300,776.689664
145.483375,341,778.490016
1052.776402,300,780.130749
1065.588406,300,780.724286
-25.251409,24,780.793634
47.361329,265,782.511041
-29.944522,300,783.176389
2.627464,341,784.865875
894.682693,400,786.841497
464.711631,341,787.552431
494.944996,341,789.314595
11.973609,341,791.044027
52.748182,341,791.863524
227.18687,341,793.648176
127.080611,275,795.352333
56.467519,205,795.814736
233.298523,1,795.852668
-9.533806,400,797.808562
1049.732242,300,798.465337
295.869862,400,800.276128
73.58134,227,801.840833
335.142498,203,802.350281
-3.930885,31,802.441733
-50.96352,400,804.476096
4.725234,341,806.204098
53.861783,223,806.569254
-31.007836,341,808.429384
361.645396,341,809.082234
-22.616506,400,810.999736
232.79246,1,811.037807
-22.968939,400,812.991623
227.678648,1,813.029655
-136.061626,341,814.861779
-24.196985,16,814.924219
381.732849,208,815.439206
-36.720173,341,817.247468
53.167695,235,817.844272
137.608755,341,819.598986
-13.82659,10,819.651932
-31.885055,300,820.389273
-100.455484,400,822.213976
233.298523,1,822.25206
380.496,207,823.780833
875.161995,283,824.431428
-194.183751,341,826.202794
233.298523,1,826.240836
233.298523,1,826.277798
-58.072439,400,828.241107
108.994341,341,828.932303
-15.640517,400,830.874792
29.681041,25,830.953597
-22.889986,400,832.908105
33.256644,337,834.633099
333.459511,184,835.051535
-33.251689,300,835.653982
427.476032,241,837.195415
63.067381,261,837.774199
72.989536,269,839.518213
23.773574,341,841.309018
-43.056197,400,842.246087
588.015892,341,843.99563
490.125087,341,845.79038
-25.953507,18,845.861167
885.415692,400,847.866346
542.509121,300,848.539789
292.250326,400,850.410201
72.733523,214,850.877126
359.844597,341,852.657784
439.326808,341,854.382188
3.314825,341,855.036531
-23.770964,400,856.90475
270.827389,341,858.71726
943.215793,300,859.284453
110.705911,267,860.924271
43.460645,341,862.807428
279.144146,341,863.531941
311.627149,400,865.347188
-307.451211,341,867.149533
481.369922,300,867.747571
-233.695625,341,869.560405
60.406917,192,870.019111
5.516926,341,871.841026
444.592776,300,873.579129
-44.741833,215,874.039319
-244.41817,341,875.830671
233.298523,1,875.868931
148.795655,341,876.484907
870.174333,400,878.358447
685.310654,341,880.254038
233.298523,1,880.292312
117.166852,341,881.084627
-20.230794,1,881.125248
912.736827,400,882.952883
-24.330072,400,884.816629
443.604406,239,885.345502
233.298523,1,885.38468
2.493264,341,887.213202
417.699254,300,888.907011
233.298523,1,888.945329
79.738659,271,889.607444
-65.285603,300,891.418025
897.966591,300,892.044027
526.37522,341,893.775016
299.927942,171,894.120066
838.187029,300,895.794101
69.904729,214,896.220992
69.39363,237,897.756865
390.221937,216,898.255981
-86.749861,300,899.929946
-31.2707,300,901.584046
21.059961,20,901.649918
-58.201083,300,902.211174
1061.397392,300,903.976224
-19.446925,1,904.015116
-58.154085,341,904.690512
-39.425874,341,906.452199
-56.292309,300,908.186371
105.605967,341,908.940499
1052.349884,300,910.667742
395.922804,219,911.13413
0.432763,400,913.03023
452.593525,300,914.771499
-17.103448,400,915.641331
456.848047,300,917.307829
233.298523,1,917.347007
-17.149323,400,919.219319
233.298523,1,919.259169
233.298523,1,919.296737
876.595436,400,921.285207
-7.059568,400,922.03317
76.036176,222,923.624188
-125.941626,280,924.26491
476.402636,300,925.907436
-50.789855,300,927.649998
52.200058,341,928.29508
375.911187,209,929.830037
890.265282,300,930.409904
290.8444,400,932.310886
614.272153,341,934.082687
-11.788975,4,934.126024
1049.73417,300,934.806331
406.578405,218,936.38986
-9.249833,341,937.09504
1070.405254,300,938.789717
-25.301134,400,940.658981
481.9092,300,941.208957
-19.392464,1,941.247131
117.046496,341,943.050248
233.298523,1,943.088512
-21.498395,306,944.793612
399.610969,221,945.251586
-17.648005,400,947.208058
-35.731198,300,947.785844
233.298523,1,947.824092
-25.277525,400,949.691273
233.298523,1,949.729555
34.882313,285,951.442122
139.665479,281,952.032397
48.280176,341,953.80032
815.819818,300,955.492627
491.390564,341,956.174845
425.003173,243,957.797431
520.943503,300,958.475258
-76.264697,300,960.202379
45.418725,341,960.845371
508.861543,341,962.641056
413.417337,341,964.471053
112.070742,341,965.184071
309.791201,169,966.612258
574.449886,300,967.226678
-28.659555,300,968.955751
65.380483,191,969.281454
68.922398,233,970.873347
-13.36359,400,972.927197
35.887244,341,973.575477
323.972122,175,975.059837
-24.273642,300,975.740179
331.800366,179,977.21034
-41.47135,200,977.568069
757.07964,375,979.412723
946.370225,300,979.992189
202.297567,341,981.731297
290.719119,341,983.628576
10.004006,341,984.344876
431.945553,230,985.895767
-27.151942,300,986.483161
233.298523,1,986.523223
345.569231,189,987.978464
470.900663,300,988.590002
291.121032,400,990.483954
233.298523,1,990.522101
24.646343,341,992.301034
898.147494,400,993.098467
564.903822,283,994.70081
173.125667,341,996.422403
279.23205,400,997.258866
-81.479953,341,998.977424
369.343458,200,1000.429069
233.298523,1,1000.467117
233.298523,1,1000.504111
107.247054,341,1001.259113
-141.508962,341,1003.03265
636.978372,400,1005.016857
96.804267,341,1005.727055
100.559965,341,1007.535936
-20.271936,1,1007.574583
363.017866,341,1009.352114
-34.449752,300,1010.098758
487.362942,341,1011.901822
-10.073456,55,1012.099094
115.504116,341,1013.919533
233.298523,1,1013.957819
-28.662334,300,1014.50931
264.284511,341,1016.351903
-18.482804,400,1018.190181
233.298309,1,1018.228761
-14.829147,300,1018.814197
233.298523,1,1018.852321
915.847733,400,1020.807437
233.298523,1,1020.845665
-29.893386,300,1022.501166
539.556659,341,1023.14891
-37.190743,300,1024.89789
449.338172,300,1026.61283
79.765425,341,1027.35173
-62.788109,341,1029.132742
-4.863061,400,1031.052261
79.607209,341,1031.73738
233.298523,1,1031.770588
39.794396,341,1033.567592
97.729369,341,1035.308506
58.879728,212,1035.654292
108.245252,341,1037.507816
300.854901,400,1038.346635
233.298523,1,1038.379872
542.908808,341,1040.164644
66.576275,194,1041.701813
895.047463,400,1042.490185
230.126499,1,1042.523546
516.529208,341,1044.253857
905.458197,400,1046.072448
-53.2445,400,1048.063916
-60.518781,300,1048.60971
474.192201,300,1050.320198
-18.15245,400,1051.193309
-35.352744,400,1053.057673
363.561927,195,1054.581897
315.494212,400,1055.332696
37.580915,309,1056.992963
419.0426,223,1057.417272
-42.855217,400,1059.240094
41.24637,288,1060.850844
109.798438,341,1061.499242
-30.808485,400,1063.456839
-35.030713,300,1065.062641
167.665081,326,1065.749772
71.70152,204,1067.250888
-28.997394,300,1067.789371
37.238664,341,1069.572302
897.072231,400,1071.371346
-85.544743,300,1073.018528
-36.946066,300,1073.616974
209.735953,1,1073.651593
-83.336513,84,1073.864067
402.895544,216,1075.365726
-29.183339,400,1076.12433
-20.170272,1,1076.157146
792.795045,300,1077.798259
376.984123,341,1079.512718
507.789833,300,1080.079999
78.973722,223,1081.639838
60.377239,191,1082.050519
-28.284481,400,1083.953402
395.339014,341,1085.816917
-32.611988,400,1086.531609
139.523561,341,1088.321597
396.999234,341,1090.069221
233.298523,1,1090.102427
490.962265,300,1090.657077
291.041996,341,1092.366832
399.446638,207,1092.880962
130.345529,341,1094.709785
475.460767,300,1096.487897
-31.185175,341,1097.192625
525.045193,341,1098.962584
549.12963,341,1100.792791
387.495288,206,1101.194005
162.285741,317,1103.01411
-36.536412,400,1103.824073
4.565465,400,1105.62234
1063.400134,300,1107.302901
914.891319,400,1109.186867
522.817865,341,1109.845397
-51.040243,341,1111.548361
460.009232,341,1113.349579
35.466387,340,1114.05487
193.020852,384,1115.982767
233.298523,1,1116.015668
345.501422,192,1116.478134
233.298523,1,1116.511245
-36.537021,300,1118.182382
-53.88024,300,1118.833641
127.917016,341,1120.599075
300.716823,400,1122.542918
-73.80267,300,1124.194111
298.115092,400,1125.002745
0.809823,341,1126.787025
326.393096,400,1128.69679
396.923292,214,1129.038968
893.879468,400,1130.920403
-18.11191,400,1132.829738
274.773499,341,1133.533116
233.298523,1,1133.570941
72.42596,219,1135.143063
129.305647,341,1135.85408
233.298523,1,1136.964921
-9.088463,400,1137.789406
233.298523,1,1137.827007
31.323085,25,1137.909011
1073.286505,300,1139.588827
-8.015591,7,1139.634807
4.970598,400,1141.503946
926.167886,400,1142.397938
40.957257,306,1144.114983
528.388925,300,1145.803343
79.150413,242,1146.422296
348.110843,286,1148.126595
29.976406,26,1148.211393
932.927342,300,1148.855721
-22.943001,400,1150.873582
-8.865629,400,1152.872052
913.393763,400,1154.764201
152.868145,341,1155.418624
361.563555,195,1156.898528
-22.555124,9,1156.948467
4.174667,45,1157.08777
63.75572,41,1157.185229
55.639734,330,1158.970706
-24.671846,17,1159.032397
-23.632308,300,1159.763843
221.445745,319,1161.519764
-50.346103,341,1162.220852
233.298523,1,1162.259059
232.615016,1,1162.296471
233.298523,1,1162.333692
134.521401,341,1164.09024
70.717716,341,1165.854639
-5.63003,7,1165.904102
233.298523,1,1165.94129
-17.781413,400,1168.051319
776.853722,264,1168.663712
67.017301,219,1170.178786
-182.186872,371,1171.023833
218.67228,1,1171.061297
233.298523,1,1171.098563
504.026786,300,1172.919762
58.031849,341,1174.869249
110.693396,257,1175.460157
-13.180928,11,1175.515387
-13.376345,12,1175.571986
434.387765,234,1177.169264
-43.064581,400,1178.091172
-17.947719,1,1178.129763
-41.745399,400,1180.006498
-15.446877,400,1182.000191
229.763129,1,1182.037893
95.013368,341,1183.907599
233.298523,1,1183.945265
-26.542295,300,1184.661084
97.202208,341,1186.480498
-71.210395,400,1188.365682
-29.261088,25,1188.438073
914.812265,300,1189.03039
-31.886637,400,1190.9026
341.800669,341,1192.813108
-24.911827,17,1192.874362
558.96333,300,1193.469659
-221.014303,400,1195.312696
894.834683,400,1197.274018
233.298523,1,1197.311744
437.028261,237,1197.814285
40.837322,341,1199.867886
291.276551,400,1201.748939
61.015646,341,1202.436686
233.298523,1,1202.474478
570.707874,300,1204.18062
105.542701,341,1205.946886
552.761118,300,1206.613152
118.079621,341,1208.514294
1.010768,341,1210.369127
-36.526961,400,1211.289157
852.179208,300,1212.967752
-17.520023,4,1213.009574
83.46205,341,1214.838967
125.596061,341,1215.59508
158.835123,310,1217.426776
496.388231,341,1219.23862
121.447893,248,1219.759336
233.298523,1,1219.796721
-36.099044,400,1221.708986
-62.111794,400,1223.664302
230.602924,341,1224.494784
141.467075,341,1226.271779
854.83742,300,1227.975386
300.004529,341,1228.730042
257.902706,341,1230.515846
59.836667,204,1231.070609
30.994937,341,1232.83467
-41.203184,400,1234.756263
-17.313053,400,1236.755613
65.800067,198,1237.159446
-45.690538,300,1237.852772
141.987979,341,1239.620569
23.113145,21,1239.694035
-31.732519,38,1239.798936
1019.460385,300,1241.493453
336.725373,341,1243.285988
3.315109,11,1243.34029
-154.788037,176,1243.809824
422.548652,341,1245.716724
461.981108,341,1246.368
-113.490965,300,1248.067642
561.065051,341,1248.755464
42.967922,31,1249.914891
960.371482,300,1250.582754
286.908766,400,1252.528708
56.152683,341,1254.29909
-140.686913,166,1254.664413
399.86438,341,1256.425144
97.031146,341,1257.146003
-74.218552,400,1259.004026
580.094809,300,1260.686817
75.001458,341,1261.465866
55.298903,341,1263.298458
-121.893554,300,1263.945606
535.208547,341,1265.703069
-285.546216,341,1267.528893
-121.064536,341,1268.288148
914.9985,400,1270.136937
386.600997,284,1271.798442
-7.100016,299,1272.518639
-128.98026,190,1274.029037
286.292605,400,1275.965676
554.850621,341,1276.62305
470.505164,341,1278.365263
288.377387,400,1280.27661
902.597706,400,1281.104125
349.710269,187,1282.60113
482.549506,341,1283.286506
519.702355,341,1285.15405
78.705411,223,1286.824151
411.281613,219,1287.185297
123.904356,341,1289.096823
233.298523,1,1289.134449
7.55708,13,1289.190542
6.567229,341,1289.955141
-22.790683,8,1290.002891
337.63162,182,1291.441511
325.747435,400,1293.449573
55.989485,283,1294.155659
427.067323,233,1295.849805
-12.390344,15,1295.910071
427.144288,341,1296.711536
200.511931,386,1298.622211
233.298625,1,1298.661891
42.857172,332,1300.481993
-38.578869,400,1301.257445
233.298523,1,1301.295488
64.048967,341,1303.206614
290.222685,158,1303.678224
880.10256,400,1305.532589
217.41092,1,1305.572859
-112.233442,300,1307.394943
424.247397,229,1307.88453
416.965351,226,1309.521154
-9.424642,21,1309.624809
-13.099316,400,1310.492965
233.99161,1,1310.530837
896.632651,400,1312.598472
488.080292,300,1314.267627
491.815427,341,1316.080457
-45.252649,400,1316.897036
469.750327,341,1318.798053
513.205006,341,1320.663747
439.787182,290,1321.229971
233.298523,1,1321.267667
-51.173944,22,1321.34081
355.788632,254,1323.082802
-20.292917,1,1323.120721
-70.203429,300,1323.802567
349.777815,341,1325.602016
590.571124,300,1327.397882
67.348422,195,1327.910918
76.239222,224,1328.481956
504.743623,341,1330.264144
36.336842,400,1332.25269
233.298523,1,1332.290238
82.379745,240,1332.715012
-101.809889,300,1334.497069
341.99918,183,1334.845893
41.463543,29,1334.935438
372.724327,341,1336.780611
-53.948614,300,1338.606485
233.298523,1,1338.645188
579.55295,300,1339.219709
-37.761555,300,1340.895684
312.102866,168,1341.340076
233.298523,1,1341.377753
130.015765,341,1343.1833
328.319826,220,1343.772012
-19.007036,2,1343.810964
304.255264,400,1345.826019
35.424004,27,1345.939029
128.021587,341,1347.723423
1065.979736,300,1348.35478
601.052934,300,1350.071024
500.677872,341,1351.763051
-15.986408,8,1351.810099
-11.44698,14,1351.868686
218.949984,115,1352.252979
-106.852137,300,1352.93923
-19.499866,1,1352.976322
353.766935,192,1354.528652
212.380012,1,1354.566236
-20.340647,2,1354.604411
58.203834,208,1355.158436
323.648904,175,1355.584694
-27.847432,25,1356.738359
60.281119,330,1357.56346
296.446787,400,1359.503406
418.150112,341,1361.269983
454.0048,341,1361.886507
309.71542,400,1363.755529
-22.924332,12,1363.810312
296.467919,400,1365.818808
370.884808,211,1366.240337
-106.248557,300,1367.939837
-6.57366,26,1368.021976
526.296955,341,1369.956306
391.318998,208,1370.473102
1070.871341,300,1372.170931
-16.279621,6,1372.215621
77.688211,243,1372.72017
-25.515761,400,1374.598656
66.786187,198,1375.031726
444.697976,341,1376.870946
-48.193277,300,1377.588863
-12.007241,4,1378.704157
57.934353,218,1379.266417
-98.949101,300,1381.001536
233.298523,1,1381.03917
534.30062,300,1381.72159
281.725758,400,1383.613763
-23.045797,400,1385.503863
-19.469245,1,1385.541554
54.187431,35,1385.627594
37.462894,28,1385.740861
360.980661,341,1386.514678
134.003639,280,1388.189021
-25.897874,400,1390.100595
914.483275,400,1392.040195
233.298523,1,1392.078189
141.745859,341,1392.840467
-91.056086,300,1394.679092
369.240545,197,1395.110899
436.330811,236,1396.76683
233.298523,1,1396.804266
315.135382,341,1397.528474
-68.396127,300,1399.349838
520.431616,300,1400.988766
-52.538179,233,1401.445861
312.325834,400,1403.364834
386.181755,341,1404.134033
-8.299182,400,1405.986322
426.871458,228,1407.463073
428.920722,228,1407.909043
-12.836264,400,1409.883413
-6.324599,30,1409.964971
1062.281184,300,1411.737861
233.298523,1,1411.77635
375.859742,200,1412.326895
74.824147,213,1412.907172
484.488401,341,1414.698056
510.35196,341,1416.546273
407.648524,216,1416.977001
407.008812,218,1417.445872
-91.829204,300,1419.167907
452.834751,341,1420.894755
-60.522063,341,1421.739323
-26.915375,400,1423.590965
148.923104,309,1425.310842
-107.562982,300,1426.052487
233.298523,1,1426.090066
51.062021,341,1427.865124
116.933369,266,1429.546134
307.496845,400,1430.307944
-66.233414,300,1431.976129
896.06806,400,1433.923341
244.863839,1,1433.961341
233.298309,1,1433.998877
233.298523,1,1434.036057
492.082385,341,1434.900769
55.859053,286,1436.522921
136.701244,341,1438.326424
900.765923,400,1439.17709
-84.624753,300,1440.914363
233.298523,1,1440.952249
233.298523,1,1440.989408
645.996487,326,1442.818924
75.658368,233,1443.345749
-41.169923,300,1445.062737
85.772707,341,1445.755621
389.007257,210,1447.242928
-3.907197,26,1447.316198
532.583862,341,1448.153573
49.619673,261,1449.756197
-40.572997,300,1451.589713
-20.067877,1,1451.626572
-17.947695,1,1451.664232
71.845134,215,1452.168933
369.441092,199,1452.629339
401.822223,219,1454.128444
68.145449,222,1454.853148
495.027209,300,1456.449998
-9.697206,341,1457.38506
915.661302,400,1459.389333
125.504092,341,1461.142695
143.361691,341,1462.996866
61.822738,222,1463.581764
-27.240122,300,1465.337829
1.174364,10,1465.388097
292.281324,400,1466.341247
53.17119,308,1468.076504
348.078885,187,1468.492806
456.475723,341,1470.24133
233.298523,1,1470.279608
405.563768,215,1470.813269
233.298523,1,1470.8512
135.978786,341,1472.592735
43.83383,293,1474.345118
895.573539,400,1475.161777
297.52023,400,1477.027547
-21.467569,300,1478.733298
20.223655,20,1478.797959
432.408201,230,1479.29109
477.244679,300,1480.999398
894.622941,400,1482.923419
177.707543,341,1483.623659
295.329205,400,1485.549199
233.298523,1,1485.587012
62.951379,240,1487.206322
1001.810878,300,1487.775186
-64.580601,300,1489.525879
147.721762,341,1490.280006
343.671435,341,1492.022076
-20.609416,5,1492.065145
171.784385,341,1493.916748
-54.660637,400,1495.7442
40.366898,400,1496.490129
-21.688619,1,1496.527827
-15.895883,2,1496.567617
42.505979,400,1498.46543
-46.035508,336,1500.185389
52.547136,313,1500.801591
-0.6983,300,1502.484929
143.912516,341,1504.351321
-6.599121,300,1504.910024
43.471847,341,1506.700116
55.402036,400,1508.65446
-11.967396,13,1508.744187
1068.651041,300,1509.439373
136.184623,310,1511.169219
233.298523,1,1511.206656
480.944885,341,1513.06112
156.412196,305,1513.690602
69.870944,276,1515.323231
538.55443,300,1515.983216
531.964345,300,1517.577711
-26.344205,300,1518.224674
122.90329,341,1519.993163
880.832624,400,1521.918024
-88.583485,160,1522.199086
-19.935785,300,1523.946582
893.351267,400,1525.80367
341.038358,341,1526.527091
531.989929,341,1528.287493
198.128899,105,1528.509295
896.30535,400,1530.398452
-16.014717,4,1530.476873
-61.129628,400,1532.409176
79.524789,341,1533.22874
-15.485146,300,1534.941425
74.567421,274,1536.570138
-77.102675,300,1537.296283
-90.426411,300,1539.014307
29.57279,400,1539.833617
313.792988,172,1541.274836
-30.027755,300,1541.903325
227.582493,1,1541.941067
-9.402563,5,1541.98402
110.161008,239,1543.595817
74.99403,225,1544.132377
55.341362,400,1545.980256
510.848125,300,1547.676758
-26.54028,22,1547.745004
-35.446036,400,1548.558888
351.861418,191,1550.063197
894.00333,400,1551.964198
26.452812,400,1552.885141
214.176311,1,1552.923055
446.228051,237,1554.566849
447.96135,239,1555.152715
-18.997536,2,1555.190796
-84.979642,300,1556.916345
228.399075,1,1556.953963
728.936972,361,1558.829597
311.545443,400,1559.620709
291.761334,400,1561.48575
-81.780029,300,1563.215351
72.856641,341,1563.907767
1076.399471,300,1565.660379
-12.683425,21,1565.761918
926.075216,400,1567.67799
389.392505,207,1568.114327
120.362516,277,1569.793648
70.414002,307,1570.43605
115.532862,341,1572.25937
514.271009,341,1573.974299
896.276654,400,1575.873359
-20.383292,1,1575.911442
913.880848,400,1576.723289
-15.008049,400,1578.568417
396.886091,215,1580.097529
518.818783,341,1580.851628
329.934518,177,1582.378076
-28.59337,34,1582.465687
361.398617,198,1582.895959
459.166444,300,1584.680466
233.298523,1,1584.718009
194.22632,393,1585.577768
91.028158,341,1587.337715
-35.266908,300,1589.093174
-70.017699,300,1589.81035
554.537833,341,1591.664359
24.626287,400,1593.644813
420.041085,227,1594.1249
147.158236,341,1595.91328
421.057004,225,1596.530086
286.733785,341,1598.403187
233.298523,1,1598.441057
423.284585,300,1599.179835
1060.288673,300,1601.023577
63.586391,294,1602.68334
233.298523,1,1602.720735
378.500066,341,1603.504693
-5.05711,27,1603.623812
42.558202,400,1605.584144
-17.782019,4,1605.626685
1068.234807,300,1607.323838
-43.55795,300,1607.919737
233.298523,1,1607.957494
441.252846,341,1609.696133
445.672711,341,1611.513792
233.298523,1,1611.554658
-10.349658,19,1611.618372
-70.331754,300,1612.431812
-14.988095,12,1612.485075
903.998267,400,1614.396587
1065.46849,300,1616.062378
233.298523,1,1616.099994
-81.443843,300,1616.702778
492.924133,300,1618.478679
141.116157,341,1619.231203
-41.15483,400,1621.180064
233.298633,1,1621.217926
78.16718,250,1622.881587
-19.499984,1,1622.918348
-140.491676,341,1623.68795
341.957421,184,1625.149298
546.119322,300,1625.789288
102.78921,341,1627.526763
150.769962,341,1629.341636
-11.138523,29,1629.458313
233.298523,1,1629.495848
176.763254,341,1630.252996
-25.273495,26,1630.334073
-68.748891,300,1632.040671
4.71542,400,1633.897392
285.054772,341,1634.598659
508.960282,341,1636.388631
-67.390438,300,1638.123149
761.982073,262,1638.746319
-13.820905,10,1638.7991
19.426532,400,1640.675683
485.112632,341,1642.541608
36.080197,28,1642.620527
228.408459,1,1642.661179
233.298523,1,1642.698867
151.520642,341,1643.451132
-50.076096,341,1645.257819
152.511372,346,1647.077039
227.213111,1,1647.114831
215.795334,1,1647.152251
-20.232735,1,1647.1904
101.492445,341,1647.970188
233.298523,1,1648.007991
-75.379639,300,1649.747631
50.889174,341,1651.496881
-50.261198,20,1651.560425
99.985815,341,1652.372159
-68.629061,300,1654.026899
699.422753,346,1655.928557
1078.242626,300,1656.539431
-30.209941,400,1658.464081
233.298523,1,1658.503854
-70.622738,300,1660.131742
335.83291,181,1660.614152
39.245672,29,1660.738634
-13.842068,3,1660.779506
118.878729,341,1662.521503
233.298523,1,1662.561255
-324.376254,341,1663.268743
43.076344,400,1665.257956
233.298523,1,1665.295676
146.522437,341,1667.146621
-48.474971,300,1667.897481
497.966171,341,1669.762248
462.814325,300,1671.496811
294.316718,400,1672.273887
138.960977,341,1674.072402
2.579687,11,1674.125434
363.870767,195,1675.622625
314.386939,400,1676.477521
233.298523,1,1676.51553
-5.207041,7,1676.562207
-31.184463,400,1678.547353
233.298523,1,1678.587387
897.871039,400,1680.510789
1059.319612,300,1681.040978
119.18432,341,1682.758868
-20.16994,1,1682.797363
66.995914,341,1684.573006
-105.98495,341,1685.318454
112.864165,255,1686.879639
-20.173559,1,1686.916636
22.069085,22,1687.026856
414.570017,227,1687.534035
33.376813,26,1688.690845
451.276426,242,1689.231422
522.049421,341,1691.060853
233.298523,1,1691.098727
20.916482,400,1691.835688
-20.104424,1,1691.872589
233.298523,1,1691.910244
902.647908,400,1693.941532
-32.983758,43,1694.058301
312.687776,335,1695.847811
233.298523,1,1695.88545
30.756384,400,1697.868252
127.135776,341,1698.636108
309.197942,301,1700.377473
371.389015,200,1700.849095
87.121861,341,1702.635298
70.714836,216,1703.127248
233.298523,1,1703.16487
357.83624,341,1704.897212
-61.823193,300,1706.557491
393.59421,201,1706.996396
233.298523,1,1707.033869
49.45201,341,1708.95791
-46.55659,300,1709.658406
394.877867,207,1711.170599
1.334114,341,1712.051251
119.617747,233,1713.602538
112.038334,214,1714.019402
43.613535,400,1715.890231
151.368895,341,1717.673081
132.059404,341,1718.403098
396.887645,215,1719.937527
129.458697,341,1721.768119
12.798066,400,1722.660242
1052.078853,300,1724.257803
-20.238199,1,1724.296272
363.93893,196,1724.802726
-26.114947,33,1724.895068
-58.943192,300,1726.556931
-14.113489,400,1728.42283
138.261717,341,1729.221975
427.937428,228,1730.752006
518.032845,341,1731.445325
378.944454,204,1733.059627
890.776491,400,1735.003822
416.453217,222,1735.402775
600.944136,341,1737.118336
64.005117,309,1737.75687
-34.057275,400,1739.69532
572.149775,341,1741.455117
-7.371059,25,1741.600016
-60.105144,300,1742.234418
306.61425,341,1744.057402
-64.478722,300,1745.701457
107.576679,341,1746.522661
628.704425,321,1748.295396
891.649272,400,1750.220076
1051.961751,300,1750.918766
-70.937555,300,1752.574173
247.9428,130,1752.837102
-62.803298,258,1754.523624
138.12929,315,1755.101533
400.781099,300,1756.759256
114.334206,341,1758.479915
-60.819716,300,1759.105285
233.298523,1,1759.142911
896.898727,400,1761.089816
52.62517,36,1761.297392
1064.479886,300,1763.079103
-28.248973,300,1763.78588
128.871195,341,1765.52147
1054.952954,300,1766.11584
53.49457,255,1767.809546
101.471229,341,1769.597095
375.951507,300,1770.155721
-18.000414,1,1770.192845
116.354214,341,1771.921649
1055.27172,300,1772.582155
-115.300366,290,1774.290802
-52.098179,72,1774.475239
144.693501,341,1776.253031
142.718444,341,1776.960276
233.298523,1,1776.998081
209.644612,1,1777.035614
893.923272,400,1779.007296
155.878381,341,1780.791122
417.820905,226,1781.278512
58.374673,312,1783.019062
-28.480769,31,1783.111718
-15.998627,2,1783.149997
49.479616,238,1783.694749
233.298523,1,1783.732303
233.298523,1,1783.769548
385.190736,207,1785.362394
290.654319,400,1787.345836
567.931922,341,1788.013714
-17.997128,1,1788.051024
179.143673,370,1789.938934
-15.999063,2,1789.977191
-4.453556,400,1792.071383
233.298523,1,1792.109148
-26.065829,33,1792.205046
163.608526,341,1793.971208
111.194346,341,1794.598821
-28.451988,233,1796.149524
41.621586,232,1796.64376
436.13913,235,1798.224334
1071.188436,300,1798.81166
391.815312,300,1800.542047
214.084418,1,1800.580423
33.25245,341,1801.249059
893.210671,400,1803.260144
30.041483,400,1805.101768
49.635818,400,1806.944859
304.296394,166,1807.324935
411.499324,300,1809.093747
-14.363597,400,1809.867848
272.2407,156,1811.31426
-53.565919,241,1811.856287
443.586735,341,1813.582709
420.69855,300,1815.239904
573.452015,341,1815.931227
233.298523,1,1815.968898
-11.998011,4,1816.010016
306.087692,168,1817.484584
1072.882715,300,1818.16817
-16.685286,6,1818.216378
65.288543,341,1820.039879
145.345643,341,1820.837925
374.390782,201,1822.321471
36.984635,313,1823.113349
-27.274168,24,1824.253158
220.017971,1,1824.290634
-7.604206,400,1825.246641
304.450318,400,1827.232354
124.238167,290,1828.997075
143.701865,341,1829.742111
901.720008,400,1831.642694
479.164161,341,1833.486331
478.391647,341,1834.130951
141.932625,341,1835.960508
1062.890132,300,1837.578796
-33.794403,9,1837.628494
49.801551,34,1837.726118
-7.458987,341,1838.551629
399.097949,300,1840.31848
10.076968,15,1840.380824
129.929305,341,1842.150381
387.441432,341,1842.875791
129.082467,341,1844.644108
914.969968,400,1846.757028
417.487066,227,1847.248894
43.413027,400,1849.274416
883.581148,400,1851.247628
1057.023573,300,1851.833931
-7.784949,6,1851.878282
-5.027761,29,1851.967015
-18.000611,1,1852.003473
233.298523,1,1852.040877
-35.520464,400,1853.881089
1071.43076,300,1855.625883
-10.53525,1,1855.664314
133.690095,341,1857.489448
51.098065,252,1857.972307
-120.989584,276,1859.63612
890.702263,400,1860.498892
233.298523,1,1860.538371
-30.302205,300,1862.306673
54.209086,40,1862.403318
-15.172683,11,1862.460353
68.84756,400,1864.538775
1075.178459,300,1865.205283
366.291351,341,1866.929926
69.021566,218,1867.366166
-4.229678,300,1869.063392
370.506194,341,1870.816839
292.586962,266,1871.433279
512.892715,341,1873.176103
-12.363482,15,1873.238835
-9.981542,5,1873.283028
233.298523,1,1873.320248
402.191366,219,1873.851988
49.85433,271,1875.491675
513.556286,341,1877.329971
2.063502,11,1877.381465
139.122566,341,1878.123785
362.092068,196,1879.645278
447.124716,341,1880.376577
318.450447,341,1882.125211
641.703231,324,1883.908075
-9.014199,18,1883.969811
364.992536,341,1884.789224
233.298523,1,1884.826835
219.233037,115,1886.12906
-19.447006,1,1886.167064
138.395812,341,1887.036873
-9.403469,5,1887.081248
136.759768,341,1888.877827
141.52189,341,1890.592662
35.724627,220,1891.063129
-104.185892,206,1891.518363
-18.998051,2,1891.556896
38.853983,400,1893.393221
337.196821,286,1895.100068
1009.907257,300,1895.765301
233.298523,1,1895.803009
233.298523,1,1895.840253
-15.964646,8,1895.887492
1046.361896,300,1897.649534
1077.282309,300,1899.277255
-118.194915,250,1899.829484
233.298523,1,1899.867224
384.747498,300,1901.671587
136.337629,341,1902.327595
1068.789935,300,1903.977998
234.79416,1,1904.016096
42.729031,319,1904.835821
136.397604,341,1906.687447
33.913686,294,1908.349819
434.072971,231,1908.877285
123.724153,341,1910.559103
1072.665781,300,1911.157713
373.773245,199,1912.628428
121.453761,341,1913.373241
57.988482,400,1915.324117
-20.06647,400,1917.294175
44.92881,400,1919.214653
135.735466,341,1919.952397
38.276422,263,1921.603909
-23.109618,400,1923.549716
45.653011,259,1924.076156
-30.529803,32,1924.171231
67.117023,341,1925.911127
376.732863,207,1926.536987
233.298523,1,1926.575623
19.970352,341,1928.330256
134.159809,341,1930.118486
128.339187,261,1930.615302
-17.985731,6,1930.660279
-11.789467,4,1930.703098
-29.360225,36,1930.839282
755.652095,380,1932.781033
-17.404327,5,1932.825277
-22.130284,300,1934.587214
-17.017003,300,1935.25465
134.277166,341,1936.999487
783.576469,385,1938.853641
-24.880724,400,1939.789909
116.448964,341,1941.507672
397.616278,211,1943.072865
15.953529,341,1943.725688
393.708627,300,1945.499712
2.032535,11,1945.55196
57.145698,341,1946.327577
-28.105526,49,1947.507274
-28.534359,26,1947.618299
141.413411,341,1948.39226
-20.987392,11,1948.446244
233.298523,1,1948.483688
888.962696,400,1950.39075
106.945736,341,1952.181685
893.213568,400,1954.067417
233.298523,1,1954.105181
68.759889,209,1954.534629
1059.326732,300,1956.230042
291.265545,300,1956.822319
20.345046,400,1958.79524
-8.96198,48,1958.902655
55.125122,341,1960.714014
1078.696244,300,1961.332132
219.807692,1,1961.370395
133.80374,341,1963.164
-2.104446,300,1963.787414
1012.026656,300,1965.442523
334.692217,183,1965.885864
63.711166,400,1967.762771
396.886489,300,1969.561882
-54.402817,300,1970.155859
-25.75235,14,1970.213961
144.317311,341,1971.889863
500.86955,341,1973.744133
-15.173957,300,1974.533019
-47.131939,300,1976.218011
115.756625,341,1978.015915
-16.55638,400,1979.000877
-32.193216,400,1980.834925
233.298523,1,1980.872539
48.463544,34,1980.967727
290.856972,400,1982.879128
233.298523,1,1982.916882
-102.395055,227,1983.402307
131.509446,341,1985.118987
-13.530017,300,1986.806715
133.963426,341,1987.546456
-20.136928,400,1989.483876
233.298523,1,1989.521891
-118.028175,279,1991.222938
-10.038272,18,1991.32361
11.688451,157,1991.729406
233.298523,1,1991.766995
120.715404,341,1993.567947
-38.305159,12,1993.620903
-66.953991,341,1994.381462
111.123935,341,1996.117175
131.920247,291,1997.859113
-24.689616,19,1997.923774
-16.900341,5,1997.966197
436.337218,300,1998.711405
233.298523,1,1998.751592
-44.54973,217,2000.249646
120.229759,341,2000.931126
652.728592,325,2002.659465
126.991151,341,2004.354828
474.847435,341,2005.266044
230.26945,341,2007.087785
233.298523,1,2007.125597
892.847949,400,2009.065264
461.157653,245,2009.684455
881.664176,400,2011.697942
113.185119,341,2013.5139
165.70259,341,2014.303831
75.640861,302,2016.106055
141.277315,341,2017.85847
233.298523,1,2017.896322
-21.083876,300,2018.572875
282.981604,157,2020.028314
-34.108328,166,2020.381907
233.298523,1,2020.419411
-27.343199,30,2020.543331
-30.990867,156,2020.97321
296.095571,400,2022.838229
233.298523,1,2022.876362
478.784086,300,2024.666617
303.975379,400,2025.418551
-20.17067,1,2025.455983
-25.232224,300,2027.16821
-19.380492,300,2028.868989
1064.339856,300,2029.517611
-40.036198,300,2031.228651
7.105199,400,2032.055194
-24.171305,17,2033.182367
902.790778,400,2034.198687
29.309293,400,2036.094645
673.151801,341,2037.799659
233.298523,1,2037.837419
645.875056,327,2038.542255
514.050781,341,2040.26073
316.96853,222,2040.734506
286.723368,400,2042.618164
113.628754,341,2044.371599
535.431588,277,2045.040062
44.1956,32,2046.184324
478.221789,300,2046.863964
-37.885954,400,2048.73825
503.350041,300,2049.449228
12.239228,202,2050.949734
75.919174,251,2051.47161
43.199455,400,2053.452381
503.489637,341,2055.146723
160.676122,341,2055.866891
-31.135441,300,2057.499354
320.387011,400,2059.431211
367.606568,341,2061.292615
233.298523,1,2061.330368
414.581691,224,2061.90447
315.471247,170,2062.287635
-14.005313,4,2062.330468
577.957096,294,2064.162848
233.298523,1,2064.200632
-18.816467,400,2066.209915
-10.914647,400,2067.096341
58.777344,400,2069.004187
187.847926,359,2070.796802
207.83955,1,2070.834658
49.14664,249,2071.318033
73.211119,310,2073.102911
46.622514,311,2074.850443
60.506846,341,2075.529849
-15.761961,2,2075.568133
-6.690984,26,2075.649682
71.613199,290,2077.427798
351.503616,192,2077.917043
510.085023,341,2079.672141
233.298523,1,2079.710104
65.668609,186,2080.124336
18.073713,19,2080.193677
-22.445089,10,2080.246148
-22.528722,400,2082.206784
114.137996,341,2083.965351
129.647621,341,2084.782888
63.912591,191,2086.237421
226.334267,1,2086.275424
68.745142,400,2088.235444
-12.253536,14,2088.295
435.460466,221,2088.780556
349.737162,187,2089.22056
233.298523,1,2089.258614
168.614623,341,2091.075999
513.252874,300,2092.767623
308.263491,167,2093.194441
346.609558,192,2093.645891
1071.008739,300,2095.307823
68.84917,292,2096.908437
484.595554,300,2097.5248
51.29598,204,2099.011915
504.024835,254,2099.541835
-31.324348,300,2101.290876
-98.857196,249,2101.849294
-10.001845,6,2101.895313
-20.937032,4,2101.938119
259.281843,284,2103.616696
-20.809492,300,2104.290618
-20.363032,2,2104.329034
387.953508,209,2105.882514
58.095578,400,2106.742184
116.032375,341,2108.521266
381.652312,204,2110.065654
129.68618,341,2110.713576
-46.816643,400,2112.670709
74.269676,296,2114.349218
233.298523,1,2114.389746
81.504581,400,2115.340153
53.612801,129,2116.692049
-27.382405,29,2116.773317
128.057019,341,2117.666683
-14.347573,300,2119.355633
-9.970025,300,2120.067368
4.450091,12,2121.182105
233.298523,1,2121.219523
397.411884,227,2121.7303
-14.436512,11,2121.785847
-20.173025,1,2121.822452
65.581461,400,2123.75738
2.060704,11,2123.808899
-32.91559,48,2123.959033
27.997601,341,2125.765619
150.812316,341,2126.479091
300.379271,400,2128.44451
-58.781051,115,2128.721961
233.298523,1,2128.759642
432.907495,230,2130.301361
-8.397771,26,2130.376095
233.298523,1,2130.41557
943.245126,300,2131.071194
-42.773637,400,2132.95992
55.018306,400,2134.88623
440.064808,341,2136.780679
-25.775369,300,2137.524783
-20.543388,11,2137.61234
897.550034,400,2139.590716
426.976256,229,2140.080391
287.879822,400,2142.021558
-18.002475,1,2142.058516
210.035953,1,2142.095953
-21.306485,6,2142.140182
229.755204,1,2142.177444
132.533621,341,2143.983031
77.160075,304,2144.64872
486.744541,341,2146.417065
489.843891,300,2148.137127
-37.179217,400,2148.915377
109.961992,341,2150.624967
-38.975265,400,2152.547407
531.367901,341,2154.328803
-5.598493,28,2154.446196
21.020531,341,2155.241139
233.298523,1,2155.278876
-29.422491,300,2156.956908
125.166667,341,2158.765157
529.973423,341,2159.414408
285.86043,400,2161.265987
699.103175,345,2163.034721
293.357564,400,2163.937922
378.324136,239,2165.496002
-9.403036,5,2165.539687
402.65488,221,2166.011496
66.843367,400,2167.906172
417.226231,224,2169.49329
283.734543,400,2170.319801
-25.869081,341,2172.085432
-4.050067,300,2173.843562
493.644561,341,2174.51933
233.298523,1,2174.556937
363.687382,196,2176.048152
293.979782,400,2176.977209
61.42562,193,2178.47124
385.067606,205,2178.844819
147.445933,341,2180.594439
-16.919983,341,2182.339293
-6.619884,300,2183.205159
412.024622,213,2184.739548
315.284125,400,2185.584265
-47.748834,400,2187.560772
-17.89082,1,2187.597575
429.931105,231,2189.158987
26.012774,341,2189.840414
899.356632,400,2191.823328
494.184411,341,2193.61768
467.589597,341,2194.393627
233.298523,1,2194.431574
435.063534,233,2196.043805
669.444219,341,2196.740148
413.146956,300,2198.389198
486.331234,341,2200.137822
535.49547,274,2200.860154
151.730708,341,2202.612166
693.499648,341,2204.431585
4.001024,12,2204.485346
233.298523,1,2204.522572
151.502128,341,2205.315941
577.351364,341,2207.068943
233.298309,1,2207.107038
545.824142,341,2209.016613
1062.943184,300,2209.651412
-19.590278,300,2211.322078
1047.782464,300,2211.988357
1058.549844,300,2213.719215
567.286798,284,2215.52637
217.505769,116,2215.73316
742.645626,374,2216.590626
-29.073678,300,2218.314398
152.207479,341,2220.077287
-22.771533,300,2220.742591
146.22788,341,2222.547694
456.88887,255,2223.073112
-28.675269,300,2224.730828
492.539824,341,2226.448886
400.544398,227,2226.928711
86.489158,341,2228.734947
494.369575,341,2230.457217
1052.271593,300,2231.055485
-23.472179,300,2232.763756
233.298523,1,2232.801373
233.298523,1,2232.838714
-100.12115,200,2233.294912
233.298523,1,2233.332456
140.300139,284,2235.041377
533.374829,275,2235.62695
97.453425,341,2237.538517
-61.403009,400,2239.518754
233.298523,1,2239.558517
429.654278,300,2240.202055
146.535349,341,2242.010093
146.846854,341,2243.890466
-16.314339,7,2243.936539
31.067207,400,2244.871252
397.301726,341,2246.60258
104.719229,341,2248.352242
233.298523,1,2248.391833
441.488559,188,2248.741
228.953106,1,2248.778879
97.259572,341,2250.611287
132.650369,341,2251.374406
69.456823,44,2251.519819
233.298523,1,2251.557612
171.258474,341,2253.357538
99.789874,341,2255.145117
-21.970115,2,2255.185074
-48.544071,300,2255.94305
233.298523,1,2255.98069
312.527188,400,2257.884677
-26.542656,26,2257.968343
898.150218,300,2259.65545
-11.96673,13,2259.709618
12.43048,341,2260.481039
-42.874244,300,2262.137996
312.920077,400,2264.013144
-45.374431,400,2266.030752
359.916597,201,2266.441385
69.589631,237,2267.026628
342.599908,196,2268.565224
-95.705345,300,2269.245973
-41.370112,300,2270.940455
354.963535,206,2271.282577
311.270847,400,2273.232605
295.100475,400,2275.15271
358.35515,204,2275.689733
350.523913,190,2277.10965
233.298523,1,2277.149253
159.323712,341,2277.964477
15.223302,400,2279.84235
-25.268744,19,2279.908595
348.256854,190,2281.390682
493.57168,300,2282.063253
-47.936484,300,2283.820776
424.658658,226,2284.298541
-48.107528,217,2285.841515
73.561763,246,2286.348903
-53.977243,200,2287.864066
333.165772,184,2288.244041
-40.427331,300,2288.95076
-34.349257,300,2290.649611
46.732566,400,2292.536936
-49.658307,300,2293.306837
337.979685,187,2294.816442
130.418704,341,2295.578018
319.928487,178,2297.051001
298.465728,400,2299.042367
-24.934617,300,2299.66929
346.356053,187,2301.226796
-37.332247,41,2301.402327
233.298523,1,2301.441871
-20.409024,1,2301.478506
69.956151,249,2302.14115
528.393505,341,2303.879678
216.367437,1,2303.917662
584.208856,341,2304.680039
711.45505,352,2306.553863
382.174975,219,2308.092146
525.699785,341,2308.837378
810.109001,278,2310.491668
22.763612,400,2312.518152
902.604379,400,2313.379553
-20.343622,2,2313.418887
404.822521,219,2314.949025
2.347687,11,2315.000264
45.355148,115,2315.228986
355.61701,195,2315.74471
233.298523,1,2315.782247
78.597595,266,2317.467364
444.928093,231,2317.997082
85.0036,281,2319.674795
233.298523,1,2319.712408
230.064651,1,2319.749656
131.22303,341,2321.565513
233.298523,1,2321.603265
-89.058839,300,2322.192226
-46.021674,48,2322.350093
64.152885,221,2323.974799
78.395422,341,2324.761013
82.502515,226,2326.348848
-23.373244,12,2326.402533
331.510372,181,2326.788219
305.355296,400,2328.639486
369.084565,204,2329.08833
-41.964621,192,2330.679579
300.82921,165,2331.039204
1142.344269,300,2332.738099
310.204764,400,2333.597768
91.952363,341,2335.307079
12.436477,155,2335.738053
-89.757779,300,2337.430226
12.886718,16,2337.490553
545.058013,300,2339.207343
-28.032796,30,2339.289116
-8.031639,9,2339.338941
-91.499077,300,2340.06898
169.349253,341,2341.866685
233.298523,1,2341.904424
-96.373906,300,2343.626688
145.401487,341,2344.328343
-28.881573,400,2346.203684
1031.089494,300,2347.96702
16.794813,400,2348.842837
-45.335743,179,2350.319663
46.567997,400,2351.138994
973.855581,300,2352.857922
-78.920591,341,2354.645218
233.298523,1,2354.68334
275.872376,152,2355.083156
-12.012375,5,2355.126959
72.531951,204,2355.592463
32.719622,341,2357.312442
-70.864786,341,2359.13092
-43.823175,182,2359.473373
79.520568,246,2361.15309
221.073517,1,2361.191005
233.298523,1,2361.228456
49.679557,400,2362.116642
253.88767,209,2363.673842
311.324619,400,2365.479812
563.690967,341,2366.390221
74.794534,293,2368.063677
408.356688,341,2368.856993
57.516598,341,2370.751717
1010.925085,300,2372.504571
-87.686027,300,2373.200202
351.819223,341,2375.009729
211.428398,1,2375.048011
524.243404,300,2376.828839
356.936435,198,2377.322225
211.055132,1,2377.359989
153.764221,341,2379.231198
227.039956,1,2379.270553
509.566066,341,2380.067167
303.190983,169,2381.533774
71.87558,246,2382.002177
287.870859,158,2382.446958
-49.465582,200,2383.954335
443.941444,228,2384.461683
139.826564,341,2386.240922
-20.269874,1,2386.278223
73.584963,263,2386.96043
539.642628,300,2388.728269
293.918611,165,2389.081236
-28.949209,67,2389.263827
49.324685,400,2391.075409
-11.989712,4,2391.117708
298.327717,400,2393.110973
15.89771,17,2393.170587
233.298523,1,2393.210108
-13.907046,11,2393.265162
230.067163,1,2393.30246
-83.136466,300,2395.13333
-27.109921,29,2395.286441
128.419706,259,2395.830394
-24.540504,12,2395.886835
-15.900958,2,2395.926117
-12.305669,15,2395.985915
-17.786968,4,2396.028864
20.053978,20,2396.170174
-17.948425,1,2396.208452
-19.500002,1,2396.245047
62.365262,341,2398.108763
135.77622,341,2399.840359
1047.518955,300,2400.47385
56.694362,400,2402.474528
-89.180009,300,2404.117212
325.336381,179,2404.525183
-30.034697,300,2406.212736
80.251228,232,2406.670062
325.186348,176,2407.116499
372.433972,205,2408.602429
332.279911,184,2409.053896
913.435155,400,2411.039464
518.527919,300,2411.724277
77.110959,293,2413.476525
233.298523,1,2413.514166
1055.533042,300,2415.351902
1086.412774,300,2416.019065
77.315408,282,2417.677205
478.080947,341,2418.443902
-50.398216,400,2420.259852
556.449766,341,2422.093769
73.171392,200,2422.577092
624.57156,320,2424.34015
233.298523,1,2424.377982
-41.986581,400,2426.264779
358.056102,185,2426.815037
-20.183769,1,2426.853522
-74.845249,300,2428.584874
222.035391,123,2428.884762
237.485775,1,2428.922675
233.298523,1,2428.960139
-45.297365,400,2430.868742
72.834936,247,2431.444334
64.432917,284,2433.124855
428.417757,230,2433.652976
-20.008666,1,2433.689729
61.101545,198,2435.244339
68.933295,211,2435.660605
-17.164042,300,2437.429604
57.231188,175,2437.800437
109.412469,400,2439.756551
852.052416,300,2440.347491
57.078523,225,2441.916887
233.298523,1,2441.954615
4.898341,300,2442.661263
339.714891,185,2444.082953
288.505873,400,2445.007337
62.961865,186,2446.493097
141.340595,341,2447.222925
7.366662,300,2448.986602
233.298523,1,2449.024386
150.889602,341,2450.94284
72.070934,400,2451.889491
233.298523,1,2452.990921
45.791384,197,2453.500088
41.58896,30,2453.592671
-35.595189,170,2453.978368
63.817438,252,2455.595275
166.64642,341,2456.416188
42.305558,190,2457.840052
233.298339,1,2457.877789
-7.332857,6,2457.922308
371.154997,207,2458.441658
353.673341,192,2460.019356
-26.314256,300,2460.666458
367.223861,341,2462.512506
-26.184092,24,2462.594088
233.298523,1,2462.63174
66.376002,254,2463.296505
-21.555089,1,2463.333437
233.298523,1,2463.371007
363.521766,198,2464.922652
485.079617,300,2465.672913
461.101778,251,2467.277985
451.838525,243,2467.793152
2.035291,14,2467.852268
297.712986,400,2469.700456
-2.188247,300,2471.384372
-20.27587,1,2471.424945
374.116623,341,2472.180176
100.573391,400,2474.030421
76.484562,299,2475.747139
12.817907,300,2476.369436
154.463478,341,2478.148273
-24.889803,400,2479.973058
482.540599,300,2480.701172
105.275704,400,2482.549167
1021.517716,300,2484.291393
452.17397,244,2484.833161
-27.536417,400,2486.657561
1006.845038,300,2488.390517
469.036978,341,2489.08078
-18.833347,400,2490.993062
4.505092,300,2492.652016
896.071329,400,2493.543411
630.384169,314,2495.185785
908.82523,400,2497.092944
246.220902,261,2497.655951
418.644145,224,2499.203664
434.325878,233,2499.657782
554.800508,300,2501.361382
207.640704,1,2501.399745
-30.422796,400,2503.392279
133.016587,341,2504.164834
313.5807,400,2506.068921
80.938585,242,2506.596756
-9.485132,19,2507.723775
417.745063,228,2508.227141
290.407722,151,2508.578734
157.421953,327,2510.367172
290.354107,400,2512.25346
131.650927,341,2512.866807
78.720636,241,2514.376477
195.106291,104,2514.677019
233.298309,1,2514.715006
-46.518806,300,2516.387261
-38.237413,300,2517.071491
60.08611,224,2518.652366
438.354571,232,2519.14342
1070.186728,300,2520.974941
364.996791,201,2521.41615
1071.26235,300,2523.11301
517.869381,300,2523.780755
351.566522,194,2525.239116
-30.179192,300,2525.869124
-18.997536,2,2525.907796
48.377381,176,2527.379468
62.36231,220,2527.990217
508.596149,341,2529.790162
53.414107,176,2530.228838
474.968025,341,2531.946267
-0.408851,300,2532.497272
-47.152452,400,2534.466235
233.298309,1,2534.506281
233.298523,1,2534.543724
-25.105219,22,2534.620727
64.522334,251,2536.300649
312.166736,400,2537.109565
58.797154,214,2538.628592
4.050225,300,2539.247544
413.449133,341,2541.048742
302.829294,400,2542.898088
-35.659424,50,2543.056196
233.298523,1,2543.093688
146.861185,341,2544.996179
-11.379586,15,2545.124355
351.89165,189,2545.510447
124.248462,341,2547.349562
-26.793888,300,2548.049993
145.680135,341,2549.742397
1058.627232,300,2550.490147
896.242047,400,2552.432975
-37.614661,300,2554.038571
233.298309,1,2554.076425
4.595459,12,2554.165684
233.298523,1,2554.203439
-16.06936,400,2556.140816
377.530806,204,2556.617443
127.60487,341,2558.454588
233.298523,1,2558.494329
-24.512077,400,2559.345188
1078.539475,300,2561.053235
379.508131,202,2561.484855
217.758402,1,2561.522933
72.717502,400,2563.417271
-25.018507,20,2563.4914
446.631819,300,2565.198643
233.298523,1,2565.236855
49.633458,159,2565.734347
-35.866424,300,2567.407938
90.653683,400,2569.484801
492.892262,341,2570.209267
547.568893,341,2571.978432
-29.584911,400,2573.828311
70.383181,201,2574.195335
545.398501,341,2575.957296
64.528939,341,2576.75572
5.148474,300,2578.374217
63.708387,209,2578.834937
233.298523,1,2578.872557
233.298523,1,2578.910043
337.268602,341,2580.761695
47.313494,227,2582.286007
71.82758,208,2582.738689
49.365032,224,2583.322862
233.298523,1,2583.360786
-23.688515,21,2583.433443
92.414611,400,2585.297012
-32.575101,400,2587.182626
146.400394,309,2588.967068
300.46211,400,2589.84895
307.969638,167,2591.25357
221.780028,116,2591.576342
171.996397,341,2593.523707
-49.793236,300,2594.201795
-17.813108,400,2596.09506
387.533651,206,2596.545829
-3.905262,300,2598.15977
-22.571107,400,2600.136505
233.298523,1,2600.174339
119.09263,279,2600.736263
303.987901,400,2602.65623
-1.887518,300,2604.394717
-24.851855,31,2604.525215
-8.585887,300,2605.313551
77.701402,243,2606.885433
-44.790046,300,2607.539166
536.429588,300,2609.282689
-24.705767,400,2611.288207
141.685183,341,2612.013291
1078.203232,300,2613.704878
52.556952,400,2615.55922
895.390901,400,2616.410945
116.056197,341,2618.136178
283.547855,400,2620.0363
-26.99673,300,2621.851372
379.464255,206,2622.297613
144.022012,341,2624.029523
-3.321047,34,2624.116287
153.317399,341,2624.833218
-22.591574,400,2626.718358
88.840086,341,2628.579189
-40.671385,300,2629.19922
900.754217,400,2631.175088
-26.175191,33,2631.26881
139.351181,341,2633.050307
-12.56009,12,2633.104017
233.298523,1,2633.141278
-7.053547,25,2633.222764
-26.317035,24,2633.300781
209.178113,1,2633.338099
38.867731,341,2635.26162
720.066415,355,2636.121413
137.616457,341,2637.898327
-33.323216,46,2638.004352
-20.239777,1,2638.042389
54.229369,173,2638.514031
-17.551741,300,2640.250543
116.914599,341,2642.031249
464.107475,300,2642.653259
1071.480533,300,2644.334825
124.352685,341,2646.083319
102.211601,400,2646.999182
56.647725,240,2648.536883
289.939678,400,2650.503532
-39.58043,156,2650.954354
311.781431,400,2652.919262
137.623486,341,2653.755846
-8.645939,24,2653.939038
443.730579,235,2655.512144
152.361588,341,2657.417655
426.342101,230,2657.861914
120.78794,341,2659.80346
233.298523,1,2659.841687
473.466046,341,2660.611053
510.283623,300,2662.514476
324.046958,175,2662.843765
72.941331,213,2664.355792
500.102136,300,2665.009273
912.447636,400,2666.827002
902.849251,400,2668.712759
-26.844596,300,2669.426574
233.298523,1,2669.464774
233.298523,1,2669.502182
511.458002,300,2671.25081
246.710542,130,2671.524131
0.862303,300,2673.228967
132.349319,400,2675.279885
-19.72568,300,2675.873661
59.26452,174,2676.389347
53.702382,172,2677.816474
233.298523,1,2677.854075
1078.152085,300,2678.725689
548.634671,275,2680.420357
398.509358,215,2680.960494
-11.340478,17,2681.026588
94.670492,400,2682.956895
117.40567,400,2684.835369
-16.641902,400,2686.740103
381.628999,205,2687.120017
229.402765,1,2687.1579
60.370723,335,2688.92293
-17.999588,1,2688.959819
172.643366,341,2689.661822
140.864221,341,2691.406505
5.586792,300,2693.220392
-20.082239,1,2693.257877
502.391901,300,2693.941482
-15.569677,13,2694.000179
-29.076691,32,2694.094578
472.600971,341,2695.916297
912.139064,400,2697.854015
162.967575,341,2699.713901
378.950434,341,2700.516453
294.660454,400,2702.369926
-24.704444,14,2702.465223
900.70006,400,2704.432004
894.021798,400,2706.383764
113.998548,400,2707.19829
-11.987983,4,2707.240427
457.067535,341,2709.061757
339.782867,341,2710.852477
-31.265363,262,2711.343471
290.50567,400,2713.224347
770.805512,386,2715.09144
507.213345,300,2715.715871
213.685529,341,2717.436566
144.199207,341,2719.155682
498.124681,300,2719.911736
233.298523,1,2719.94959
67.596895,160,2721.360385
-13.9953,3,2721.400113
-17.860787,1,2721.436847
217.945122,1,2721.474502
508.463208,300,2722.239894
138.059902,276,2723.927515
437.382082,341,2724.841146
1061.246995,300,2726.544937
782.103087,400,2728.46523
233.298523,1,2728.503411
94.321946,341,2729.260669
65.017281,198,2730.725047
51.236945,341,2731.360112
-45.919913,176,2732.841333
504.698205,341,2733.722585
-5.926703,300,2735.344063
-8.875623,300,2737.036505
44.156176,275,2737.640439
140.154028,278,2739.289616
1063.196704,300,2739.950752
1086.73929,300,2741.677092
565.044589,341,2743.519573
-6.96753,32,2743.674726
488.408011,341,2744.443391
577.936234,341,2746.219007
117.059396,269,2747.009795
73.957179,248,2748.599629
589.804403,341,2750.348386
390.128183,213,2750.743289
492.750951,268,2752.39031
404.782555,221,2752.864977
323.299517,341,2754.753643
233.298309,1,2754.793676
205.816257,1,2754.831174
233.298523,1,2754.86856
479.106273,341,2755.654487
405.93136,341,2757.404056
154.191635,301,2759.080568
140.343756,341,2759.962099
58.84469,193,2761.412946
416.540064,341,2762.155349
-22.869159,400,2764.081506
-67.280799,300,2765.762337
-39.127211,300,2766.403535
76.920156,275,2768.025161
-111.162091,242,2768.647773
132.698229,341,2770.424631
373.749709,198,2770.913823
-21.34066,400,2772.801597
393.758931,212,2773.310487
106.963206,236,2774.904929
-17.924633,1,2774.941794
63.616612,303,2776.605123
44.71128,278,2777.161943
889.586013,400,2779.066494
465.981266,300,2779.616307
-23.470191,400,2781.515839
90.189711,400,2783.442987
-25.036099,19,2783.51418
238.618694,1,2783.55181
-22.728125,10,2783.605718
114.158961,400,2785.562227
226.965737,1,2785.600051
233.298523,1,2785.637593
437.705516,238,2786.146697
973.701639,300,2787.832087
-3.962764,29,2787.924007
89.570876,400,2789.861684
-0.78868,31,2789.952867
98.35825,400,2791.991473
142.186152,341,2792.820973
233.299615,1,2792.859219
-11.992527,4,2792.90007
403.166257,341,2794.768139
266.66909,143,2795.125365
397.025712,206,2796.744384
-21.395941,4,2796.786046
343.625198,186,2797.097743
426.831858,219,2797.634626
411.408037,228,2799.181136
393.523058,300,2799.866265
149.618237,341,2801.590069
140.663691,341,2803.371488
233.298523,1,2803.409468
976.544327,300,2804.06021
291.516986,152,2805.392192
-25.885447,300,2806.086733
289.253424,159,2807.438243
-24.356014,300,2808.025722
553.439509,341,2809.794747
84.644635,341,2810.514581
293.796057,400,2812.360461
-18.600117,300,2814.086171
113.008072,341,2815.833282
233.298523,1,2815.871092
369.816963,300,2816.596196
95.130299,400,2818.529053
300.709676,400,2820.404826
105.77193,400,2821.218907
-24.501521,22,2821.325468
21.050854,20,2822.45212
945.480094,300,2823.076099
-26.394787,300,2824.850655
-41.035258,400,2825.665944
210.986171,1,2825.704252
-9.997412,19,2826.826563
254.635062,182,2827.232569
17.722911,341,2829.06331
-16.395586,300,2829.624483
316.273234,171,2829.953037
-13.453372,13,2830.011465
399.591754,213,2831.574936
293.778231,400,2833.439102
114.381896,341,2834.149176
-54.662236,92,2835.414302
-11.946535,13,2835.470685
-28.452282,400,2836.372204
355.557036,193,2837.845249
-24.806986,19,2837.944539
460.382266,300,2838.630103
-37.833156,300,2840.270231
-20.126207,5,2840.316277
358.924418,195,2840.78044
233.298523,1,2840.818213
207.917858,1,2840.855756
39.525965,30,2840.942761
23.113529,21,2841.016222
99.746846,400,2843.078863
-33.805222,400,2845.123955
142.664101,341,2846.909393
110.951853,341,2847.668575
542.545171,341,2849.426508
-8.838321,300,2851.036417
-39.023419,400,2851.94786
1072.671209,300,2853.664009
891.090858,400,2855.547472
-14.216549,10,2855.599707
622.240951,341,2856.28951
88.321117,260,2857.963004
150.032761,341,2859.790425
362.631809,197,2860.223573
240.966637,1,2860.264924
84.616225,341,2862.05713
-20.20037,10,2862.107386
206.02632,1,2862.144979
366.13548,199,2862.616415
-13.101907,300,2864.36416
400.864655,222,2864.778299
153.155478,341,2866.591995
483.840554,341,2867.252795
65.213071,188,2868.777489
-35.444898,400,2870.69089
-16.292654,300,2871.386175
438.402709,236,2872.952234
-13.99215,400,2873.814904
434.140047,241,2875.454077
432.497984,300,2876.062448
415.491175,225,2877.542109
-60.112508,300,2878.240862
246.500538,128,2879.566478
40.656723,185,2879.982596
184.589373,387,2881.94665
-9.459912,17,2882.00654
470.854776,300,2882.672918
445.268507,341,2884.456129
624.736637,317,2886.105308
367.808392,199,2886.507886
11.791991,15,2886.60645
233.298309,1,2886.644139
153.441372,341,2888.465423
134.255081,400,2890.301389
2.047769,11,2890.35279
136.621095,341,2891.079892
154.127668,341,2892.853328
416.334721,300,2894.644785
370.881585,199,2895.254012
130.100981,341,2897.056989
129.054666,341,2897.709189
461.268596,300,2899.400879
26.432161,341,2900.085735
475.178665,341,2901.844461
-9.37668,300,2903.494618
-28.916355,400,2905.368969
1053.586225,300,2905.965233
533.851394,341,2907.74514
233.298523,1,2907.783026
233.298523,1,2907.820409
-30.407751,300,2908.505151
522.423527,265,2910.137832
488.01278,341,2911.980081
-20.37228,300,2912.6071
166.82299,341,2914.413015
128.358392,341,2915.064107
302.671872,400,2917.118779
40.473619,30,2917.233192
-18.000493,1,2917.27059
-28.957716,400,2919.301181
153.198176,341,2921.196858
294.054222,400,2923.097463
135.830754,341,2923.745897
321.547044,177,2925.263597
489.679952,300,2926.043972
24.190911,22,2926.121182
233.298523,1,2926.158463
390.9773,209,2927.619108
156.43918,341,2928.384957
233.298309,1,2928.422917
-30.299152,300,2930.138509
-26.501963,26,2930.214236
148.150453,341,2932.082184
122.1414,341,2932.786474
142.883598,341,2934.575663
112.861528,341,2936.362671
884.999376,400,2937.230466
375.443616,204,2938.681928
233.298523,1,2938.7195
153.901838,341,2939.514727
500.689428,341,2941.291765
-32.224032,300,2943.016731
314.432731,400,2943.859185
535.636223,300,2945.548989
327.577012,178,2945.959102
510.341884,300,2947.651558
-26.082808,197,2948.093434
18.1578,19,2948.156545
67.495324,314,2949.940268
389.680963,207,2950.461347
233.298523,1,2950.49902
-27.745605,29,2950.589204
85.616269,250,2952.212368
1064.612621,300,2953.835894
-20.174618,1,2953.873176
-20.281942,14,2953.967618
391.640326,210,2954.385134
-53.868095,69,2954.582785
-27.684662,400,2956.635075
5.120392,300,2957.336254
129.151869,341,2959.071177
60.311622,321,2960.814027
363.771035,196,2961.171216
233.298523,1,2961.210997
128.690953,341,2963.014977
717.026799,255,2963.582671
-3.108657,300,2965.329147
217.408117,1,2965.367017
-9.414394,31,2965.448349
12.571215,300,2967.17769
122.947343,341,2967.934617
203.268334,109,2968.19442
152.92427,341,2969.957249
452.828411,285,2971.596105
482.407187,300,2972.153184
425.598926,341,2974.04252
500.861025,300,2974.763678
140.865841,341,2976.54899
1027.267949,300,2978.282465
-18.604865,400,2980.254579
-10.069765,16,2980.314697
460.733429,341,2981.060443
406.283953,219,2982.621412
-32.429848,300,2983.2659
211.487675,1,2983.30624
87.686137,341,2985.078509
123.707782,341,2986.819596
147.938668,341,2987.510772
1032.105928,300,2989.267103
-29.325548,400,2991.176502
332.194788,179,2991.477656
117.058051,400,2993.470936
233.298523,1,2993.508928
-36.088182,43,2993.62147
474.912059,300,2994.338227
233.298523,1,2994.377192
764.198624,382,2996.326236
442.113743,341,2998.116001
139.421961,341,2998.766024
2.233138,11,2998.819505
497.412978,257,3000.514238
137.103733,400,3002.458253
233.298523,1,3002.499003
16.276052,19,3002.565851
118.391373,400,3004.505186
42.169672,31,3004.587603
233.298523,1,3004.6254
-11.699642,15,3004.72253
452.332254,341,3005.532371
-107.292447,219,3007.164445
-15.572761,8,3007.215086
233.298523,1,3007.252649
233.298523,1,3007.290174
251.381975,341,3008.194679
128.343223,341,3009.957075
233.298523,1,3009.994918
231.030016,1,3010.032507
168.629763,341,3011.917053
233.298523,1,3011.955037
87.556548,270,3012.501705
233.298523,1,3012.542032
-24.160955,17,3012.606288
153.387376,341,3014.471144
282.841796,147,3014.839752
493.126486,341,3016.674862
1059.761958,300,3018.460943
350.299785,194,3018.909263
273.596409,400,3020.953298
295.318609,400,3022.923115
459.183372,300,3023.807757
298.428617,341,3025.538214
31.322548,25,3025.611612
154.890586,341,3026.307708
887.60068,400,3028.255319
-20.170078,1,3028.293535
915.348531,400,3030.119359
65.13146,258,3031.785013
440.563092,341,3032.44485
-46.048766,300,3034.165822
-44.04659,318,3034.782899
233.298523,1,3034.820841
-29.789847,31,3034.911026
233.298523,1,3034.948483
-5.99959,7,3036.058378
62.558931,276,3036.755945
164.855245,341,3038.598461
-12.136182,20,3038.664862
350.327812,176,3039.0016
61.22289,253,3040.634286
241.800977,157,3040.931381
439.747214,236,3041.461964
45.672549,32,3041.555128
348.673478,193,3043.046817
439.849257,233,3043.618937
297.989182,400,3045.512432
153.331903,341,3047.3732
-4.542002,30,3047.451791
884.600069,400,3049.297298
-100.47062,300,3049.89047
498.478999,300,3051.604362
233.298523,1,3051.642369
-24.86334,12,3051.699283
89.204675,400,3053.74973
902.80648,400,3054.656956
133.426345,341,3056.517939
74.243006,312,3058.253383
63.542955,400,3059.027866
411.882898,225,3060.533327
348.345498,186,3060.87832
77.825162,232,3062.515674
319.964039,166,3062.93665
233.298523,1,3062.974218
478.096778,300,3064.63199
-34.003381,137,3065.013032
1077.047598,300,3065.63042
73.335745,211,3067.157944
293.823978,154,3067.410898
144.083802,341,3069.178896
132.56351,341,3070.011694
-98.596422,300,3071.709599
484.779234,300,3073.331247
13.041151,300,3073.920661
-20.723908,3,3073.962232
-8.565405,341,3075.925174
233.298523,1,3075.963163
560.978032,341,3077.815037
-11.145878,16,3077.875714
424.626362,227,3078.322208
-0.872722,300,3080.058229
533.668504,267,3080.590716
144.584444,341,3082.321939
649.557481,324,3083.114997
895.603575,400,3085.027539
60.503478,220,3086.597914
174.038492,400,3087.366018
577.06511,290,3088.988977
888.220432,400,3090.968329
349.779606,194,3091.444338
151.69741,400,3093.309969
908.950205,300,3093.978815
432.888504,341,3095.802964
65.105758,192,3097.302387
-58.381472,341,3098.096839
64.77865,195,3099.572216
-13.456516,13,3099.629231
480.244858,290,3100.211184
-24.133792,17,3100.27782
168.163939,341,3102.059952
-10.390209,300,3102.765055
233.298523,1,3102.802797
236.310887,1,3102.840643
222.07811,1,3102.878405
612.821808,341,3104.726583
155.107191,341,3106.555481
82.449023,323,3107.178032
449.935257,241,3108.758368
-41.814805,400,3110.568155
-25.96974,400,3111.351497
409.181082,218,3112.922975
69.604441,202,3113.403678
896.969449,400,3115.346241
291.60927,400,3117.184696
-56.281506,400,3119.04434
490.92155,341,3119.850536
93.42656,400,3121.701662
1063.73715,300,3123.372734
1067.3531,300,3124.071065
-10.294787,300,3125.714891
-8.115081,300,3126.293186
-25.216101,167,3127.804696
73.213052,273,3128.391696
-27.15543,27,3128.476411
240.60508,1,3128.514006
-21.539106,1,3128.550272
369.632888,197,3130.147713
424.624118,341,3130.879565
1048.768968,300,3132.587858
-26.034467,300,3134.337744
379.607635,203,3134.784793
310.185155,400,3136.772222
-101.025413,300,3137.333849
367.538751,197,3138.771727
81.137279,247,3139.290505
74.358626,291,3141.008117
156.567805,341,3141.81668
186.656919,341,3143.60163
233.298523,1,3143.639664
164.843753,341,3145.694852
-13.148627,300,3146.308784
-5.711945,7,3146.356325
-42.296095,300,3148.047994
112.140642,341,3149.762341
388.893682,213,3150.183346
105.814085,341,3151.941254
-53.640192,300,3152.496858
233.298523,1,3152.534831
-55.362838,400,3154.330815
23.110108,21,3154.398896
-38.320468,400,3156.338881
-38.524904,400,3158.345845
821.856587,300,3158.938531
112.527224,341,3160.719722
63.642416,228,3161.170736
-99.222302,300,3162.899596
-70.759922,131,3163.134584
62.177756,208,3164.68618
447.503461,341,3165.41181
355.561596,190,3166.821015
384.238228,208,3167.269732
114.631747,341,3169.024006
134.199664,273,3169.547157
-44.719822,300,3171.195956
518.398212,261,3171.806357
763.175999,385,3173.63535
-24.0573,16,3173.695484
264.555124,139,3174.005603
-16.977452,6,3174.052072
415.129544,225,3175.601207
295.388355,400,3177.444435
-17.233282,5,3177.489108
373.676373,204,3177.83658
884.562292,400,3179.879302
90.95686,400,3181.720814
148.579475,341,3182.405392
548.446389,341,3184.231716
361.748439,203,3184.658236
233.298523,1,3184.696038
446.079921,238,3186.325304
147.195198,341,3187.031385
470.03407,300,3188.693132
212.082983,1,3188.731115
-41.966405,400,3190.604118
404.795707,220,3191.127077
474.133397,300,3192.82977
157.620032,341,3194.692004
371.752456,205,3195.168398
157.45551,341,3197.020823
-96.795834,300,3197.618065
908.069806,400,3199.594427
483.969241,300,3201.399079
618.412735,307,3202.067313
286.531926,400,3203.904447
79.517996,296,3204.566528
498.255272,300,3206.300745
664.61964,329,3208.217061
-12.144603,300,3208.869357
-64.025929,300,3210.533629
410.955703,222,3211.016056
233.298523,1,3211.053665
156.500742,400,3212.973288
155.705106,341,3214.827092
-26.065902,33,3214.911223
-20.006747,1,3214.948147
68.714215,216,3215.485337
78.403356,218,3217.055262
-43.58576,400,3217.944017
436.513494,341,3219.746574
124.41485,257,3221.434317
481.33952,341,3222.213761
209.671901,1,3222.251758
73.440217,226,3223.818501
233.298523,1,3223.856194
-17.997931,1,3223.89287
12.036248,16,3223.990813
472.054415,300,3224.725232
1065.50395,300,3226.409263
902.564393,400,3228.325462
211.062527,1,3228.364181
233.298523,1,3228.401541
63.951662,240,3229.054081
213.943437,1,3229.092023
-63.338023,110,3229.32211
-12.57884,14,3229.417
77.582208,324,3231.256014
510.724166,341,3233.043714
151.32663,341,3233.812471
-55.643459,400,3235.684783
-30.085713,31,3235.839226
530.971559,341,3237.571928
182.60592,352,3239.314351
65.548302,212,3239.843726
-24.520591,18,3239.913718
-21.955988,8,3239.963467
911.211782,400,3241.820334
-20.170103,1,3241.857589
319.480227,341,3243.667338
346.210195,341,3244.355793
309.166536,400,3246.334386
71.035776,228,3246.780232
359.859652,194,3248.252936
81.978303,291,3248.966895
69.940394,400,3250.793877
170.069423,336,3252.591097
1057.697907,300,3253.172739
538.237186,341,3255.022761
369.867198,197,3255.512908
121.105326,400,3257.413987
74.541604,341,3259.22542
1042.470651,300,3259.903896
516.084748,300,3261.572865
74.136415,307,3263.288988
-49.444483,18,3263.357802
357.459769,341,3264.121144
233.298523,1,3264.159023
233.298309,1,3264.196816
524.97728,300,3265.914261
135.313354,293,3267.652665
293.275935,341,3268.312867
335.563104,185,3269.82133
142.352197,400,3270.626912
444.686692,254,3272.236806
233.298523,1,3272.274419
-13.008012,14,3272.330037
30.14943,341,3274.198989
-14.661672,10,3274.24987
-91.102371,341,3275.194242
654.170191,331,3276.960208
414.825423,223,3277.549687
350.154125,192,3279.038496
-5.166636,7,3279.084416
41.288345,341,3279.838832
233.298523,1,3279.876822
-42.77368,400,3281.743909
71.653957,341,3283.545105
340.383614,185,3283.944896
12.154075,16,3284.014631
-17.958516,1,3284.055318
301.874742,400,3285.963394
88.719289,341,3287.949974
233.298523,1,3287.992188
-19.402224,3,3288.036035
213.576071,1,3288.078183
-25.002032,30,3288.172074
972.438286,300,3288.838759
-17.947695,1,3288.881291
165.964083,341,3290.740937
-29.72405,400,3292.832087
233.298523,1,3292.874265
-51.797983,300,3293.57395
158.694023,341,3295.309854
442.804494,238,3295.792447
41.176362,341,3297.571404
-37.436598,400,3299.606231
1075.033754,300,3300.29393
108.976669,254,3301.867495
233.298523,1,3301.910533
476.460451,300,3303.655272
296.408853,400,3304.47065
397.242585,341,3306.316667
74.147212,341,3308.053568
150.835003,341,3308.948794
147.282057,341,3310.775537
160.012036,331,3312.575673
507.461282,341,3313.327013
144.279953,341,3315.069852
66.14763,281,3316.84258
-7.168288,25,3316.919155
361.683792,195,3317.372628
1062.101606,300,3319.088407
57.60696,319,3319.811794
13.643168,18,3319.886002
480.482929,341,3321.640759
-26.395792,40,3321.740186
-23.902733,300,3323.583389
-20.451588,2,3323.627782
327.703642,335,3324.33611
513.188567,341,3326.203479
229.40996,1,3326.246299
400.963992,308,3327.117333
890.737869,400,3329.161847
-95.991058,300,3330.852373
293.426058,400,3332.923555
-48.898588,400,3333.807613
22.177233,21,3333.879068
-15.445452,300,3335.627794
20.911347,20,3335.7041
453.710295,300,3337.508186
152.613255,341,3338.289479
453.617782,300,3339.957381
171.470078,353,3341.981145
7.514798,300,3342.682316
443.825471,237,3344.224708
2.061722,11,3344.320925
69.68277,262,3344.916077
153.917557,341,3346.73687
-14.500014,300,3347.391726
237.587626,1,3347.434076
206.732248,1,3347.476396
368.169117,300,3349.241398
300.161515,166,3349.692417
152.731392,341,3351.443674
-38.955798,400,3353.290045
360.757399,196,3353.865926
288.732997,400,3355.829434
-76.988641,300,3357.476497
112.143058,400,3358.289419
207.85061,1,3358.332456
57.871999,220,3359.872227
293.390725,162,3360.256078
-9.849457,300,3361.998721
279.39791,400,3362.869966
404.409144,226,3364.524801
397.521984,211,3364.953936
290.202695,400,3366.907998
19.008551,19,3367.019128
-20.876006,300,3368.871676
1.399193,300,3369.545899
1045.045446,300,3371.260272
-44.124585,300,3371.916441
233.298523,1,3371.958849
-50.36871,341,3373.813039
145.964365,400,3375.771626
-47.302136,147,3376.027994
-9.027075,25,3376.104291
-22.883718,11,3376.164835
47.04671,199,3377.742299
-15.097274,9,3377.795842
153.672848,400,3378.784881
-30.808847,37,3379.955446
457.61409,244,3380.772218
233.298523,1,3380.81429
212.918631,1,3380.856252
145.083102,341,3382.728348
514.375401,258,3383.41562
-7.460995,28,3383.507932
357.75449,182,3384.920146
386.218267,341,3385.785538
379.331615,300,3387.668804
113.862821,341,3388.384355
233.298523,1,3388.426763
130.835408,341,3390.21099
157.667896,341,3392.028799
0.810723,300,3392.80528
10.044292,15,3392.867204
332.025504,179,3394.280287
34.553686,132,3394.673435
198.795096,398,3396.632179
233.298523,1,3396.674223
405.173361,220,3397.159172
404.200236,219,3398.800788
-53.150097,300,3399.529056
-22.202793,124,3400.939325
498.678991,341,3401.653842
233.298523,1,3401.696305
127.744358,400,3403.568089
356.162533,341,3405.425305
-10.229714,26,3405.50494
591.44919,298,3406.25315
443.263091,231,3407.833247
-96.980961,52,3408.004737
233.298523,1,3408.047048
233.298523,1,3408.088864
233.298523,1,3408.130533
-18.004461,1,3408.171684
-20.239597,1,3408.213972
-15.999063,2,3408.257013
884.469253,400,3410.400455
233.298523,1,3410.442638
1049.363022,300,3411.123603
175.892164,356,3412.97552
332.886852,186,3413.390316
148.795725,252,3414.973148
-23.444778,13,3415.032995
233.298523,1,3415.074775
-56.501223,400,3416.98527
278.558089,400,3417.778819
-37.539364,300,3419.548965
-6.283866,28,3419.630741
233.298523,1,3419.672432
233.298523,1,3419.714417
359.769091,193,3420.248426
401.371276,214,3421.77738
137.513137,341,3422.64704
-19.475751,1,3422.692866
566.2515,286,3424.359972
-28.37659,400,3426.372891
-8.458746,300,3426.986162
-8.923968,300,3428.650851
233.298523,1,3428.697136
131.292501,341,3430.50373
139.044595,341,3431.30163
233.298523,1,3431.34417
315.682602,176,3432.883302
-26.573732,300,3433.451287
233.298523,1,3433.493417
340.878543,189,3434.966666
233.298523,1,3435.008537
285.205697,400,3435.842886
-14.905031,300,3437.537049
466.26418,341,3439.320285
-12.354809,38,3439.457734
346.296546,188,3439.930771
-112.407804,275,3441.726896
362.401516,199,3442.114683
125.304827,341,3443.989435
111.32204,268,3444.664542
360.514829,240,3446.26124
197.592268,341,3447.033063
153.903078,400,3448.943826
10.174325,256,3450.719708
10.109877,15,3450.781981
169.611896,341,3451.501804
523.17475,341,3453.289566
446.86398,249,3453.963803
-52.339322,300,3455.69847
351.191141,191,3456.192371
885.458186,400,3458.153026
46.750345,39,3458.26628
192.420988,400,3460.188272
61.492612,200,3460.854946
67.88369,295,3462.527802
383.73616,300,3464.354447
478.312686,291,3464.980058
154.66059,400,3466.928773
156.249213,341,3468.773536
154.990815,341,3469.498584
9.269382,300,3471.217974
160.430476,341,3473.035933
-18.00048,1,3473.077077
917.239552,300,3473.647844
521.066262,300,3475.550498
-46.176888,133,3475.82846
5.604819,300,3477.462092
120.403906,304,3478.216823
459.183002,300,3480.047718
-4.646319,210,3480.775009
95.357585,341,3482.608574
143.478013,341,3483.367676
432.248166,300,3485.128329
135.387083,341,3486.944711
147.649401,341,3487.652995
156.334697,327,3489.525161
84.764873,302,3491.344354
-85.487399,400,3492.185329
71.754795,273,3493.831689
-100.336623,300,3495.63448
46.580031,294,3496.200918
-4.010965,8,3496.372778
233.298523,1,3496.414837
70.968784,214,3497.887434
149.655343,323,3498.747118
-18.00048,1,3498.788452
-33.093031,149,3499.170894
80.403906,251,3500.777721
84.629444,303,3502.620425
233.298523,1,3502.662589
393.275298,211,3503.142094
316.419608,341,3505.023291
70.989441,242,3505.470326
233.298309,1,3505.512933
-3.954288,8,3505.607183
96.481986,341,3507.511108
-9.669536,300,3508.250104
893.660185,400,3510.115026
-20.316271,1,3510.158515
512.589893,300,3511.83927
73.026988,329,3512.562522
75.511521,258,3514.22593
233.298523,1,3514.268067
136.295416,341,3516.052884
155.218443,341,3516.771347
428.153913,243,3518.531069
-36.04664,300,3519.151047
152.867626,341,3520.969563
674.17445,335,3522.791441
-29.493656,300,3523.444212
154.863137,341,3525.173254
529.255676,341,3526.997923
1068.561262,300,3527.780444
468.591809,300,3529.599866
157.08768,341,3530.330959
233.298523,1,3530.37561
54.588385,171,3531.857784
306.140231,167,3532.189798
233.298523,1,3532.232092
233.298309,1,3532.273959
-37.819722,400,3534.267226
539.548667,341,3535.097606
1057.407857,300,3536.83423
-41.109966,400,3538.903
123.985823,341,3539.65453
-20.017468,300,3541.452432
78.373243,296,3543.125256
159.594266,315,3543.875086
455.450557,341,3545.553483
98.22736,341,3547.480976
331.61974,180,3547.92587
461.081519,341,3549.824228
560.51043,281,3550.445683
-13.361334,12,3550.505431
883.324527,400,3552.586232
66.260317,207,3553.038017
72.57787,226,3554.615758
-26.101798,4,3554.666339
-94.764047,300,3555.364342
373.262864,204,3556.950292
476.164896,341,3557.703238
373.359754,200,3559.190595
392.445961,341,3561.048342
376.623158,208,3561.519455
207.595242,1,3561.561669
151.97979,341,3563.425504
147.484965,341,3564.193288
396.149453,300,3565.92708
358.239265,300,3566.536002
-22.527444,300,3568.344192
223.524143,1,3568.38729
-50.967006,400,3570.271347
-28.471215,300,3570.87858
113.284128,341,3572.619841
233.298523,1,3572.661977
-42.820822,300,3574.541497
-40.2669,300,3575.11316
1116.973367,300,3576.779165
1044.68764,300,3577.56193
905.542619,400,3579.514184
678.563952,349,3581.310422
-58.76632,300,3581.935681
287.262296,400,3584.024753
-13.353366,300,3585.734889
133.84521,341,3587.467422
124.727693,341,3588.183578
389.845042,244,3589.85477
-17.248031,5,3589.903754
134.401505,341,3590.663002
287.517502,400,3592.53139
173.576436,341,3594.372126
-68.277028,300,3595.075186
186.340922,100,3596.329427
-30.708363,400,3597.176267
-36.105154,400,3599.114755
-23.041261,13,3599.175636
458.726973,245,3600.823099
233.298523,1,3600.865089
14.745682,19,3600.936022
42.387322,31,3601.033884
489.049549,300,3601.819954
35.39349,27,3601.912548
233.298523,1,3601.954257
-24.048909,17,3602.025197
236.45306,1,3602.066985
-25.632787,22,3602.149068
224.984287,1,3602.191021
507.438937,341,3604.132208
163.704307,341,3605.929688
283.911081,400,3607.888932
-20.126008,1,3607.932007
-18.499523,3,3607.976213
449.962054,341,3608.807445
507.956926,341,3610.570363
210.297009,1,3610.615377
152.302003,341,3612.424415
207.65933,1,3612.469898
198.793666,323,3613.230445
141.469619,341,3615.018157
135.47059,341,3616.896058
480.413378,300,3617.544577
444.443773,341,3619.387505
282.308389,400,3621.423812
-24.269981,17,3621.497188
180.506242,341,3622.340372
78.241657,271,3624.106663
159.706815,341,3624.903848
138.168725,341,3626.702113
171.510666,341,3628.55205
-16.385425,300,3629.253064
150.796691,341,3630.990685
-38.369045,400,3632.97396
43.407516,117,3633.187602
153.872908,341,3635.080141
331.670173,341,3635.755901
-23.784696,208,3637.251676
403.669044,341,3638.151152
-25.684886,23,3638.2365
882.605695,400,3640.341452
159.406975,341,3642.195834
229.833606,1,3642.240676
286.118452,400,3644.262565
-21.211997,5,3644.311614
-50.224457,300,3644.970252
-21.624573,1,3645.012314
418.579518,341,3646.81357
-109.787468,274,3648.532772
-20.221289,1,3648.575273
415.226705,341,3649.359139
81.740265,207,3650.941441
365.448933,197,3651.401533
453.704104,300,3653.109579
73.240074,222,3653.782444
448.420355,300,3655.552184
158.531582,341,3656.252098
-20.354472,1,3656.295865
514.277843,265,3658.099802
461.806123,300,3658.851338
365.493783,201,3660.420771
443.786439,341,3661.176363
5.326652,13,3661.237011
5.327609,300,3663.123637
888.858003,400,3665.108667
-11.927578,300,3665.716826
-24.439107,13,3665.779082
-91.678541,218,3667.326372
531.968814,341,3669.067681
1055.078952,300,3669.68445
178.211631,341,3671.475224
372.286393,341,3672.150983
886.138948,400,3674.06975
-15.669962,300,3675.830513
957.473594,300,3676.398858
469.431267,241,3678.040648
142.560021,341,3679.86456
418.946806,224,3680.454805
-154.058048,341,3682.295058
-13.930284,11,3682.358623
-127.26781,400,3683.282723
233.298523,1,3683.325197
233.298523,1,3683.366917
387.497426,206,3684.956435
153.342127,341,3685.710793
233.298523,1,3685.753295
128.884528,341,3687.521034
543.311578,341,3689.383764
-6.64088,300,3690.164427
982.480829,300,3691.882938
-76.558982,300,3693.571751
-14.46248,9,3693.626007
222.692768,1,3693.667956
360.595131,341,3694.46013
343.766339,186,3695.967324
167.789192,341,3696.67014
233.298523,1,3696.712823
439.398764,341,3698.503472
-20.318086,1,3698.548557
268.232172,341,3700.338204
-8.365992,300,3700.994363
221.252135,1,3701.037233
422.472769,300,3702.751826
496.963733,300,3703.441521
163.853762,341,3705.351214
-29.218708,300,3707.068544
-4.372447,300,3707.727103
18.93327,19,3707.796504
507.812494,341,3709.709949
-29.056359,300,3711.467047
224.478864,1,3711.509573
609.482426,315,3712.194244
26.198664,30,3712.278995
543.523115,274,3713.963617
514.11734,300,3714.661272
106.732877,400,3716.646971
449.644854,242,3718.228197
107.757673,341,3718.933283
233.298523,1,3718.975423
233.298523,1,3719.017335
496.574648,300,3720.743753
352.173739,191,3721.157053
443.214787,300,3722.876148
215.656697,113,3723.122797
-92.443934,400,3724.996221
-409.475907,341,3725.706779
-4.914726,38,3727.029641
208.420475,1,3727.071892
213.662973,1,3727.114296
528.419218,341,3727.914232
153.820536,341,3729.741814
431.374685,276,3730.296802
233.298523,1,3730.34119
-105.177107,279,3731.957978
-89.252028,400,3733.922714
-303.463928,341,3734.723011
-20.170103,1,3734.764553
149.267501,341,3736.600191
192.704811,393,3738.639233
124.94303,341,3740.662358
-67.90193,300,3741.392241
159.50966,341,3743.172659
-20.242668,1,3743.217675
1047.731711,300,3743.862676
320.444418,400,3745.808489
379.962627,341,3747.586379
236.216784,1,3747.628901
133.890718,271,3748.201142
208.479264,1,3748.243647
150.054239,341,3749.984856
-6.767489,300,3751.851244
135.948826,341,3752.535854
379.813187,205,3754.077239
130.211768,341,3754.911217
235.611271,1,3754.953585
551.218873,341,3756.687406
-21.7313,11,3756.743931
896.376487,400,3758.667369
233.298523,1,3758.709586
10.689485,17,3758.815295
542.506658,341,3759.586499
66.958478,237,3761.167551
208.236018,1,3761.210087
-22.185825,13,3761.272441
956.455337,300,3763.012381
6.675239,13,3763.072706
1060.873632,300,3763.804188
-6.426518,300,3765.573501
27.12247,400,3767.455261
233.298523,1,3767.497805
-20.016813,300,3768.207597
69.146561,297,3769.925439
233.298309,1,3769.967494
206.428628,1,3770.00938
157.448103,341,3770.807488
69.540907,317,3772.703898
138.335014,341,3774.618647
66.923067,238,3775.064552
58.595565,156,3775.571421
211.438261,1,3775.613952
233.298523,1,3775.655663
-35.805593,400,3777.542916
497.425631,341,3779.44052
1049.432473,300,3780.198301
121.61967,400,3782.051687
233.298523,1,3782.093802
529.236859,288,3783.920094
25.1769,22,3783.993158
-12.407225,15,3784.060338
420.60201,226,3784.626217
393.195701,211,3786.206416
-13.445783,300,3786.90938
167.683621,341,3788.67696
233.575714,1,3788.719446
712.79477,363,3790.59949
128.28694,341,3791.406257
112.238203,400,3793.525197
335.846204,181,3794.207244
150.778084,341,3795.941082
164.111348,341,3797.789553
-25.302859,22,3797.863628
-0.161054,300,3798.526278
153.672728,341,3800.301332
21.978222,111,3800.621795
139.724888,302,3802.446482
142.951374,341,3804.295857
3.904326,300,3804.895601
-20.335984,1,3804.938744
169.343896,341,3806.744887
12.120237,16,3806.810706
672.338402,333,3808.542383
483.687974,341,3809.319226
215.751636,1,3809.361663
35.705983,400,3811.307563
909.304398,400,3813.279389
-9.621274,22,3813.391918
46.198355,400,3815.40132
485.84078,341,3816.20806
171.055698,341,3817.980039
380.857515,341,3819.752433
-20.361309,1,3819.795101
105.514969,400,3820.672573
329.137304,341,3822.41544
157.927176,341,3824.203653
567.27137,293,3824.842444
430.724632,230,3826.43442
58.856699,214,3826.931231
163.528413,341,3828.786655
529.779404,341,3829.540789
152.117221,341,3831.277765
-40.171902,13,3831.340075
160.949696,341,3833.144996
301.498961,400,3835.050499
63.714811,258,3835.561585
-38.989065,400,3837.449265
181.033877,341,3839.231016
139.96524,285,3839.829897
499.268138,341,3841.675911
480.810488,341,3842.348685
33.395451,341,3844.2918
233.298523,1,3844.333992
-33.262056,171,3844.8363
-30.714907,400,3846.666772
1065.397887,300,3848.386307
1071.8623,300,3849.106498
79.064106,341,3851.005311
-20.64137,6,3851.054569
184.389929,387,3852.897965
100.555052,400,3854.728867
70.190491,250,3855.269363
286.004954,337,3857.025362
233.298523,1,3857.067619
160.60012,341,3857.733954
157.296032,341,3859.470264
367.400823,341,3861.36937
-76.040811,400,3863.319301
1059.300849,300,3863.938943
894.328029,400,3865.888492
-2.706108,300,3867.691332
445.877981,243,3868.171939
297.488519,400,3870.165118
72.531565,270,3870.767138
-43.869992,400,3872.652844
-13.197985,300,3874.411234
-2.22676,300,3874.983052
-2.751816,300,3876.70518
59.709778,223,3877.163428
69.115458,271,3878.831528
-27.327311,17,3878.897934
158.939375,341,3879.722033
616.402512,309,3881.454675
66.147619,253,3883.066936
71.991971,311,3883.746774
494.608037,341,3885.578443
-29.513948,31,3885.675793
-17.95078,1,3885.718046
64.167832,195,3886.23619
66.91126,241,3887.954263
72.721626,260,3888.642892
477.374734,300,3890.412849
-1.940276,9,3890.469741
153.743501,317,3892.357344
150.716051,341,3893.162387
157.131703,341,3894.941674
-10.619508,17,3895.007872
-21.581009,1,3895.049312
539.575156,341,3896.949505
166.226431,341,3897.659285
-20.456431,2,3897.703541
-23.835722,32,3897.798908
138.009437,341,3899.630659
-98.613485,400,3901.890471
462.182894,341,3902.705569
-20.786558,6,3902.75416
145.106553,317,3904.477499
146.938029,400,3906.509524
-43.428727,300,3907.221608
233.298523,1,3907.265491
66.332317,197,3908.727679
62.326558,228,3909.30898
-3.105337,300,3911.091192
233.298309,1,3911.133495
209.858511,1,3911.175636
147.730286,400,3913.191568
-91.489165,300,3913.962067
1.075827,34,3914.064169
6.468495,300,3915.833405
489.854368,300,3916.554119
438.226393,236,3918.085408
160.813072,341,3919.862292
341.458817,188,3920.288162
345.024131,190,3920.798446
-12.277555,14,3920.863073
336.977417,175,3922.313644
47.807469,32,3922.416505
630.873089,314,3923.169911
563.163439,341,3924.993497
904.071469,400,3927.067348
459.597968,300,3927.741982
487.584533,341,3929.70669
490.80657,341,3931.490798
-17.25225,5,3931.541154
-12.015684,5,3931.589464
377.00462,203,3932.127871
150.762712,341,3934.053443
242.411487,1,3934.09623
-5.789718,25,3934.180674
337.604478,183,3934.683016
476.27313,341,3936.515993
676.120382,345,3938.301583
233.298523,1,3938.343685
434.240319,341,3939.113114
351.706711,190,3940.559847
233.298523,1,3940.601656
1038.259363,300,3941.442226
233.274269,123,3941.915244
-42.198901,400,3943.920603
229.747268,1,3943.962895
-47.075359,400,3945.910687
-17.283703,4,3945.958428
148.899566,341,3947.865479
235.942546,1,3947.908445
187.868308,368,3948.618827
-21.206488,5,3948.669293
437.031348,341,3950.669688
907.735411,400,3952.72541
417.87736,232,3953.151486
418.401836,300,3954.864421
505.891762,214,3955.390311
233.298523,1,3955.432873
113.303154,341,3957.323719
985.929408,300,3959.087711
57.889259,321,3959.955186
427.397308,300,3961.773823
156.838309,400,3963.801542
-21.660288,1,3963.843029
233.298309,1,3963.884811
368.294551,205,3964.42242
134.724748,400,3966.553985
235.964215,1,3966.599025
206.517601,1,3966.640936
140.623074,341,3967.468613
325.144862,180,3968.885065
276.781308,400,3969.721156
1054.149401,300,3971.482396
1178.054977,300,3973.278114
-11.294961,300,3973.854597
337.921793,188,3975.451546
1013.887886,300,3976.110757
-45.905269,400,3978.227867
438.389847,300,3979.950849
1.210864,10,3980.005338
161.576849,341,3980.833164
295.798653,171,3982.228595
343.978869,197,3982.655524
-6.715266,24,3982.818463
-21.219313,5,3982.866947
-11.522551,4,3982.913346
518.967861,341,3984.757823
-20.110002,1,3984.800848
337.415876,189,3985.349929
960.671332,300,3987.084166
-97.523029,400,3988.122523
-9.982293,5,3988.169741
159.703056,341,3990.169987
330.881693,186,3990.588346
233.298523,1,3990.630507
-12.307947,15,3991.756402
233.298523,1,3991.798159
85.334381,341,3992.589555
233.298523,1,3992.631865
59.515092,236,3994.227373
60.635909,190,3994.617061
460.677349,341,3996.546237
989.774588,300,3997.276494
443.310587,300,3999.030018
-11.323583,14,3999.090675
347.371198,341,4001.110528
147.501675,341,4001.902969
150.740021,309,4003.711628
878.220282,400,4005.622417
350.604636,198,4006.099427
-98.177508,300,4007.871802
146.551185,400,4008.734316
69.688819,256,4010.394095
-22.585279,11,4010.45459
-20.229419,1,4010.4968
163.410697,341,4012.230213
448.531312,300,4012.968443
437.236129,246,4014.559507
-20.157524,1,4014.603333
459.403777,300,4015.252553
399.273485,227,4016.776061
109.028271,341,4017.598266
79.626313,236,4019.185362
1003.215961,300,4019.854087
1044.74614,300,4021.499587
226.284952,1,4021.544245
394.296088,218,4022.07656
-91.285304,341,4023.838732
-14.446399,11,4023.895082
114.529583,400,4025.946948
140.266732,341,4026.660857
233.298523,1,4027.764395
313.540631,177,4028.069591
144.117102,341,4030.076349
417.120221,233,4030.585214
-20.297428,1,4030.627416
-43.56656,110,4030.943665
-20.170103,1,4030.98473
-20.343512,1,4031.02654
160.307284,341,4032.723028
-47.439431,300,4033.532507
336.054232,182,4035.114637
155.108538,321,4035.852454
381.364346,300,4037.614049
-8.087254,1,4037.656928
-9.159324,28,4037.748008
137.421362,400,4039.780197
159.79098,341,4041.656529
232.626965,1,4041.698852
-25.057183,23,4041.778148
356.743054,341,4042.612822
409.40431,228,4044.194911
224.478864,1,4044.237228
116.870041,341,4045.117122
263.283414,135,4046.483256
142.24795,400,4047.555056
506.69792,341,4049.285844
167.678016,341,4051.128682
-26.246423,300,4051.812136
-23.928901,19,4051.887197
443.164311,300,4053.641227
60.715682,271,4054.324414
454.642481,300,4056.000917
378.449996,210,4056.489163
-31.024199,300,4058.286611
485.280348,341,4060.064559
66.046942,217,4060.555213
472.840778,341,4062.389236
1046.990642,300,4063.013105
-22.320489,300,4064.736446
134.806111,273,4065.419242
-20.072047,1,4065.462207
-31.772251,29,4066.647653
584.164157,300,4067.473537
-18.020431,1,4067.516207
507.719848,341,4069.357054
538.952249,300,4070.122546
-18.997536,2,4070.165513
233.298523,1,4070.207243
288.010256,400,4072.328348
-18.000798,1,4072.36995
304.967452,400,4074.399249
141.021569,400,4076.305683
-24.323063,203,4076.853354
8.114499,14,4076.914477
-20.023536,4,4077.043691
233.298523,1,4077.085756
226.065616,1,4077.127472
518.351559,300,4078.984113
65.84455,231,4079.534903
-11.299296,257,4081.224387
-113.469522,304,4081.88085
-13.185954,11,4081.940184
-124.845958,390,4083.90532
291.556969,400,4085.807657
157.659901,341,4087.697315
38.270718,29,4087.820425
367.75171,326,4088.594239
569.471194,300,4090.361803
50.901686,341,4091.036898
-129.733624,356,4092.833908
-17.302685,5,4092.882325
59.228952,276,4094.73825
-37.128614,400,4096.72289
-25.670484,15,4096.784821
-24.986731,12,4096.84324
-81.67707,400,4097.883401
-27.859615,24,4097.968344
150.37478,341,4099.770163
351.859815,195,4100.212861
-9.986954,21,4100.283979
-17.796003,341,4102.022953
224.478776,1,4102.065319
1001.038247,300,4103.960765
-13.999497,300,4104.715985
-51.032729,20,4104.789165
-20.235651,1,4104.831438
159.679505,341,4106.659039
-79.570383,400,4108.727363
-21.155921,318,4109.432971
233.298523,1,4109.477793
290.126708,162,4111.037942
-14.445509,11,4111.094792
-68.411245,400,4113.065214
318.78546,177,4113.471882
1.230236,341,4115.403653
-27.015509,25,4115.519884
47.658044,33,4115.650877
162.730571,341,4116.47934
233.298309,1,4116.521883
535.969961,283,4118.280948
331.820388,186,4118.716316
70.153978,316,4120.516643
71.913363,225,4121.085676
482.647744,250,4122.601228
233.298523,1,4122.645566
233.298523,1,4122.687561
233.298523,1,4122.729382
292.763732,400,4124.956373
-21.318461,300,4125.757191
-23.078119,16,4125.82767
-113.632964,339,4127.693415
-130.520284,365,4129.644334
314.266524,184,4130.120078
86.952278,266,4130.766229
208.037989,1,4130.808813
834.796839,400,4132.650719
115.500929,400,4134.571621
358.987978,203,4135.110315
909.96678,300,4136.857635
67.119068,341,4138.627312
-20.155323,1,4138.671278
78.601782,194,4139.349015
128.742161,341,4141.264461
466.108249,341,4141.939071
372.262677,203,4143.410388
138.082521,341,4144.166878
397.830439,338,4146.01817
0.034714,10,4146.07256
351.66732,195,4147.721864
-39.488741,400,4148.738393
233.298523,1,4148.784283
32.392953,28,4148.878929
149.975032,341,4150.755481
1014.188486,300,4152.610394
-18.140906,200,4153.065439
-62.168791,400,4154.906156
145.709768,341,4155.748153
336.649929,188,4157.340954
280.184296,155,4157.616004
140.758843,341,4159.507424
1016.682053,300,4160.120046
335.913756,183,4161.666606
70.381761,245,4162.287559
427.210285,341,4164.179541
233.298523,1,4164.221965
349.724044,189,4164.687324
-40.571794,400,4166.695811
442.533001,235,4167.210518
-17.947798,1,4167.25264
87.311844,400,4169.208586
102.825994,400,4171.407943
216.244195,1,4171.450223
109.536995,341,4173.245106
365.956944,187,4173.811381
143.676714,341,4175.677136
-34.995484,300,4176.289011
-13.802005,10,4176.34744
-8.636733,32,4176.486263
221.944473,1,4176.528896
233.298523,1,4176.572163
-19.196342,400,4178.710743
518.503994,341,4180.535891
-55.475433,300,4181.245498
431.308143,300,4182.979859
217.526883,115,4183.352545
375.026777,300,4185.067345
160.568978,341,4186.813512
6.75461,13,4186.912506
56.238323,232,4187.450253
164.328918,341,4189.335891
89.851529,227,4189.836505
-31.670228,300,4191.434729
92.732203,400,4192.409229
383.838028,203,4193.94138
-20.303733,1,4193.98468
233.298532,1,4194.026469
153.249771,341,4195.876119
172.110589,341,4196.542149
294.252507,166,4197.989055
428.737384,235,4198.476554
-20.805269,300,4200.316082
-69.395398,300,4200.948297
126.964449,341,4202.931552
326.335536,182,4203.324653
297.864785,163,4203.766008
439.25582,296,4205.439978
301.614739,169,4205.851786
854.936563,400,4207.719966
467.841475,300,4209.510731
144.667985,341,4210.21632
362.636851,198,4211.69632
-20.141723,300,4212.352942
60.385474,264,4214.018817
-3.878362,26,4214.144451
760.627393,262,4214.920378
70.228095,49,4216.095098
426.821169,341,4216.997482
-24.324018,20,4217.070287
-274.497195,341,4218.877057
89.76052,400,4220.881665
233.298523,1,4220.923891
155.20823,341,4221.645636
233.298523,1,4221.688297
233.298523,1,4221.730003
-9.76383,5,4221.779114
400.335326,322,4223.553
-21.643967,1,4223.594464
-48.611934,100,4223.862616
43.069756,168,4225.275824
471.396604,341,4226.107527
62.969087,224,4227.774951
161.082136,400,4228.546578
233.298523,1,4228.591182
434.427122,238,4230.212561
-37.87412,160,4230.578116
55.340102,274,4232.240268
1.379066,300,4232.932143
129.868136,400,4234.886819
428.424992,242,4236.452084
-19.502689,1,4236.493338
157.269628,341,4237.255
-40.005402,400,4239.08679
213.864158,1,4239.129875
442.579718,241,4240.778088
495.216668,341,4241.608397
150.101974,341,4243.38548
581.933359,341,4245.303427
29.272367,24,4245.383428
-18.000867,1,4245.424277
-13.634232,12,4245.481734
-19.113805,400,4246.39455
-0.160443,300,4248.050326
233.298523,1,4248.092566
67.711412,279,4249.925313
329.075457,312,4250.719064
54.734472,247,4252.506811
-77.532581,300,4253.164368
-11.821514,18,4253.230199
-33.606317,400,4255.164881
982.771946,300,4256.847981
-13.689698,16,4256.913262
407.259183,216,4257.568245
513.62677,341,4259.345376
-1.292443,300,4260.056714
-48.830149,341,4262.019454
-20.026314,2,4262.062554
352.260302,191,4262.471363
440.938721,300,4264.205001
-19.517735,400,4266.158319
150.115147,341,4266.864846
-35.663648,159,4268.262664
212.094015,282,4268.932277
20.134334,20,4269.008382
-20.253059,1,4269.050939
110.090179,341,4270.911299
172.648298,341,4272.780495
351.511255,191,4273.177454
488.665867,341,4275.034527
443.2326,300,4275.69388
549.518043,341,4277.462631
471.799267,341,4279.279952
898.127845,400,4280.141223
124.150054,400,4281.990511
233.298523,1,4282.032635
155.562443,341,4283.913862
148.121485,400,4285.852863
-25.87392,18,4285.921479
159.61307,341,4286.595161
450.426245,244,4288.205815
201.765872,109,4288.487966
33.381152,26,4288.568507
150.751205,345,4290.462214
379.250526,341,4291.052868
751.189129,385,4293.031858
438.099514,341,4294.763944
437.651971,235,4295.315149
155.569854,341,4297.188721
172.982553,341,4298.993004
469.166658,341,4299.74884
233.298523,1,4299.79094
58.764544,268,4301.434247
1046.928145,300,4302.138907
166.393975,341,4303.875026
67.830475,244,4304.399593
410.378985,332,4306.211749
6.053843,13,4306.271029
12.938577,16,4306.336529
-32.084625,300,4308.230727
-20.217973,1,4308.272156
160.011932,341,4309.041409
-70.464024,300,4310.841071
469.379689,341,4312.580782
-18.228011,17,4312.685833
503.229053,300,4313.259299
214.978176,115,4314.61587
672.882843,336,4315.284
-18.494145,3,4315.328187
-20.250255,1,4315.371942
125.568961,341,4317.135252
162.492576,341,4318.987018
324.825094,264,4319.541464
458.363052,246,4321.215128
133.732543,341,4322.116801
165.721518,341,4323.994838
111.729947,291,4324.585165
8.229051,300,4326.249386
-300.899581,341,4328.104399
225.045786,1,4328.146825
-128.36192,341,4328.933194
517.338792,300,4330.579422
-78.412573,400,4332.459047
-47.921359,300,4333.155958
344.434896,187,4334.792781
-13.925001,12,4334.850476
156.052271,341,4335.563238
233.298523,1,4335.605552
54.853035,37,4335.700559
81.223192,256,4337.371277
228.36083,1,4337.413591
125.787383,341,4339.276066
127.886298,268,4340.213179
162.073284,400,4342.24139
224.478864,1,4342.283659
212.752731,1,4342.325877
342.403664,188,4342.780205
-20.306313,1,4342.822034
4.531439,12,4342.881213
166.689032,341,4344.69707
154.705844,341,4346.683761
860.301345,400,4347.564648
305.589107,400,4349.726086
-53.754057,300,4351.457146
-39.810846,300,4352.133829
-6.783857,31,4352.270852
233.298523,1,4352.312902
172.038342,341,4354.21554
233.298309,1,4354.257971
168.656239,341,4356.06683
177.818777,400,4358.170728
463.400165,300,4358.861152
169.653737,400,4360.846226
-24.528848,22,4360.927137
495.221707,300,4362.634399
141.481994,341,4363.517485
233.298523,1,4363.559713
-77.869636,300,4365.296968
-19.447155,1,4365.339954
274.356869,341,4366.187108
-6.008905,27,4367.34254
-2.634355,77,4367.57775
429.08789,341,4368.365476
337.934218,187,4369.929739
401.700926,341,4370.779009
429.19989,341,4372.547698
-34.0459,400,4374.690918
208.027442,1,4374.733965
145.710416,341,4375.529124
233.298523,1,4375.571403
166.009261,341,4377.35359
-22.019832,11,4377.453011
550.018509,341,4379.242629
137.86846,341,4381.028306
22.34441,21,4381.0991
63.574722,315,4381.809656
-27.248126,400,4383.788945
427.97806,341,4385.650048
301.645571,400,4386.451094
233.298523,1,4386.494385
-9.957567,300,4388.341279
292.748188,341,4390.210309
-25.036389,28,4390.333764
289.111747,400,4391.259474
542.169963,277,4392.960348
-27.352861,300,4394.841908
160.454902,341,4395.66805
909.793967,400,4397.618341
73.473638,296,4399.528933
76.620722,290,4400.253902
-13.560461,16,4400.321913
-20.520544,3,4400.367151
374.268529,297,4402.246502
368.375497,341,4403.012976
138.819684,341,4404.922987
-117.737615,300,4406.656339
69.985577,341,4407.587179
158.209221,341,4409.393897
327.91322,180,4409.848185
-16.977088,6,4409.897681
233.298523,1,4409.939291
-43.668178,127,4411.295926
-13.001088,300,4411.974876
2.420691,37,4412.117849
-18.003414,1,4412.161563
115.04869,400,4414.043072
-179.733645,341,4415.827059
69.169735,242,4416.431844
188.003266,341,4418.210354
458.61639,300,4420.001201
67.010251,220,4420.544816
233.298523,1,4420.586671
264.404291,323,4422.422731
161.556257,341,4423.229903
-19.45009,1,4423.272377
88.316458,331,4425.104945
-17.567174,300,4425.787334
369.289755,201,4427.333912
-19.435519,1,4427.380602
162.601473,341,4429.190841
130.704009,267,4429.75585
83.514913,318,4431.531678
349.00475,190,4431.980282
-19.461895,1,4432.022753
72.921592,217,4432.51959
-87.182859,227,4434.147486
132.66602,298,4436.090172
82.13449,280,4436.735051
321.501461,341,4438.588258
167.093664,341,4439.365288
504.330776,341,4441.180598
81.661044,299,4442.8253
233.298523,1,4442.869979
84.930743,320,4443.548368
80.375288,400,4445.427455
71.011856,282,4447.202614
233.298523,1,4447.244736
515.191247,262,4447.802221
175.354457,340,4449.593361
-31.72185,300,4450.304317
-118.837157,200,4451.793942
590.611837,296,4452.439718
171.343421,341,4454.301287
-35.91158,191,4454.796548
341.876632,186,4456.269006
397.122725,215,4456.746787
87.689075,62,4456.886002
180.428685,341,4458.761737
-15.957979,8,4458.814224
-23.152457,7,4458.867939
416.252065,245,4459.470045
61.030313,341,4461.227586
233.298523,1,4461.27058
-14.420404,11,4461.329003
26.644568,341,4463.277382
880.76271,400,4465.252819
414.887564,300,4465.939272
416.997718,224,4467.584413
68.88425,341,4468.329119
-52.47364,300,4470.110693
494.990381,300,4470.927513
2.583223,11,4470.985121
10.070677,15,4471.046561
128.731232,341,4472.859386
5.389989,12,4472.920094
477.043383,341,4474.847319
-25.347019,300,4475.663565
378.68062,341,4477.410154
233.298523,1,4477.452848
233.298309,1,4477.495083
168.234279,341,4479.227526
-3.353644,300,4480.04464
-14.990402,10,4480.103081
496.086026,341,4482.037307
137.236153,328,4483.892833
95.284378,400,4485.047733
160.065967,341,4486.90089
-20.694244,4,4486.947782
161.29606,341,4488.765712
-14.999662,341,4489.562955
233.298523,1,4489.605781
-11.358193,1,4489.648238
1061.514178,300,4491.341081
-62.409298,341,4493.222553
371.563415,202,4493.652305
-27.592988,5,4493.70034
389.45974,208,4495.275945
395.015305,215,4495.814476
363.184036,341,4497.718909
107.513055,400,4498.521992
509.93509,341,4500.407257
128.793883,341,4502.272753
233.298523,1,4502.315095
-7.97535,6,4502.364853
233.298523,1,4502.406599
471.196228,300,4503.113135
-10.789919,300,4504.787258
373.38711,199,4505.245022
233.298309,1,4505.286986
144.983199,341,4507.274109
461.474299,300,4508.962903
-13.842051,3,4509.008697
455.471568,341,4509.643615
674.799016,331,4511.440629
-115.944004,289,4512.188177
306.358898,341,4514.014317
113.677368,400,4515.947883
-25.25106,21,4516.020598
-8.461637,300,4517.84625
233.298523,1,4517.888394
453.883491,243,4518.633741
481.009532,300,4520.398043
231.378345,1,4520.442949
417.423509,226,4520.943976
913.101174,400,4523.021531
-33.046673,400,4524.961696
881.125517,300,4525.606625
45.920397,185,4527.157511
334.654567,341,4527.942141
209.354638,1,4527.984882
-93.616754,267,4529.596969
-8.250647,23,4529.710639
-21.397044,8,4529.763048
135.252975,341,4530.634974
27.425209,144,4532.08826
49.824021,190,4532.519392
502.326803,300,4534.226317
16.035297,17,4534.293067
6.103875,13,4534.393172
1076.273439,300,4535.183897
611.429763,306,4536.911859
558.210579,341,4538.921475
1064.508939,300,4539.74016
359.131249,184,4541.174202
74.561765,176,4541.522202
-30.788269,400,4543.538147
165.369294,341,4544.25255
414.780441,221,4545.810877
65.452002,249,4546.388053
166.873881,341,4548.28926
367.656548,198,4548.779851
-20.504846,3,4548.824095
501.692782,259,4550.562715
172.712558,341,4551.363943
917.796408,300,4553.055617
-47.028963,152,4553.497768
365.163149,192,4555.058189
167.327843,341,4555.877782
497.118321,341,4557.64398
543.006569,273,4559.530145
-14.003768,12,4559.587526
158.098257,341,4560.221183
41.5816,30,4560.358725
-10.060343,18,4560.433949
1052.697093,300,4562.256418
2.56099,11,4562.31695
130.569989,400,4564.365381
174.34495,341,4565.247569
-19.380509,1,4565.290795
233.298523,1,4565.332739
397.974145,216,4566.859588
-120.01221,283,4567.542936
206.590571,1,4567.585102
233.298523,1,4567.626745
-25.939862,18,4567.6999
585.095433,300,4569.45372
-26.510121,23,4569.575184
69.917028,219,4571.19332
483.588883,341,4571.927638
-1.707675,300,4573.732149
900.503639,400,4575.786998
-35.543442,400,4576.664066
297.419217,400,4578.606266
429.54974,341,4580.478401
233.298523,1,4580.520541
-24.398716,300,4581.172577
-10.617944,17,4581.239781
21.697869,300,4583.006841
-14.854072,300,4584.844559
233.298523,1,4584.886822
233.298523,1,4584.928942
187.194537,341,4585.715548
33.320851,26,4585.842257
-18.615402,400,4587.768207
-9.366041,300,4589.458079
231.38274,341,4590.133388
125.011701,341,4591.909021
412.807243,341,4593.760255
-37.877481,400,4594.651428
-13.649396,341,4596.600757
-24.945577,400,4598.748823
233.298523,1,4598.792592
-11.223022,16,4598.863633
214.512607,1,4598.905777
-25.091969,300,4600.734983
-2.18621,36,4600.828057
233.298523,1,4600.872783
470.386052,341,4601.667926
248.810563,272,4603.398004
233.298523,1,4603.442294
451.841655,242,4604.052653
444.358626,300,4605.894851
432.96328,235,4606.537511
-18.345426,3,4606.586016
1117.42924,300,4608.361677
216.708187,1,4608.403892
233.298523,1,4608.445547
613.165194,315,4610.393982
16.954858,18,4610.461732
-19.210393,300,4611.143819
-29.871214,400,4613.086297
-10.55594,400,4615.041097
467.178304,300,4615.678961
44.402575,339,4617.53652
125.556977,400,4619.475767
178.189463,341,4620.34623
-20.235572,1,4620.389421
182.092177,341,4622.207234
164.524919,341,4624.119269
-106.736893,350,4624.928996
163.093965,341,4626.793568
154.73259,341,4628.539812
170.48957,341,4629.26024
436.6769,341,4631.159675
635.166947,326,4632.974761
139.130701,285,4633.554932
-3.608031,300,4635.325295
295.976311,400,4637.239245
169.089168,341,4637.956274
-21.444034,6,4638.006446
-1.10759,54,4638.146204
263.575092,141,4639.59047
440.016577,341,4640.380818
208.249353,1,4640.426579
273.233808,400,4642.499295
202.712892,341,4644.378244
995.574799,300,4645.043105
558.384406,283,4646.663228
162.00198,341,4648.540453
15.825793,240,4649.079098
63.745792,243,4650.836016
85.613802,231,4651.406386
-15.001031,14,4651.5102
179.561475,384,4653.404902
-11.344258,300,4654.164549
233.298523,1,4654.206739
-92.832715,260,4655.938499
267.502545,341,4657.691422
1048.080273,300,4658.387581
296.895572,400,4660.322271
221.557795,341,4662.194475
286.171909,341,4663.115982
151.514803,266,4664.750487
531.252245,300,4665.451278
909.635426,400,4667.330551
228.566837,1,4667.37324
399.207423,215,4669.078776
77.048826,308,4669.851084
233.298523,1,4669.892988
233.298523,1,4669.934683
443.804069,341,4671.808758
-28.982806,300,4672.493471
504.597524,300,4674.353268
68.127877,194,4674.750215
-21.855017,10,4674.80497
-21.223304,5,4674.893012
894.018075,400,4676.874012
390.970077,308,4678.727585
-43.895746,49,4678.860453
233.639576,1,4678.90238
151.427281,341,4680.848275
373.890626,201,4681.257939
173.420558,400,4683.352757
-19.456238,1,4683.395027
777.215857,269,4684.019372
54.165432,35,4684.120007
226.6262,1,4684.162189
1035.979952,300,4685.878337
299.208352,341,4687.67082
166.077195,400,4688.469064
295.13498,400,4690.52227
885.613682,400,4692.486039
-23.243274,300,4693.182642
64.773428,197,4694.795387
756.287469,376,4696.72934
898.364836,400,4697.696874
395.922878,215,4699.214113
-35.991691,44,4699.336421
-98.650812,54,4699.516919
208.892434,294,4701.282071
470.871704,300,4701.897179
233.298523,1,4701.939224
70.115192,227,4703.557152
77.812874,185,4704.042401
233.298309,1,4704.084617
-22.662229,300,4705.819718
-20.730242,300,4706.540247
-15.250752,300,4708.411863
460.459184,300,4709.219883
233.298523,1,4709.262142
-28.313758,29,4709.391717
154.84772,341,4711.288653
-50.376851,300,4713.05878
163.791966,400,4713.949189
-26.41261,300,4715.629055
-53.530366,400,4717.466341
645.073213,321,4718.137761
9.549607,218,4719.739497
385.007147,207,4720.088961
63.859673,182,4721.635134
1037.356211,300,4722.258954
58.039017,194,4723.665461
407.281196,229,4724.212178
891.748033,400,4726.197917
227.246286,341,4726.897254
645.897011,324,4728.775919
-128.125487,287,4730.604697
144.920741,400,4731.508895
-15.97348,2,4731.55209
483.604772,341,4733.475566
479.265411,300,4735.186602
65.077945,196,4735.707515
357.807091,196,4736.230153
13.775255,16,4736.293238
379.908794,207,4737.75287
233.298523,1,4737.796135
-30.401533,98,4738.325349
308.387701,168,4738.628034
-18.737419,300,4740.522263
220.620624,1,4740.564542
382.122367,206,4740.99277
464.009929,300,4742.75362
-0.028124,38,4742.851307
55.299175,176,4743.356942
436.742595,235,4744.838304
0.158109,300,4745.535357
-24.571637,18,4745.605471
497.775465,300,4747.417002
74.753588,327,4749.310809
406.330355,221,4749.777125
-23.190692,7,4749.831068
389.943779,220,4751.552733
273.186672,260,4752.190556
921.373659,300,4753.842647
365.875935,196,4754.378759
303.034145,300,4756.140417
892.434881,400,4756.965901
-25.37816,23,4757.044722
593.842745,341,4758.881897
67.051846,161,4759.308424
499.836345,341,4761.057918
900.701548,400,4762.938533
224.478864,1,4762.981105
454.175321,341,4764.766627
46.890408,33,4764.896295
208.984408,1,4764.939062
-122.142056,248,4765.564777
184.327586,400,4767.493302
509.859953,341,4769.335416
883.841963,400,4770.23032
288.041086,400,4772.229344
125.591104,341,4773.975809
-40.913822,400,4775.972482
-21.615626,1,4776.014313
912.318247,400,4776.874103
160.826497,341,4778.715029
32.986383,25,4778.872969
393.383065,212,4779.38351
140.568174,341,4781.244228
-15.443962,9,4781.298034
-0.084888,40,4781.411247
987.862952,300,4783.220387
132.343356,341,4783.975923
-35.690965,400,4785.973216
-57.164374,116,4787.297436
-20.102856,8,4787.34947
-28.204204,23,4787.424888
126.614643,400,4788.289134
291.748881,400,4790.242777
173.812787,400,4792.278906
-9.534606,17,4792.34436
-21.565945,1,4792.38525
-39.434413,400,4794.346633
233.298523,1,4794.391081
1.490799,300,4795.087063
158.060065,341,4796.864451
835.277481,300,4798.591283
233.298523,1,4798.63366
426.58218,300,4799.327611
362.828822,200,4800.8093
150.907947,341,4801.647719
-18.000825,1,4801.689159
456.67226,341,4803.439003
197.187661,131,4803.714128
375.647561,271,4805.371187
-27.57369,300,4806.079222
388.283285,297,4807.856345
502.492862,341,4808.604918
75.762606,257,4810.262602
508.171111,341,4812.054288
133.053197,341,4812.816321
149.312307,341,4814.649977
122.549153,400,4816.618641
233.298523,1,4816.660956
978.089318,300,4817.442415
536.149809,341,4819.27791
-22.181374,21,4819.350815
149.576388,341,4821.217493
1058.089821,300,4821.853321
-9.902088,5,4821.902518
145.064087,341,4823.760804
-24.845016,400,4825.774532
135.120459,341,4826.449013
-13.056292,300,4828.177778
99.876159,400,4830.273147
86.733517,400,4832.390735
161.705162,341,4833.214164
402.710649,220,4834.860525
88.081942,400,4835.745766
76.249984,400,4837.585933
227.475639,1,4837.631268
-12.30511,14,4837.695585
750.803484,254,4839.441645
-23.186819,400,4841.396288
233.298523,1,4841.438623
120.789835,341,4842.144804
354.004739,195,4843.790587
226.263724,1,4843.832819
162.828342,341,4844.650344
204.523363,341,4846.428679
-26.069336,22,4846.553419
233.298523,1,4846.595775
165.698444,341,4848.478513
-23.917525,18,4848.549168
50.07345,341,4849.39338
-35.15248,300,4851.146112
622.080186,319,4852.910994
527.095789,265,4853.556867
-20.170103,1,4853.598032
-21.359838,7,4853.65017
233.298523,1,4853.691814
-26.254711,26,4853.779075
413.872418,341,4855.589083
499.624041,341,4856.492759
233.298523,1,4856.537282
365.455746,194,4858.156169
1053.800962,300,4858.890861
417.182413,223,4860.385221
-47.688467,300,4861.133807
394.427196,341,4862.902502
-56.131763,101,4863.163951
461.404199,300,4864.814961
169.327014,341,4866.694304
422.449611,341,4867.528481
392.591063,341,4869.337103
258.358759,252,4869.995292
1050.944031,300,4871.758394
-23.91792,24,4871.885099
-44.132886,300,4873.69105
-118.745813,295,4874.296487
-10.429121,25,4874.380193
208.766827,1,4874.424696
94.636316,341,4876.23084
108.083491,260,4876.707312
130.304718,341,4878.574513
451.529467,243,4880.20639
288.389018,400,4881.016749
216.72575,1,4881.059494
452.827841,341,4882.815073
209.656105,1,4882.859904
-8.450596,31,4882.954295
27.211273,23,4883.036976
-32.848426,300,4884.749015
49.622947,400,4885.585184
-9.510858,400,4887.585494
233.298523,1,4887.627769
-62.111023,300,4889.309967
439.507135,300,4889.973662
-20.388223,11,4890.030002
72.281081,279,4891.648465
61.740824,167,4892.143124
238.310225,1,4892.185342
6.085291,13,4892.245796
95.475774,400,4894.207163
73.823977,259,4895.969462
-56.064041,28,4896.04977
504.221674,341,4896.847844
69.731275,246,4898.434679
233.298523,1,4898.480203
897.860252,400,4900.525265
410.751426,341,4901.199778
149.809588,341,4903.074029
62.31096,40,4903.173795
454.266926,300,4904.81799
487.930906,341,4905.747483
732.726378,257,4907.367523
49.938282,33,4907.456845
470.139991,300,4908.215621
142.468692,341,4909.960282
1054.632118,300,4911.765386
35.097372,26,4911.854864
-17.88068,1,4911.895796
-50.280164,400,4913.854192
319.903583,174,4914.233437
-8.674321,400,4916.197311
84.010923,341,4916.909622
123.846206,257,4918.477753
377.614419,201,4919.039387
367.616449,201,4920.467421
-21.398796,7,4920.518818
-12.318891,15,4920.585854
366.650013,341,4921.551621
1065.934676,300,4923.278883
-2.611704,60,4923.472427
48.48169,34,4923.574463
419.789712,341,4925.462389
897.62649,400,4927.533089
-5.789397,30,4927.617982
224.219941,1,4927.660122
1061.90138,300,4928.466951
-24.287762,21,4928.538044
291.256527,400,4930.465203
206.809194,1,4930.507549
1071.235382,300,4932.334083
4.080053,300,4933.036442
233.298523,1,4933.078604
321.681769,179,4934.570069
300.199565,165,4934.902566
-9.684387,27,4935.022564
232.788531,124,4935.336368
323.403867,341,4937.061102
61.445758,171,4937.484235
148.160657,306,4939.292299
-0.960752,9,4939.346463
437.402369,300,4940.149322
-64.720822,103,4941.433056
-23.99969,17,4941.49685
-12.254255,14,4941.598104
161.303183,341,4942.503776
-22.135982,9,4942.561154
-24.388048,16,4942.629881
144.438161,341,4944.439612
233.298309,1,4944.482124
212.144044,341,4946.428927
157.609509,341,4947.149578
-72.649773,400,4948.996229
68.198143,249,4950.649989
-22.46113,400,4951.543946
217.128603,1,4951.586416
35.432358,27,4951.667517
-21.934621,8,4951.759995
206.448068,1,4951.803717
678.549922,338,4953.748541
435.523567,300,4955.398623
169.736601,376,4956.329278
233.298523,1,4956.371257
1054.988304,300,4958.101576
1060.502854,300,4959.904001
-45.902045,400,4960.784279
138.651806,400,4962.697189
544.717614,341,4964.542074
170.133979,333,4965.285446
233.298643,1,4965.328029
233.298523,1,4965.3698
-21.601321,1,4965.410671
245.288725,341,4967.33412
-82.128098,300,4968.979851
-11.609058,300,4969.677885
116.234352,341,4971.544984
425.760269,300,4973.245834
153.790365,341,4973.95955
295.071462,341,4975.786842
12.610104,16,4975.851503
242.15833,341,4977.793173
286.623328,400,4978.605676
233.298523,1,4978.650279
233.298523,1,4978.692201
20.242943,19,4978.760276
515.396868,341,4980.545525
-63.9355,111,4980.754196
167.075745,341,4982.51399
-16.781398,400,4984.379957
164.336948,341,4985.143977
448.345326,300,4986.788409
434.563777,341,4988.56608
470.708238,300,4989.220578
150.325905,341,4991.057907
-74.990949,300,4992.952849
233.298523,1,4992.99785
891.559086,300,4993.683183
239.381588,341,4995.530952
1055.70118,300,4996.19059
1065.990884,300,4997.832372
434.622088,233,4998.271064
438.946561,341,5000.096326
400.383246,341,5001.941668
521.887297,341,5002.624589
194.737441,341,5004.376772
60.033607,265,5006.017127
318.873564,184,5006.459986
309.102974,324,5008.357314
-60.53419,108,5008.562213
233.298523,1,5008.603897
208.426288,1,5008.645711
154.536109,341,5009.421275
159.76025,341,5011.328184
161.28857,341,5013.097303
206.859543,1,5013.139659
-91.318322,231,5013.883893
-20.014719,1,5013.92507
-9.783713,20,5014.001278
226.020021,341,5016.067384
470.971518,341,5017.857659
-99.856659,241,5018.460273
-11.569391,19,5018.528129
155.274562,341,5020.38592
27.909948,220,5020.865525
63.344327,192,5022.363688
-66.491591,300,5023.012762
-17.947696,1,5023.056107
64.092874,219,5024.644084
470.47245,300,5025.259367
113.430773,341,5027.116381
62.551233,216,5027.686813
217.525967,1,5027.729491
290.97959,400,5029.767258
379.113901,341,5031.584854
-97.428147,247,5032.115941
630.359805,313,5033.968538
133.124875,341,5034.643377
-21.821006,300,5036.358502
-16.018654,3,5036.40452
74.269088,217,5038.006883
233.298523,1,5038.049245
20.254052,20,5038.126589
902.45409,400,5039.106395
288.705696,400,5041.082373
233.298523,1,5041.12465
-39.020613,300,5042.963891
-33.532297,42,5043.068863
-15.039626,8,5043.120249
124.930945,400,5045.068044
-21.986465,8,5045.121896
-11.522257,4,5045.168241
497.023544,300,5045.917846
-23.936672,20,5045.994075
-7.283066,6,5046.042992
38.221951,107,5046.312721
10.796398,15,5046.381111
450.561467,341,5048.253178
-25.935786,26,5048.380059
82.851081,333,5050.312338
20.27118,20,5050.391367
62.198192,224,5051.018203
442.2203,341,5052.780842
-94.522037,215,5053.24579
-39.443824,300,5054.963288
145.916605,298,5056.635267
290.51355,400,5057.600227
340.902988,341,5059.341415
293.877368,400,5061.315848
216.255723,1,5061.358636
233.298481,1,5061.400469
108.271136,238,5062.002182
115.239425,253,5063.651471
93.383536,218,5064.305046
513.973581,341,5066.134201
151.155328,341,5067.83593
100.532759,234,5068.439926
76.983682,341,5070.2311
78.836451,400,5071.155411
378.644455,341,5072.895342
872.366073,300,5074.724374
233.298523,1,5074.76681
391.310652,208,5075.234907
428.110031,341,5077.0901
161.159815,400,5079.104291
40.772694,109,5079.348875
905.532759,400,5081.455218
414.693223,222,5081.946339
233.298523,1,5081.988455
388.43243,213,5082.532854
-22.305852,300,5084.219222
150.543817,341,5086.013993
214.25921,1,5086.056724
142.761578,400,5087.012713
465.179121,300,5088.762114
603.383307,341,5090.648167
406.718985,218,5091.152329
187.091666,341,5092.995891
16.93052,18,5093.065176
233.298523,1,5093.107074
497.063067,300,5093.864661
877.403685,400,5095.856448
207.657328,1,5095.898973
-22.69505,300,5097.544767
411.334141,289,5098.341058
208.326499,1,5098.383733
168.957927,341,5100.353815
-21.416489,300,5102.075713
-2.318862,300,5102.65091
373.926434,200,5104.231055
68.93423,224,5104.704537
233.298523,1,5104.746443
233.298523,1,5104.78841
209.895804,1,5104.830446
-33.830006,300,5106.640986
-13.944038,12,5106.705386
-0.936551,300,5107.507675
59.897736,204,5109.132617
-20.272078,1,5109.175628
-50.157591,400,5110.040343
1.890819,300,5111.805946
-32.36939,300,5113.617727
57.811111,210,5114.045131
-24.783735,25,5114.127155
138.943481,341,5116.079973
-17.947694,1,5116.12245
329.345447,178,5116.544346
301.965738,164,5116.931249
660.443828,330,5118.821583
258.758466,136,5119.104146
357.363616,198,5120.614652
430.58743,300,5121.227838
-33.818128,400,5123.148439
5.879844,300,5125.049182
340.875246,191,5125.538431
206.133642,1,5125.580536
233.298523,1,5125.622495
48.062814,153,5126.048741
-23.985787,16,5126.119164
286.343639,400,5128.116522
58.726435,229,5129.87955
14.208456,300,5130.585313
60.639216,225,5132.184615
53.10456,211,5132.716827
-15.374815,300,5134.415928
67.675405,264,5135.02494
1.578701,300,5136.871397
-21.940392,8,5136.924354
66.660321,286,5137.761321
427.057984,300,5139.561806
334.306515,183,5140.00014
900.458608,400,5142.03925
-12.40871,26,5142.128114
233.298523,1,5142.170001
336.558395,188,5142.639105
337.664978,190,5144.213794
-21.012244,2,5144.258775
233.298523,1,5144.300428
155.382171,341,5145.301272
919.056691,300,5147.045198
320.501688,173,5147.409401
142.962153,341,5149.281206
69.177348,190,5149.748667
262.940434,139,5151.109751
-13.359318,12,5151.16879
233.298523,1,5151.210456
448.267047,300,5152.083877
268.85734,140,5153.443903
368.082029,197,5153.906362
175.590455,372,5155.850835
315.888276,173,5156.275192
64.400692,320,5158.123057
166.086783,341,5158.844012
-13.877705,3,5158.889537
282.117662,155,5160.527993
233.298523,1,5160.569893
326.231275,178,5160.944478
-15.436801,9,5160.999238
173.925303,341,5162.940757
288.026195,157,5163.259574
-109.312472,400,5165.267147
0.530248,10,5165.365313
143.041507,341,5166.028265
140.436374,341,5167.737864
-26.230666,400,5169.684714
-34.425312,300,5170.305924
-22.052276,11,5170.368401
4.210951,300,5172.126325
206.742771,1,5172.168683
289.450858,152,5172.531324
309.63448,175,5174.017612
331.892001,181,5174.333879
311.511123,176,5174.745043
154.469832,341,5176.567094
160.867592,341,5178.436494
912.01745,400,5179.368061
-12.315953,15,5179.434408
-17.881027,1,5179.475446
-11.027445,182,5181.080078
303.917112,167,5181.430302
233.298523,1,5181.472237
133.701548,400,5183.467537
308.179787,168,5183.978374
323.750109,176,5185.578589
327.794479,171,5186.021103
416.712819,300,5187.79583
-18.340152,3,5187.841518
451.374423,300,5188.67605
65.715993,179,5189.204998
880.970398,400,5191.114551
-21.543773,1,5191.155529
-20.305812,1,5191.197358
-1.686665,300,5193.149195
-124.896284,341,5195.022275
450.079218,300,5195.699183
290.024346,158,5196.122085
460.2558,300,5197.798623
461.433653,300,5199.507079
165.974021,341,5200.22749
330.308826,179,5201.644642
233.298523,1,5201.686941
220.873972,1,5201.728927
-20.264277,8,5201.863405
-38.1641,400,5202.845258
13.050661,300,5204.6603
65.188312,230,5205.326538
453.610548,341,5207.136692
-35.87864,88,5207.339441
896.347394,400,5209.562885
-17.864349,1,5209.605035
330.422581,179,5210.005462
78.193556,227,5211.636068
1062.984582,300,5212.353079
70.356887,243,5213.943326
892.264764,400,5215.854297
352.168411,191,5216.336517
-10.782191,15,5216.40217
233.298523,1,5216.444023
255.664514,141,5216.794526
342.084479,184,5218.296732
233.298716,1,5218.338957
233.298523,1,5218.380859
128.920708,341,5219.218118
220.516667,1,5219.260646
1051.877162,300,5221.000613
233.298309,1,5221.042683
-19.507824,1,5221.084654
233.298523,1,5221.126387
-83.08682,400,5223.220081
-13.39095,13,5223.279596
-11.523027,4,5223.324957
192.690445,400,5225.339179
-9.486333,19,5225.408572
1046.512806,300,5226.136461
549.139447,341,5227.900218
289.909219,160,5228.349277
399.625141,213,5229.924289
233.298523,1,5229.966679
755.913397,262,5230.398748
319.793121,186,5231.978388
170.505295,341,5232.735981
-55.698141,400,5234.72194
292.26786,154,5235.189065
339.615267,186,5236.749694
397.255087,213,5237.17987
-34.450517,37,5237.287807
-114.350801,400,5239.366303
-12.882962,14,5239.427608
164.22632,400,5241.400812
-32.913958,300,5242.050111
172.57575,337,5243.848612
230.134411,1,5243.890897
183.268173,400,5245.754867
396.613924,300,5246.552898
156.712585,327,5248.318152
161.608735,341,5250.153099
80.83523,225,5250.573311
413.372213,221,5251.256105
219.65642,300,5252.972327
-50.578052,400,5254.93603
-20.886331,5,5254.983564
367.907238,300,5255.638373
425.733747,230,5257.233977
234.102525,1,5257.276326
-1.936371,9,5257.370951
155.770494,310,5259.129425
895.172824,400,5260.003589
4.060052,12,5260.063818
425.005441,226,5261.629642
533.079371,341,5262.376003
69.105645,264,5264.045779
136.155742,341,5265.941281
-20.599731,6,5265.990289
-14.699117,10,5266.045027
222.845959,117,5266.300743
-31.117466,14,5266.366476
-24.772612,300,5267.21124
188.948626,363,5269.071155
1051.644365,300,5270.838424
-23.802845,19,5270.907903
-17.948879,1,5270.94911
233.298523,1,5270.99085
-18.340135,3,5271.035865
-20.148853,1,5271.07806
398.662072,300,5271.816057
409.262409,300,5273.60189
233.298309,1,5273.644253
26.217856,23,5273.72364
-119.293465,345,5275.671454
-18.655062,6,5275.720558
310.89318,400,5277.743407
147.328153,341,5278.46047
304.515186,168,5279.998712
75.803649,239,5280.56806
429.309148,250,5281.183888
-8.795636,22,5282.399536
1065.369204,300,5283.245548
217.851491,1,5283.287975
-24.049745,20,5283.363391
339.917591,186,5283.803736
-101.852676,280,5285.536389
-28.374722,38,5285.63544
1072.718342,300,5287.362293
387.757307,206,5287.865906
362.800154,300,5289.696917
-20.232708,1,5289.739746
403.432846,300,5290.418248
184.201762,387,5292.398066
1068.09417,300,5294.161232
233.298523,1,5294.2041
-125.538479,376,5295.063394
355.625681,194,5296.647129
233.298309,1,5296.689434
233.298523,1,5296.731343
-23.798659,400,5298.668808
211.68247,1,5298.711479
497.018556,341,5299.59014
133.099592,400,5301.660811
-5.352131,300,5303.396664
233.298309,1,5303.438756
40.470261,30,5303.533857
166.758297,400,5304.540096
233.298309,1,5304.582361
-6.490072,300,5306.479555
-47.629875,300,5308.27776
163.514688,341,5309.110377
177.196055,360,5310.888332
83.367771,336,5312.693516
150.883932,341,5313.513971
455.455698,300,5315.218629
-11.25528,300,5315.980723
233.298523,1,5316.022888
169.722105,354,5317.980216
-16.460669,7,5318.033384
233.298523,1,5318.074947
131.651793,341,5319.939097
38.184503,29,5320.022198
0.018951,11,5320.082186
210.661908,1,5320.124093
755.495073,273,5320.7565
914.702292,300,5322.394512
415.757885,300,5324.181209
233.298523,1,5324.223648
133.330437,295,5324.938715
-21.542298,1,5324.980007
131.424456,341,5326.817294
233.298523,1,5326.859416
-12.561142,14,5326.924284
-24.570298,3,5326.96841
495.518601,341,5328.867943
159.868575,400,5329.851849
58.733473,190,5331.334446
348.644833,190,5331.71278
-1.188247,36,5331.807051
486.840471,341,5333.62155
-20.06133,1,5333.664252
123.900682,341,5334.44556
124.612776,341,5336.276286
286.713495,400,5338.148982
233.298523,1,5338.191287
-13.292668,15,5338.253119
-1.41082,30,5338.350084
-70.489385,300,5340.122344
386.766159,341,5340.802532
233.298523,1,5340.844809
447.177377,341,5342.665864
145.831882,341,5344.372114
408.675303,222,5344.828833
-18.049363,300,5346.692832
145.002135,400,5347.493603
148.026312,341,5349.322338
-16.705835,8,5349.375784
-23.67731,15,5349.47968
413.14859,300,5351.281734
233.298523,1,5351.324216
-20.236993,1,5351.368139
214.58926,1,5351.410202
411.391401,300,5352.232157
122.941332,341,5354.027956
437.592038,300,5355.926138
233.298523,1,5355.968999
359.628669,192,5356.354918
139.044768,292,5357.074252
66.617965,352,5358.917003
455.998023,300,5360.58476
-25.234771,21,5360.661493
277.116636,400,5362.538328
576.762374,341,5363.42215
54.808053,238,5365.018091
167.107997,322,5365.700239
229.359762,1,5365.742549
457.670117,300,5367.427841
204.653153,400,5369.529864
-11.982794,13,5369.588979
171.428518,341,5370.470113
432.424764,235,5372.072764
639.709126,322,5372.87724
14.183806,17,5374.006815
52.847202,198,5374.383695
441.931332,341,5376.214584
-41.637156,300,5376.832146
449.958756,240,5378.430164
-18.893879,2,5378.474365
232.756865,1,5378.516981
-33.2823,300,5379.354147
533.646604,341,5381.269249
426.82115,231,5381.894815
-13.913298,11,5381.993784
61.354693,215,5383.659758
43.613809,31,5383.756215
57.087532,172,5384.122955
126.237004,262,5385.882428
6.684889,13,5385.945221
219.015815,115,5386.276448
-8.444116,400,5388.275297
210.364864,1,5388.317624
342.18495,185,5388.697953
59.464626,182,5389.237221
331.890407,179,5390.679595
1005.522904,300,5391.443254
216.13712,114,5392.895795
233.298523,1,5392.93796
58.465029,266,5393.55949
-72.433348,300,5395.271776
-16.447079,7,5395.322197
233.298523,1,5395.364087
220.969839,1,5395.406153
-34.375797,400,5396.499507
233.298523,1,5397.606389
889.519584,400,5398.525892
-52.010567,400,5400.481304
461.775965,300,5402.261752
157.288149,341,5403.119911
233.298523,1,5403.164782
65.316018,241,5404.916171
177.466262,341,5405.680074
-30.057582,400,5407.746034
310.169976,169,5409.23947
-30.731807,300,5410.107759
505.380269,341,5411.885389
214.812031,1,5411.928694
-74.109563,400,5414.036904
-14.933213,341,5414.77024
712.008843,240,5416.376681
-26.335551,300,5417.069575
1048.196818,300,5418.801849
95.039041,341,5420.657219
167.824084,314,5421.505088
-27.165455,303,5423.344498
259.079388,341,5424.133802
357.90243,341,5426.063865
233.298523,1,5426.106517
44.40477,32,5426.209139
521.040289,300,5427.928399
59.831055,182,5428.424132
-103.668491,262,5430.035352
176.01912,341,5430.848381
-20.267403,13,5430.948624
59.662338,183,5432.421507
155.20869,341,5433.209138
481.663293,341,5435.115042
354.03597,192,5435.615257
369.353428,212,5437.120492
63.476775,177,5437.53799
-16.784313,341,5439.315332
892.565467,400,5441.147876
-24.619035,3,5441.192201
288.562305,400,5442.191209
-64.409584,30,5442.275684
164.956993,341,5444.154646
531.997178,341,5445.944836
415.037274,300,5446.652783
279.138799,400,5448.521045
-20.109035,1,5448.566511
-56.353769,300,5450.337575
644.019695,323,5451.045826
124.830927,400,5452.945418
233.298523,1,5452.987621
-53.717899,300,5454.772118
337.397015,300,5455.423373
100.571733,341,5457.319359
0.021171,10,5457.374898
418.048821,341,5459.259264
37.739988,109,5459.54497
124.591312,341,5461.479804
58.634996,186,5462.038147
-7.288597,23,5462.122882
879.359881,300,5463.908289
-9.498778,19,5463.977707
486.814994,341,5464.729088
106.239401,400,5466.55619
233.298523,1,5466.601561
1048.479174,300,5468.349246
50.610066,188,5468.758498
110.344274,341,5470.732301
981.36808,300,5471.363581
233.298523,1,5471.406035
493.170906,260,5473.077521
233.298523,1,5473.12067
5.773935,341,5473.855804
291.377586,400,5475.733601
438.689418,300,5477.585963
57.452894,315,5478.26123
-25.287485,23,5478.337665
233.298523,1,5478.383083
-108.570831,264,5480.007714
122.791346,279,5480.592634
209.821602,1,5480.635062
-37.814286,300,5482.432971
61.843564,294,5484.147046
1013.512268,300,5485.090011
-20.764144,4,5485.138333
424.364418,300,5486.848042
-29.701857,300,5487.540159
233.298309,1,5487.582428
-49.17587,400,5489.520785
95.705233,341,5491.330322
426.670518,228,5491.836744
1051.122377,300,5493.534487
393.20424,220,5494.07295
456.602227,300,5495.803075
-58.91957,400,5497.775723
-24.948031,18,5497.842413
-54.724493,300,5498.602946
233.298523,1,5498.645216
-7.979837,6,5498.694451
118.677076,341,5500.458084
-17.881027,1,5500.499577
1044.399028,300,5502.291276
23.606656,23,5502.37135
608.653459,341,5503.151606
-5.958353,27,5503.242156
