#{"t_start": 1765854108.763776, "env_id": "None"}
r,l,t
-57.073372,341,69.11323
-128.129886,341,70.940225
233.298523,1,70.979237
-20.549074,341,71.729361
-142.102305,400,73.744
-111.422975,400,75.747085
15.448586,341,77.66388
-69.675857,300,78.337862
21.494411,400,80.219691
-61.179898,300,81.86663
-99.606968,400,82.814107
-36.604872,300,84.47564
473.693634,400,86.380073
-32.312242,300,86.982746
-44.062817,400,88.906951
-29.397617,300,90.733662
407.997324,341,91.551433
-24.262408,300,93.288075
-122.056122,392,95.166464
-47.555174,341,95.828009
-56.615777,341,97.593718
-4.359861,300,99.266099
-47.793707,400,100.050032
-10.290247,300,101.682386
351.935304,264,103.321549
418.406948,283,103.851292
-40.009576,400,105.753891
110.022433,341,107.528031
245.615336,341,108.360803
-43.485761,341,110.194604
-53.691242,341,112.004941
-86.270491,264,112.501734
795.245025,400,114.354331
233.298523,1,114.392894
-59.117814,106,114.762391
-13.161485,400,116.652522
233.298523,1,116.690806
230.269567,1,116.727839
-64.458411,280,117.384681
796.639232,400,119.214052
401.577176,275,120.884565
-9.562215,300,121.552319
-39.814547,341,123.360003
-19.522551,300,125.068671
6.012818,400,125.928185
-59.981123,341,127.704919
43.77668,400,129.530364
-20.512591,1,129.568338
-7.64261,300,130.170573
20.220433,400,131.973648
-0.780189,300,133.736234
-91.603758,273,134.336306
-12.663937,300,136.031656
-9.731533,400,137.924628
420.780398,341,138.666548
-8.6942,300,140.355075
982.302274,300,142.065082
233.298523,1,142.103375
233.298523,1,142.140575
-41.169451,341,142.876173
233.298523,1,142.914483
-55.136395,341,144.634658
359.929197,209,145.023163
-31.983091,341,146.803403
0.791509,400,148.747101
-19.745472,341,149.412659
738.961032,382,151.249267
-60.629825,270,152.924656
70.26863,400,153.749866
-76.289691,341,155.617201
-40.884635,341,157.383815
361.37261,217,157.891266
-94.273441,190,159.383117
768.955565,400,160.205988
6.443518,341,161.939449
-21.092485,341,163.785473
226.698747,1,163.823777
-42.912232,209,164.274863
-17.509991,300,165.936018
120.343301,400,166.759777
122.964787,400,168.653353
24.150681,24,168.725801
40.822455,32,168.846821
151.235826,400,170.710443
-14.237826,300,172.464937
348.443739,197,172.886155
-30.441512,341,174.681466
-23.016046,341,175.487569
-50.405131,235,176.994568
304.538105,258,177.557365
175.282545,341,179.315647
-27.443113,32,179.400363
895.676593,400,181.260277
-7.626746,341,183.131171
1045.326561,300,183.770611
233.298523,1,183.809037
73.190665,341,185.660015
7.979674,400,187.606724
8.068836,400,188.412708
-36.99259,400,190.289786
36.188732,341,192.058087
57.842416,341,192.787408
-3.965108,341,194.644071
9.890409,341,196.508379
593.839706,255,197.076524
9.234492,341,198.862328
558.305361,247,199.324578
-0.067918,300,201.068076
-18.28504,300,202.854216
233.298523,1,202.892402
370.711507,201,203.306315
-40.693471,400,205.252544
-4.552463,341,205.993069
-15.734321,341,207.848039
-20.896233,300,209.482119
-26.274521,26,209.59598
-18.129426,300,210.238546
-21.507176,341,212.087164
-11.094824,400,214.121343
-77.249937,240,214.520091
871.161374,400,216.448168
77.823639,300,218.123283
378.569905,205,218.622551
-19.755923,341,220.416062
-52.053338,242,220.940096
-114.013211,341,222.74155
697.986207,352,224.635266
-17.362856,7,224.681506
372.184948,202,225.05232
-33.246281,341,226.788905
-2.075681,400,227.567047
365.343027,195,229.071307
-24.2939,300,229.745437
212.544249,1,229.783617
233.298523,1,229.820567
233.298523,1,229.857335
-45.521873,341,231.615286
167.083079,400,233.59865
-37.223992,341,234.322781
-124.724482,341,236.07587
-103.782243,205,237.556989
-15.619966,20,237.623717
-12.47288,341,238.366019
-13.87748,400,240.399351
1052.432246,300,242.173015
132.119528,341,242.93878
233.298523,1,242.976945
-12.022597,341,244.730525
-72.151374,289,246.41789
220.837582,400,247.216881
-49.588165,341,249.105594
-30.312573,300,250.832797
442.000858,229,251.337522
-52.147931,241,251.875521
7.897237,341,253.768729
213.718827,400,255.684367
217.320584,1,255.722537
50.528751,341,257.548148
173.615269,341,258.219183
-7.413128,400,260.140136
-42.95004,341,262.002962
895.05329,400,262.948104
-12.248583,400,264.86967
-192.830713,341,266.662992
-28.569007,300,268.469765
233.298523,1,268.507835
105.581309,300,269.181955
686.66024,341,271.078804
419.583152,231,271.642553
-23.153791,400,273.616996
183.234785,300,275.417517
233.298476,1,275.455757
15.539549,341,276.147918
-177.648963,341,277.973809
0.184197,341,279.738324
56.666744,341,280.555279
167.813767,300,282.359176
-52.893183,400,284.394602
357.605231,192,284.833446
15.928042,260,286.806497
16.253018,341,287.580845
-18.8617,341,289.661724
374.353618,208,290.188974
233.298523,1,290.226861
356.474709,193,292.098508
402.193805,341,292.936818
233.298523,1,292.975372
233.298523,1,293.012277
-21.938074,400,295.2284
233.298523,1,295.267763
412.451284,219,297.05339
94.818448,300,297.647036
102.476506,341,299.72142
233.298523,1,299.759765
462.035548,250,300.28099
393.938204,216,302.069877
17.063059,341,302.727927
-39.011874,341,304.740035
-92.210154,245,305.263037
-27.313957,400,307.47702
139.639555,341,309.570649
603.048065,308,311.638318
233.298523,1,311.67634
-14.700058,41,311.776055
-63.78045,341,312.481405
28.677015,341,314.556786
227.959493,1,314.595448
38.143796,29,314.682356
-81.733577,202,315.101635
234.070085,1,315.139825
233.298523,1,315.17673
26.520769,252,317.232866
41.349924,341,319.012427
-30.08508,341,319.677528
830.442292,400,321.834628
-2.926963,295,324.114086
33.013516,26,324.188872
1049.633445,300,324.782137
342.570044,300,327.029427
269.89114,400,329.385387
283.35812,300,330.009058
-28.341322,300,331.716256
445.470771,246,332.260925
307.534016,400,334.084352
-37.943576,300,335.825639
81.086625,341,336.542135
898.437597,400,338.407785
16.121432,341,340.194084
435.085801,237,340.717824
424.530833,237,342.299481
957.848108,300,342.908166
-9.855806,5,342.951886
126.19765,341,344.703094
685.332498,341,346.464418
680.845576,341,347.262423
193.776251,341,349.035917
35.354986,319,350.776983
-20.355296,5,350.891948
35.238858,341,351.700984
233.298309,1,351.739108
41.018366,341,353.509278
-77.159813,300,354.116659
-111.778453,235,355.693498
-222.744429,341,357.482728
374.326015,300,358.175411
463.66218,248,359.866985
-96.475611,251,360.311064
-73.760315,341,362.064146
381.526486,300,362.738383
38.96397,341,364.467807
-115.876945,294,366.173037
452.51063,341,366.823395
233.298523,1,366.863575
91.212334,341,368.592362
58.285366,341,370.422354
446.483642,300,371.078283
224.867818,1,371.116464
233.298523,1,371.15342
-22.408508,10,371.207744
93.532602,341,373.043283
481.915153,341,375.027757
22.45927,341,375.823328
427.425265,341,377.570342
-253.771921,341,379.436985
19.232093,304,379.973724
-101.737765,260,381.619745
233.298523,1,381.657582
678.43949,341,382.30709
389.958617,300,383.98799
420.606622,235,384.55891
1.240632,341,386.364783
-59.862757,300,388.245761
233.298523,1,388.284169
368.202051,204,388.658153
8.674317,14,388.716431
434.171092,244,390.311259
-20.174192,1,390.351428
264.716707,400,391.131827
213.219157,400,393.175477
400.751311,233,394.790088
34.775002,341,395.577586
-60.569314,400,397.506536
440.737387,244,398.052267
-47.957251,300,399.7786
429.695598,231,401.38681
-240.154969,341,402.067432
99.718496,341,403.885934
-49.399191,300,404.596635
939.399398,300,406.254508
64.481334,250,407.944996
38.337245,341,408.611507
969.399665,300,410.384468
-91.514661,218,410.869369
900.373418,400,412.800312
456.722949,285,414.445298
-50.866581,300,415.123843
533.325901,341,416.983474
892.12339,400,418.902638
90.240568,341,419.628
679.1291,341,421.461539
561.860775,341,423.194753
233.298309,1,423.233144
113.144283,341,423.905946
426.002515,248,425.522272
233.298523,1,425.560122
162.651471,329,426.33571
311.728108,400,428.272839
-234.719016,341,430.008484
912.49996,400,431.915778
448.048866,300,432.483068
-24.822537,19,432.587677
459.212141,300,434.320359
34.888464,341,435.043899
-248.476798,341,436.890309
383.172774,341,438.710426
-68.04103,400,440.722198
118.162887,341,441.406502
-59.450395,400,443.259219
63.030876,341,445.080673
-211.25452,341,445.885366
463.092012,300,447.584807
-43.200376,400,449.535736
291.928054,400,451.422048
-28.328554,400,452.271235
233.298523,1,452.310127
-63.179676,300,454.011709
-42.51161,300,454.610442
233.298523,1,454.650747
415.091347,227,456.202407
-23.043238,13,456.259797
455.725708,249,456.847617
-63.127863,300,458.444531
-38.187914,400,460.485709
228.942036,1,460.524464
69.761402,341,461.179752
900.705615,400,463.009476
-30.477647,400,464.995392
55.466173,341,466.845895
-122.089486,320,467.566071
-24.450377,19,467.635287
510.13583,300,469.370174
297.994827,400,471.281051
-81.259612,300,471.850425
540.35789,300,473.590728
609.081337,341,475.437242
909.566989,400,476.268619
-38.011437,300,478.026114
-24.501701,24,478.10397
235.558539,1,478.141919
233.298523,1,478.178982
56.860055,341,480.062423
413.803672,228,480.574878
398.396145,300,482.33077
266.045057,400,483.334623
58.981967,341,485.038763
-111.755507,400,487.013496
733.400975,341,488.917052
-89.165916,400,489.77707
192.176127,391,491.619864
110.653503,341,493.438942
309.668015,400,495.468646
890.149334,400,496.243383
233.298523,1,496.281519
-71.498295,300,497.989513
-147.850189,381,499.851548
151.309359,341,501.489504
444.916282,253,503.125182
438.890688,341,503.874727
-133.171787,352,505.65327
-28.406798,300,507.440578
233.298523,1,507.478678
416.130299,300,508.153085
591.907354,341,509.87097
-43.042415,300,511.509467
686.176652,346,512.245691
-83.830101,300,513.902076
35.430445,27,514.01522
893.916098,400,515.913084
-254.765375,341,516.606227
225.668906,1,516.644446
308.759574,400,518.529283
224.478864,1,518.56746
423.000617,238,520.186744
134.786838,341,520.835542
-27.262774,300,522.512676
68.785109,254,523.081031
58.488392,225,524.652234
573.960455,300,525.297187
57.744493,341,527.138024
46.390718,163,527.463569
1055.54216,300,529.179322
233.298523,1,529.217402
891.082802,400,531.110145
356.621756,195,531.510353
1033.463991,300,533.180798
894.339779,400,534.069845
284.28123,400,535.929615
886.534084,400,537.928416
230.274304,1,537.966916
-17.947695,1,538.004249
84.510862,341,539.742901
-39.770589,400,541.76761
909.340707,400,542.560343
295.306289,400,544.423364
596.190379,341,546.139927
70.50092,341,546.833529
-1.857031,320,548.543785
282.611231,400,550.492971
972.527382,300,551.165349
136.726684,341,552.925553
238.586821,341,554.654455
585.73911,341,555.3111
1015.362904,300,557.050462
102.092809,341,558.945264
-50.802626,400,559.872519
1050.094231,300,561.515974
804.280469,400,563.453883
41.715968,209,563.812247
454.788485,341,565.633374
437.476833,234,566.083493
50.50336,261,567.759594
292.628348,400,569.677654
118.745583,264,570.198486
387.344028,300,572.013889
419.391062,341,572.763285
-97.607813,238,574.334295
336.637401,341,576.094683
1052.580441,300,576.749846
35.706367,341,578.497151
-48.847162,300,579.120441
232.964253,1,579.158548
-157.207593,341,580.903333
417.167421,341,582.665148
301.270649,400,583.453187
8.914014,341,585.299214
16.963273,18,585.372626
210.559037,1,585.409836
93.305061,341,587.172591
-19.45585,1,587.213581
-7.992243,6,587.25741
441.853675,341,589.092261
233.298523,1,589.130458
37.464708,315,589.747025
-85.894527,223,591.352269
233.298523,1,591.391095
468.717219,300,592.028469
229.315902,1,592.066528
682.499989,341,593.881047
-64.523631,300,594.610304
437.665385,341,596.292437
-52.918363,300,598.094395
48.436726,341,598.78729
-13.795741,400,600.729565
233.298523,1,600.767684
-53.788733,300,602.476597
33.994636,31,602.564656
-34.631641,300,603.106097
92.751474,341,604.971962
399.47352,217,605.519272
902.851679,400,607.339123
288.290281,400,609.209261
35.994389,306,610.887151
-65.635874,300,611.478088
232.867712,1,611.518968
-227.970985,341,613.247073
370.326962,228,613.728805
346.7318,194,615.199401
891.430209,400,615.979065
-17.954173,1,616.018594
-169.201545,341,617.815181
502.823124,300,619.567593
509.293052,300,620.168975
230.115477,1,620.207552
233.298523,1,620.244529
-53.275721,400,622.042065
-16.082972,11,622.09552
701.986481,341,623.896575
155.54925,341,624.683583
223.848235,1,624.721878
727.773231,341,626.450712
1065.963051,300,628.244174
500.088372,300,628.897512
892.587671,400,630.80272
578.613355,341,632.590007
495.838793,300,633.353532
-68.401978,400,635.249446
400.650102,213,635.745666
1053.594551,300,637.434811
233.298309,1,637.47336
-233.330242,341,639.214725
495.051532,341,639.944824
424.573045,237,641.533897
298.462805,400,643.401203
-9.335403,341,644.133389
-38.888091,400,645.98851
-66.720412,138,646.302473
398.607683,213,647.840693
114.589125,341,648.701991
-59.411088,341,650.489995
30.561674,279,652.199478
-58.348742,300,652.824203
213.757694,1,652.862494
233.298523,1,652.899347
-90.742318,400,654.720488
233.298523,1,654.75916
1050.211488,300,656.461112
233.298523,1,656.49937
401.877582,225,656.903534
-24.466154,24,656.973531
230.191607,1,657.010648
521.35111,341,658.805358
-46.483421,300,659.410804
233.298881,1,659.450748
-17.259597,5,659.495677
520.770644,341,661.254018
1066.871203,300,662.970438
375.059212,202,663.45558
458.484748,246,665.002588
538.400426,300,665.663262
310.374217,400,667.540887
-15.346491,400,669.509398
228.244474,1,669.547632
547.340154,341,670.217453
-28.531227,400,672.07708
528.893628,341,673.870823
233.298523,1,673.909368
546.554619,341,674.665616
260.924924,341,676.383969
366.925455,200,676.792407
914.244296,400,678.651811
309.734527,341,680.513149
94.240914,341,682.331707
233.298523,1,682.370028
512.291218,300,682.953826
531.804371,341,684.689679
-32.093906,64,684.85377
6.089608,341,686.654017
109.419821,341,687.536233
303.511131,400,689.392018
233.298523,1,689.430497
-67.994936,300,691.173476
1062.060691,300,691.835291
49.363203,341,693.583343
406.670958,226,694.101111
229.524026,1,694.138983
569.760204,300,695.80259
232.266288,1,695.841877
57.728027,274,697.556219
886.241419,400,698.336016
-27.736192,400,700.20355
568.347128,247,701.787565
-35.096397,300,702.46939
400.186971,341,704.289062
64.797818,256,704.855575
1013.85268,300,706.533236
572.9245,341,708.431515
951.281849,300,709.101896
-60.193999,300,710.881037
335.322689,341,711.528651
17.20855,341,713.279407
458.894461,300,714.94573
228.08564,1,714.983949
67.04946,196,715.3899
415.859518,227,715.932944
1067.797224,300,717.562504
0.012667,10,717.612613
-162.213574,341,719.466445
35.428801,27,719.544049
233.298523,1,719.581427
-42.547867,341,720.314399
1086.820016,300,722.049613
374.934558,300,723.770183
462.310931,341,724.556435
79.016591,198,726.008932
233.298523,1,726.049761
228.982014,1,726.086748
220.146352,1,726.123706
398.882898,214,726.549642
1058.985206,300,728.220072
889.003322,400,729.117671
397.797493,236,730.646989
-46.550618,300,732.276151
18.944061,341,732.969067
233.298523,1,733.00723
-26.788154,400,734.898894
-15.894638,2,734.939498
366.593044,341,736.657504
292.445477,400,737.418207
347.708147,198,738.904268
229.782249,1,738.943957
-24.729666,400,740.828467
312.001828,341,741.474363
-44.764661,300,743.21891
-23.459225,14,743.28145
561.218078,300,743.995087
-34.784338,300,745.719188
43.236921,250,747.331336
208.469333,1,747.369431
396.269599,213,747.753242
573.928865,341,749.677748
-8.230014,19,749.7779
30.947442,252,750.332062
-23.411547,341,752.171693
-35.291319,156,752.558663
233.298523,1,752.596529
291.301553,400,754.460096
61.498565,284,755.023633
69.951817,235,756.552549
72.538575,268,757.267329
114.477535,341,759.058994
555.432797,300,760.800013
233.298523,1,760.83844
308.424057,400,761.602097
233.298523,1,761.640205
389.82543,341,763.40369
24.16625,22,763.471595
-35.676557,341,765.272465
70.494467,400,767.15997
62.136592,207,767.573033
1054.028086,300,769.240186
-23.217915,300,769.864073
68.211739,225,771.49454
284.172812,400,772.281617
381.8527,341,774.162197
285.252443,400,776.058535
328.732171,341,777.922855
-33.608056,400,778.781425
49.77959,217,780.251518
119.566664,341,780.935718
-25.813219,19,781.1083
-26.968487,400,782.941724
-9.792378,291,784.653105
-25.531602,400,786.517284
482.33442,341,787.29432
741.252868,373,789.105792
-30.494235,400,790.961872
-49.989547,300,791.678562
294.858911,400,793.589511
57.76942,239,795.244542
412.414594,222,795.724456
22.541663,341,797.56296
112.262345,341,798.305762
503.484717,300,799.982428
24.615526,341,801.749433
515.12113,300,802.524666
-70.33575,300,804.261391
233.276974,1,804.299942
-8.075948,400,806.152345
121.515123,341,806.8744
62.872053,229,808.386107
298.083544,400,809.246395
-24.53724,400,811.20543
233.298523,1,811.243893
204.830591,341,812.948458
362.710297,198,813.511075
65.78289,246,815.108588
69.093335,237,815.677577
1051.147924,300,817.407443
229.09678,1,817.446764
-24.198695,400,819.369077
-17.706893,341,820.165356
-17.099434,7,820.213399
1019.841263,300,821.889067
-243.062139,341,823.693762
404.069732,221,824.183624
-233.106458,341,825.988813
389.516074,222,826.57391
-38.661333,400,828.457392
132.203491,341,830.251344
-30.201861,400,831.236677
493.850583,300,832.869126
-70.935004,341,834.673551
-23.363524,400,835.484519
-92.941068,400,837.348637
18.281484,341,839.130085
228.49871,1,839.170344
-188.220699,341,839.989082
463.357772,237,841.529273
-15.792286,21,841.596174
224.542285,1,841.633104
-19.499984,1,841.669191
-29.803355,400,843.617153
275.934231,400,845.513338
559.607862,300,846.237462
6.038088,341,848.084354
-9.028964,400,850.02505
-79.716682,300,850.623247
-23.979555,400,852.521987
-36.205068,300,854.146407
69.616227,215,854.623673
209.511265,341,856.364798
513.809129,341,857.067244
56.771023,341,858.826666
165.223282,321,860.517436
-299.120796,341,861.222534
403.326106,222,862.879161
1053.859322,300,863.474167
146.68798,341,865.196676
-22.486136,300,865.792058
233.298523,1,865.830174
422.412225,254,867.396277
-66.87832,300,869.158038
317.031094,174,869.483975
-22.351319,300,871.26624
74.878095,222,871.734789
462.326083,246,872.291705
-30.838343,300,873.991882
-67.150967,300,875.724722
-10.35866,400,876.538824
359.877741,200,878.040398
117.229274,341,878.715503
-17.387904,400,880.710433
-224.213347,341,882.556083
469.295776,341,884.326249
673.840379,333,885.004115
66.71985,341,886.870012
5.434556,12,886.923596
420.190362,249,887.437543
-29.45959,400,889.413014
-52.751432,26,889.493931
23.325282,341,891.379306
-17.872436,400,893.306286
-134.432676,400,894.058675
-21.945665,400,895.958348
-13.736223,400,897.843296
-76.346208,400,899.70489
233.298523,1,899.74323
54.529314,341,900.41735
-54.613728,400,902.320743
32.114043,27,902.51434
624.510034,321,904.21438
309.096821,170,904.534646
-28.605403,300,906.22663
449.300642,239,906.737192
-9.636093,341,908.533064
-0.381949,400,910.430618
-37.216266,31,910.515184
-44.395531,300,911.217199
65.077245,341,912.947181
301.365984,400,914.912015
1060.050311,300,915.557098
-40.570975,300,917.224252
8.992081,341,919.045683
323.559154,176,919.550685
6.77627,400,921.445282
-18.36288,400,923.282621
-30.307856,400,924.198678
443.093707,341,925.982565
833.131297,300,927.718967
-97.954124,341,928.399603
461.6133,300,930.097818
457.058851,248,930.558639
439.932719,300,932.213599
882.230043,300,933.921514
-24.309776,300,934.614083
414.612975,224,936.202828
474.009249,300,936.791968
-17.881061,1,936.829515
30.726479,333,938.55924
233.298523,1,938.597441
-31.907884,400,940.483907
-31.414543,400,941.305931
506.530154,300,942.9711
-26.037703,400,944.927402
114.38531,341,945.663633
-41.483927,300,947.371375
882.60915,400,949.298456
294.879464,341,950.091538
496.891487,229,951.621418
71.41652,341,953.405464
375.87924,341,954.064328
485.844549,300,955.722822
-25.757699,400,957.677503
518.128745,300,958.341095
376.862715,206,959.948847
413.281872,229,960.39143
-26.449776,300,962.05392
509.508584,300,962.599221
380.922601,205,964.194625
233.298523,1,964.232592
39.781999,300,964.849106
-8.938995,400,966.727919
69.693566,341,968.488058
355.174218,193,968.840068
73.023948,341,970.640593
75.411963,222,971.195861
233.298523,1,971.235962
458.0657,341,973.064222
37.200671,341,973.765101
-36.095997,300,975.478238
-108.283668,232,976.014892
-30.179217,300,977.673287
64.326248,222,978.137718
-40.872037,196,979.611045
897.063784,300,980.196203
522.469646,341,982.062169
116.718537,341,983.799448
-31.979711,300,984.468145
893.13803,400,986.328206
-14.477277,400,988.272157
908.500197,400,990.122685
-11.377309,14,990.179208
-48.290091,400,992.051112
-30.530531,400,992.779554
233.298523,1,992.817757
-25.631777,400,994.793164
292.114689,400,996.605173
99.096599,341,998.396161
83.929324,341,999.038728
-27.568602,300,1000.783174
-22.402059,400,1002.753742
-25.182054,400,1003.591115
273.464855,341,1005.362077
148.050489,341,1007.149228
463.010941,236,1007.772798
1199.185218,300,1009.429299
-20.716017,3,1009.472027
233.298523,1,1009.509089
217.90635,1,1009.546481
896.034928,400,1010.443595
536.919567,341,1012.277725
-23.179641,13,1012.337683
15.984146,341,1014.126252
108.787333,341,1015.902282
233.298523,1,1015.940459
233.298523,1,1015.977437
118.792105,341,1016.616946
508.136984,341,1018.412222
416.27426,223,1018.772211
439.900846,245,1020.43048
62.875368,191,1020.956984
156.867842,341,1022.675868
-25.945498,300,1023.243045
455.136694,341,1025.066238
225.183399,1,1025.104582
-28.442234,300,1026.794547
141.597606,282,1027.410312
1062.92884,300,1029.055525
64.725973,187,1029.475088
229.21815,1,1029.513387
72.41565,341,1031.26341
1050.714772,300,1031.905161
341.704433,183,1033.315916
1028.885377,300,1033.908846
-22.959544,400,1035.837762
354.721543,192,1037.292836
589.818542,341,1038.041214
64.736833,241,1039.643564
176.631949,367,1040.421634
372.928114,202,1041.908163
-25.414375,20,1041.97513
-17.565518,400,1043.845896
-15.716513,400,1044.59671
1052.123299,300,1046.298585
375.897283,200,1046.754976
64.553896,194,1048.224307
104.34727,341,1048.925642
379.538683,203,1050.398472
66.101998,221,1050.89543
369.166562,199,1052.406809
491.580422,300,1052.949903
404.727004,218,1054.507979
60.85625,179,1054.83903
489.923311,300,1056.521399
589.125603,300,1057.085152
507.687631,341,1058.79401
128.398819,341,1059.43145
55.38876,341,1061.138453
419.065569,223,1062.659333
57.641001,175,1062.993884
179.927969,341,1064.814311
97.693785,341,1065.44538
520.732443,300,1067.164792
127.958247,341,1067.827475
32.413496,329,1069.529231
13.913343,16,1069.616259
-32.441433,400,1071.449202
501.226216,341,1073.189229
1049.28666,300,1073.768794
-31.213172,400,1075.648515
486.032842,300,1077.364014
372.551742,341,1077.990941
298.847636,400,1079.792349
-40.963777,300,1081.435807
129.020801,341,1082.218183
123.400656,341,1084.010804
70.091532,200,1084.436878
-31.115011,300,1086.105582
335.579047,341,1087.865518
-13.56276,18,1087.923299
503.13718,254,1088.427094
-51.808261,300,1090.141237
108.018648,341,1090.77365
113.656012,341,1092.497571
-76.756875,400,1094.45717
2.043791,11,1094.509475
16.902581,341,1095.310063
106.399933,341,1097.072961
124.52063,341,1098.855199
70.007829,341,1099.611613
624.550683,341,1101.377322
-41.75454,300,1103.141869
449.373884,300,1103.745222
-48.068942,300,1105.399839
325.970687,177,1105.782547
4.645965,12,1105.834186
568.224745,285,1107.427188
-28.881675,300,1107.996645
88.642405,341,1109.725909
1071.727869,300,1111.341177
-23.589761,22,1111.405108
-26.067759,400,1112.183162
233.298523,1,1112.216621
924.927691,400,1114.163141
-20.504895,400,1116.149257
41.054512,285,1117.868123
70.536546,341,1118.560338
-35.977329,400,1120.430814
70.393218,253,1122.086229
233.298309,1,1122.119499
467.303154,300,1122.729004
169.752877,341,1124.476526
71.244315,296,1125.108169
656.988682,329,1126.866884
-42.327316,300,1128.530239
-12.850122,341,1129.216488
233.298523,1,1129.251014
76.050159,341,1130.886032
-18.299603,400,1132.794309
1063.318343,300,1133.415513
8.93757,54,1133.62136
71.580704,233,1135.215518
490.148126,341,1137.035457
-243.787308,341,1137.701412
548.023457,283,1139.429038
35.303955,133,1139.738907
298.769503,400,1141.609653
361.332008,197,1142.045259
244.093777,341,1143.792858
155.831002,312,1144.49852
-41.075662,300,1146.185048
18.151162,18,1146.2889
-20.227846,1,1146.326881
531.616635,300,1148.064374
313.447619,400,1148.992643
95.583565,341,1150.83249
504.619531,300,1152.57115
349.794361,188,1153.038422
398.210314,341,1154.837789
455.598023,341,1155.492585
-209.957658,341,1157.361346
-20.066719,400,1159.31167
-34.119148,300,1160.044758
1065.601139,300,1161.720939
496.565252,300,1163.545447
233.298309,1,1163.58326
60.628647,287,1164.14875
292.554398,400,1166.12869
233.298309,1,1166.166418
228.630441,1,1166.203712
42.290997,237,1166.74594
333.708044,341,1168.594803
615.410858,307,1170.352993
-23.1033,400,1171.343555
338.889926,291,1173.188869
-8.208904,21,1173.261605
656.293555,300,1175.009057
-67.047368,300,1175.805819
294.777017,400,1177.712809
215.351243,1,1177.750855
87.503802,341,1179.626731
904.853302,400,1180.458755
495.380611,341,1182.344901
43.245498,333,1184.169544
233.298523,1,1184.209368
-21.444642,6,1184.255
-41.490245,400,1186.209941
233.298523,1,1186.247743
388.491536,341,1186.934248
233.298523,1,1186.97192
-27.799868,24,1187.043585
-30.287405,300,1188.70854
300.201295,400,1190.525995
67.756822,225,1191.048252
142.209989,282,1192.776606
-86.404184,400,1193.679384
178.913903,365,1195.452806
233.298523,1,1195.490649
518.358214,300,1197.104628
132.566343,294,1197.855374
524.571095,300,1199.733946
27.14646,23,1199.808749
197.357168,379,1201.662361
414.592416,221,1202.169851
346.909895,341,1203.940349
-11.328978,15,1203.998102
-2.008809,341,1204.651289
233.298523,1,1204.689434
471.427102,341,1206.486224
-34.097864,300,1208.217326
-26.626742,300,1208.983656
409.77756,341,1210.847677
-126.879174,400,1212.747112
-80.632723,400,1214.735899
-56.092632,400,1215.656665
-20.25748,1,1215.694679
233.298523,1,1215.731938
313.782971,400,1217.622669
-7.308516,23,1217.766207
172.561814,378,1219.601328
-131.857485,341,1221.459996
295.617037,400,1222.284126
233.298523,1,1222.322225
192.81983,367,1224.211848
627.331914,300,1225.96537
-35.956195,300,1226.59566
137.910723,341,1228.364834
-77.522393,300,1229.035661
75.954552,254,1230.730423
4.632066,12,1230.788213
201.818541,341,1232.598155
377.960995,341,1233.260458
1049.517471,300,1234.988238
26.294419,23,1235.066947
964.305296,300,1236.835479
-111.303429,300,1237.53615
-103.689316,300,1239.272329
894.298404,400,1241.169082
436.851923,341,1241.870402
139.862777,279,1243.597995
300.849249,400,1245.650133
77.535172,254,1246.104107
401.306742,341,1247.87016
233.298523,1,1247.907883
399.283095,341,1248.615472
-63.814989,300,1250.388159
80.604408,241,1250.920918
-67.798978,300,1252.634837
480.976054,341,1254.411605
530.866914,341,1255.101446
87.010259,272,1256.727139
-20.134335,1,1256.765231
310.767156,341,1258.530138
46.444174,341,1259.190353
342.185001,341,1260.951833
239.269005,1,1260.989903
567.348439,341,1262.813564
-12.880756,341,1263.540622
312.150405,400,1265.400531
233.298523,1,1265.440549
312.592466,331,1267.250729
233.298523,1,1267.288617
191.486664,341,1268.02054
620.50974,341,1269.815724
604.447766,300,1271.498313
416.601629,223,1272.001342
-59.949062,341,1273.875982
52.843756,341,1274.597112
-107.96461,300,1276.280983
-91.886823,400,1278.111724
125.653642,341,1278.879092
624.920852,310,1280.516392
-58.259203,400,1282.409841
233.298523,1,1282.447813
933.642843,300,1283.041539
145.732835,309,1284.823195
233.208622,1,1284.86075
-12.004438,4,1284.904372
146.054532,291,1285.558358
18.121018,19,1286.731962
651.449977,341,1287.455747
-34.812833,300,1289.279289
210.896062,111,1289.504715
-30.63563,400,1291.495821
10.111929,15,1291.557535
297.593152,400,1293.524222
3.1885,57,1293.651872
233.298523,1,1293.689346
504.544742,341,1294.516274
-11.159659,32,1294.605424
233.298523,1,1294.642804
368.265826,198,1296.20108
-78.526822,400,1298.178619
-23.050979,22,1298.246188
-56.243856,400,1299.161922
142.507225,341,1300.930889
233.298523,1,1300.968933
529.276577,341,1302.802388
346.341173,188,1303.270309
19.03533,19,1303.34068
207.461725,1,1303.378289
-92.828257,300,1305.089436
553.495956,341,1305.864266
131.967578,341,1307.719138
-37.345235,300,1309.56404
303.978988,400,1310.432527
62.637569,192,1312.044261
594.847435,341,1312.880544
756.510436,381,1314.677254
461.317426,341,1316.475147
391.291774,210,1316.941864
-64.29321,300,1318.659202
208.364581,1,1318.697381
291.497237,400,1320.738104
27.795248,341,1321.474247
-11.334143,17,1321.53891
51.779643,341,1323.482059
168.69255,353,1325.330325
-85.259131,300,1326.057017
67.871087,197,1327.607846
744.577449,257,1328.216915
14.898363,17,1328.28731
219.5092,1,1328.325002
603.671909,300,1330.011682
-21.851143,11,1330.064166
72.377512,341,1331.859467
214.299997,1,1331.897517
196.985025,106,1332.08621
44.652015,341,1332.854768
317.345747,341,1334.654997
984.723139,300,1336.380706
-28.771399,41,1336.479389
-20.110432,1,1336.515827
16.035835,17,1336.575693
586.823038,300,1337.289001
365.858085,341,1339.054744
-43.317021,400,1340.976425
-91.952745,300,1341.736714
59.602934,203,1343.29251
587.876419,300,1344.057778
233.298523,1,1344.095581
414.406974,221,1345.596417
59.195262,207,1346.158586
-165.02029,341,1347.914526
23.11374,400,1349.841006
-105.059093,300,1350.437716
133.696952,341,1352.407146
155.22389,341,1354.332734
-402.187525,341,1355.267242
233.349722,1,1355.305227
457.204487,341,1357.251915
564.437177,300,1357.949032
26.797607,400,1359.802461
233.298523,1,1359.84046
330.112751,264,1361.418316
507.149324,341,1362.068178
399.109832,215,1363.551669
73.53875,239,1364.165437
564.75815,300,1365.882043
386.619061,208,1366.302909
7.299192,400,1368.288312
233.298523,1,1368.326355
-11.699955,15,1368.389569
74.549322,222,1369.898494
-32.964912,300,1370.659239
-27.642476,400,1372.543392
-70.88842,300,1374.27535
97.558833,341,1374.953808
58.970048,212,1376.560914
387.370527,211,1376.999071
64.760531,275,1378.777275
-20.237012,1,1378.815049
365.454899,197,1379.310904
-78.280062,213,1379.766119
291.463679,400,1381.787342
453.026684,341,1383.514973
510.168449,263,1384.018516
-23.23728,17,1384.079644
-76.024145,341,1386.058281
433.175045,234,1386.563956
-24.797345,400,1388.495593
-26.105686,4,1388.537127
195.977809,371,1390.32653
-9.798426,400,1392.282367
745.952606,378,1394.242165
465.16197,236,1394.851766
558.69665,341,1396.66849
-20.246265,1,1396.70686
55.232777,320,1397.428877
395.316987,210,1398.974791
-21.841236,8,1399.023067
-20.170314,1,1399.059547
4.049927,12,1399.112244
508.644627,300,1399.720074
-300.036282,341,1401.482382
36.326917,28,1401.56021
1060.301365,300,1403.224043
-1.736029,400,1404.075476
130.694552,270,1405.705282
418.50887,341,1407.385526
146.469999,341,1408.207596
-6.967053,400,1410.099155
-127.193859,400,1412.167605
30.292601,25,1412.248977
541.991725,300,1413.061693
502.131697,341,1414.83107
-166.023006,341,1416.717015
577.148306,341,1417.365496
-42.209305,36,1418.56586
205.76534,1,1418.60392
171.033092,341,1419.276848
538.733268,341,1421.005677
233.298309,1,1421.043483
-92.957468,300,1421.789938
94.598089,269,1423.376526
-64.357425,123,1423.629649
135.401705,341,1425.396881
233.298523,1,1425.436552
526.378495,341,1427.382879
470.986623,341,1428.078639
-21.325131,400,1429.953827
38.725274,341,1431.682407
185.732536,373,1432.456948
414.415905,220,1434.143544
1067.953087,300,1434.863941
524.99525,341,1436.673687
-26.395261,400,1438.535854
432.866565,231,1439.037335
375.476191,202,1440.544788
-5.838157,7,1440.591218
292.844054,400,1441.554653
350.244272,189,1443.096512
-15.183636,400,1444.997775
476.714248,300,1445.607028
410.501893,218,1447.129034
367.482872,198,1447.605999
337.991263,184,1448.014425
526.213921,341,1449.938072
439.936421,235,1451.522124
129.116268,341,1452.399324
639.102792,324,1454.210371
64.949555,197,1454.785976
749.578746,376,1456.680887
233.298523,1,1456.718446
233.298523,1,1456.755681
-9.048378,20,1456.8945
214.475905,1,1456.932255
396.112234,341,1458.694209
233.298688,1,1458.732352
311.459489,400,1459.572215
-79.163278,300,1461.238631
-14.29161,11,1461.292185
480.261032,341,1463.113071
233.298523,1,1463.150747
889.43266,400,1464.051638
-16.296902,6,1464.097216
-21.389316,300,1465.877499
233.298523,1,1465.915654
538.183108,341,1467.796973
141.266609,288,1468.402754
174.292689,338,1470.141351
384.970099,210,1470.697645
449.901115,341,1472.484806
902.531473,400,1474.473614
53.964655,229,1474.923553
-8.737248,24,1474.995288
64.892048,214,1476.545039
127.379641,341,1477.274719
19.231473,400,1479.128221
-16.97081,300,1480.807572
418.326093,228,1481.256464
909.073859,400,1483.183211
212.81328,341,1484.951528
533.687946,341,1485.751778
-39.361109,400,1487.659381
167.324897,341,1489.468464
298.137415,400,1491.466049
312.190641,400,1492.321385
898.509091,400,1494.229924
-55.035701,300,1495.86588
302.722065,400,1496.729937
153.196985,341,1498.422943
-69.053234,400,1500.315706
157.894028,341,1502.062571
521.851751,341,1502.798483
208.188904,1,1502.836344
1063.86752,300,1504.564601
313.281824,400,1506.438645
143.992459,341,1507.137634
-7.404828,24,1507.217994
233.298523,1,1507.255299
73.893225,231,1508.87511
-20.296457,1,1508.913375
677.268076,340,1509.630627
-63.494536,300,1511.358375
208.061451,1,1511.397591
597.96189,299,1513.128469
168.399326,341,1513.835128
357.504034,341,1515.577671
117.114458,341,1517.338767
140.196809,341,1518.019145
327.481336,170,1519.523679
-75.855637,300,1520.148555
1056.627648,300,1521.74482
1063.907064,300,1522.384118
524.707489,300,1524.097
233.298523,1,1524.134781
184.914482,361,1525.893713
-20.211714,1,1525.931159
-67.274498,400,1526.708621
8.149876,14,1526.765125
125.091419,261,1528.366354
321.898855,177,1528.722464
224.478712,1,1528.76004
-38.860155,300,1530.438495
233.298309,1,1530.476532
1069.193749,300,1532.217771
531.136264,300,1532.905039
341.81156,185,1533.333193
873.118864,400,1535.262309
-23.459254,300,1536.927471
209.787713,1,1536.965424
233.298309,1,1537.003015
-11.280627,300,1537.672877
53.846923,271,1539.334111
52.818911,400,1541.19773
326.114012,400,1543.188725
233.298523,1,1543.226539
-238.874091,341,1543.954603
233.298523,1,1543.992339
613.903979,306,1545.716882
895.637582,400,1547.531613
233.298523,1,1547.569568
-35.186245,300,1548.190176
-20.343622,2,1548.231002
-65.825431,300,1549.935865
-92.432656,300,1550.558516
158.467683,341,1552.37254
-69.203095,300,1554.239272
97.935982,341,1555.011623
-54.241291,300,1556.792631
-16.790594,300,1557.466769
233.298523,1,1557.504958
69.875977,221,1559.017445
505.428172,341,1560.808669
233.298309,1,1560.84657
-35.991677,400,1561.605101
-24.859023,18,1561.672226
-16.923918,300,1563.346232
-3.848053,26,1563.421242
347.675996,341,1565.228948
79.845207,264,1565.854377
55.022331,238,1567.454473
113.852939,341,1568.191685
233.298523,1,1568.229363
551.930639,341,1569.969405
233.298309,1,1570.00719
890.745556,400,1571.84477
-76.378168,98,1572.030452
364.745447,341,1573.782961
-10.635786,30,1573.863324
896.34476,400,1574.694074
-68.768989,300,1576.390721
-13.842212,3,1576.431785
913.079945,400,1578.311573
-29.931051,400,1580.186955
233.298523,1,1580.226589
349.982143,188,1580.611002
915.022186,400,1582.637438
127.151182,341,1583.409486
338.161445,183,1584.937913
425.956431,341,1585.684151
33.105274,26,1585.795375
1066.372882,300,1587.425096
297.924371,400,1589.327204
414.041867,300,1590.099826
428.345165,300,1591.835507
39.155821,341,1593.761937
414.401719,230,1594.225388
231.780025,1,1594.264323
-36.417545,400,1596.117254
401.47757,213,1596.71982
376.043151,341,1598.633931
40.437132,127,1598.89742
-7.283928,6,1598.942869
-90.470589,300,1600.658322
-22.69863,19,1600.726032
-11.467312,1,1600.763509
233.298523,1,1600.80066
-1.998344,9,1600.85062
-24.874559,300,1601.507101
-31.111208,400,1603.556765
662.861877,336,1605.393283
288.0037,400,1607.38172
382.225726,341,1608.130357
-75.210359,300,1609.750568
-35.107762,400,1611.804411
443.295873,300,1612.589876
26.039218,400,1614.4932
28.698445,400,1616.418241
1055.762448,300,1617.030869
35.504654,400,1618.980482
912.563881,400,1620.854752
-77.043465,300,1622.693624
233.298523,1,1622.733781
369.045129,341,1623.556263
375.8346,201,1625.061365
457.800953,242,1625.519074
904.68015,400,1627.438576
492.571423,341,1629.254877
1056.152509,300,1629.993164
-24.386214,400,1631.917271
233.298523,1,1631.955423
-51.049148,400,1633.812678
1065.40281,300,1634.410622
233.298523,1,1634.450815
69.96353,283,1636.076747
74.954072,191,1636.542771
81.099385,334,1638.337665
-72.748353,300,1640.120562
64.439766,341,1640.823
233.298523,1,1640.860917
232.507814,1,1640.89836
307.831043,167,1642.306478
70.85652,229,1642.937474
66.936639,323,1644.706498
156.757234,341,1645.435807
96.032473,341,1647.347417
339.678637,188,1647.762374
128.824338,341,1649.571041
1063.622124,300,1651.330552
146.364383,341,1652.156346
312.139551,400,1653.97851
-28.644068,34,1654.100606
-80.914897,300,1655.787237
-83.245049,300,1656.437598
-30.341047,400,1658.397686
-27.44833,400,1660.283409
233.298523,1,1660.321082
233.298523,1,1660.358305
-35.124321,116,1660.678861
26.074781,25,1660.829328
-60.158081,341,1662.608084
483.697671,300,1663.171388
326.675594,180,1664.700954
896.347706,400,1665.636293
14.239953,17,1665.701516
40.060702,400,1667.656406
-10.160134,18,1667.726025
107.369521,341,1669.540885
-20.170103,1,1669.577667
-18.340692,3,1669.619308
136.195821,341,1671.401333
233.298523,1,1671.439342
1065.064454,300,1672.062315
657.424811,328,1673.803465
221.659524,1,1673.841291
1056.833879,300,1674.439426
50.070573,318,1676.199943
-21.654713,1,1676.237167
456.637744,300,1678.110638
-21.681762,7,1678.15835
512.928618,341,1678.892805
4.632895,12,1678.948114
619.35246,309,1680.619529
79.057436,264,1681.13082
111.565641,341,1682.850693
7.555346,400,1684.713309
896.29907,400,1686.654784
378.72877,208,1687.17062
138.507284,341,1688.983328
-10.037848,18,1689.045975
233.298523,1,1689.083459
405.65,341,1689.839965
-70.397683,300,1691.500135
126.699721,341,1693.28904
233.298523,1,1693.32709
233.298523,1,1693.364587
159.838791,341,1694.207777
331.868901,341,1696.041946
-22.524259,14,1696.102762
378.640517,341,1697.941213
-24.304832,400,1699.871473
76.845359,229,1700.428154
403.310071,341,1702.208851
140.096376,341,1702.980869
749.794735,375,1704.809906
54.335044,37,1704.93846
191.225299,341,1706.695034
-36.346791,400,1708.663051
12.133269,16,1708.722475
239.13435,1,1708.760305
-17.955616,1,1708.798253
666.616463,330,1709.533083
521.254621,261,1711.210526
233.298523,1,1711.248225
657.679632,327,1711.928412
233.298395,1,1711.966315
206.296431,1,1712.003855
418.713626,224,1713.503969
233.298523,1,1713.541857
-34.560923,300,1714.219366
128.678325,341,1715.943663
138.981241,341,1717.724032
214.191135,1,1717.762141
66.855646,200,1718.173416
-24.020978,300,1719.826571
-59.151857,253,1720.390719
1053.526366,300,1722.088213
209.624781,1,1722.126324
-39.653802,300,1722.81633
339.034681,341,1724.606269
435.54871,234,1726.213415
507.029151,341,1726.858554
1069.200788,300,1728.591826
233.298523,1,1728.629695
-28.702508,400,1730.544577
981.37024,300,1731.137332
-1.20558,9,1731.188404
498.343971,341,1732.975303
176.975371,341,1734.759327
233.298523,1,1734.797342
100.007063,188,1735.219678
488.763728,341,1736.930725
119.391248,341,1737.619273
124.254214,341,1739.395025
233.298523,1,1739.434063
59.695251,296,1740.063169
347.130571,191,1741.557044
387.412405,210,1741.990996
353.071565,193,1743.512207
-62.368777,151,1743.774716
284.95706,400,1745.748771
233.298523,1,1745.78657
430.601015,341,1746.576276
71.121862,292,1748.156524
233.298523,1,1748.194035
-20.172094,1,1748.230939
528.771366,341,1750.034252
-63.606787,300,1750.624924
349.380553,191,1752.191345
293.249803,400,1753.078082
356.489704,193,1754.58754
494.523075,341,1755.250999
-27.238887,400,1757.049649
-64.501713,300,1758.671122
233.298523,1,1758.710643
20.284054,19,1758.808533
104.427133,341,1759.545381
344.86578,300,1761.384583
621.515831,311,1763.173393
-7.247545,25,1763.250105
1053.472345,300,1763.935909
-20.152574,300,1765.592467
99.5772,341,1767.307441
6.582289,13,1767.363194
390.153645,300,1768.102139
912.261695,400,1769.908826
121.351643,341,1771.665664
233.298523,1,1771.703806
377.92759,208,1772.166845
342.773488,188,1772.502483
-59.089176,300,1774.199899
-21.928079,10,1774.250383
888.989008,400,1776.19329
337.206273,203,1776.594326
1060.465284,300,1778.40091
-20.237172,1,1778.439265
390.817541,198,1778.885838
-16.826451,400,1780.829399
387.179581,207,1781.217105
541.84254,272,1782.896646
501.770714,341,1784.883495
-20.975174,7,1784.933595
-22.478836,10,1784.990186
559.596189,341,1785.76732
430.242862,231,1787.300183
-16.38797,400,1788.251478
130.087996,341,1790.047318
333.678675,341,1791.869516
234.85973,1,1791.907423
295.781945,400,1793.916687
4.608507,400,1794.716607
288.261421,400,1796.580011
21.575285,400,1798.481142
913.137584,400,1800.355481
233.298523,1,1800.393509
392.044531,341,1801.114262
104.613684,261,1802.804645
233.298523,1,1802.842597
1067.103666,300,1803.493531
-8.523387,400,1805.333674
20.498403,400,1807.147155
233.298523,1,1807.185345
1158.004065,300,1808.974046
-43.830514,200,1809.373078
-52.655257,236,1809.80217
31.595788,400,1811.793005
1093.818352,300,1813.383066
-34.410115,300,1814.040313
160.318596,341,1815.769592
233.298523,1,1815.80753
516.61561,341,1817.691787
-21.600769,1,1817.72899
287.055385,400,1819.72361
-18.20675,300,1820.445471
304.138048,400,1822.390099
-23.731605,10,1822.445119
129.485347,341,1824.376309
-20.170121,1,1824.413486
335.705106,182,1824.802683
233.298523,1,1824.840434
-27.977138,29,1824.930674
149.346837,306,1826.724691
74.666022,267,1827.305763
-27.586089,28,1827.395192
130.916395,341,1829.185849
118.021982,247,1829.786908
124.463285,341,1831.527014
433.081621,225,1832.059478
233.298523,1,1832.097084
308.045181,400,1833.935335
411.769456,300,1835.591907
38.893508,295,1836.248276
-12.662946,400,1838.243319
233.298523,1,1838.281567
-24.534215,300,1840.039679
46.578076,295,1840.716309
1066.945046,300,1842.378799
-128.406903,280,1842.982874
433.520072,341,1844.743845
546.48773,341,1846.691759
-14.401703,300,1847.384754
404.351145,221,1848.87591
-15.46152,13,1848.93
221.923873,1,1848.967309
-25.284904,17,1849.028135
-7.082589,36,1849.150372
-20.478441,400,1851.123827
48.637343,341,1851.771783
-22.463974,300,1853.582681
350.473562,293,1855.27151
-13.503216,20,1855.335562
56.258021,205,1855.813362
116.227966,341,1857.616852
45.576256,255,1858.111172
233.298523,1,1858.148641
233.298523,1,1858.185795
1054.383148,300,1859.845372
62.792004,148,1860.178292
124.399328,341,1861.982182
233.298523,1,1862.020037
136.075845,341,1862.880534
-22.483293,9,1862.964869
233.298523,1,1863.002687
208.268179,1,1863.040049
-1.985868,9,1863.08847
233.298523,1,1863.125967
138.626754,341,1864.886728
-36.133512,300,1866.547947
479.534836,341,1867.204732
298.962277,341,1868.963757
407.632972,300,1870.654134
-25.43628,300,1871.304812
139.823424,341,1873.064777
31.466703,400,1875.137153
408.947732,341,1875.826486
233.298523,1,1875.864389
233.298523,1,1875.901831
443.926162,341,1877.741754
42.695404,193,1878.199769
1069.133222,300,1879.874639
1056.570661,300,1880.568334
-16.456505,300,1882.244399
890.324995,400,1884.18335
41.869962,227,1884.73123
410.988575,341,1886.691428
433.405134,300,1888.509135
51.109995,175,1888.877975
239.392352,1,1888.916364
457.873859,341,1890.629604
-17.170132,11,1890.681495
435.434457,300,1891.308372
358.648269,341,1893.061086
38.918854,197,1893.463242
-10.023475,6,1893.510474
39.538352,29,1893.592373
-10.751475,1,1893.630243
395.9127,300,1895.280462
88.67769,341,1897.284935
1068.941663,300,1897.845737
-100.383745,207,1899.329017
-10.391704,300,1900.009886
-11.96629,13,1900.068107
388.873038,203,1901.59903
129.468964,341,1902.254603
164.257676,341,1904.077278
385.590658,207,1904.503399
-4.578458,34,1904.635633
-15.622143,341,1906.461285
233.298523,1,1906.500994
401.233878,300,1908.229447
365.301732,197,1908.669043
0.57176,300,1910.324866
-34.238241,400,1911.076695
474.694895,341,1912.901415
-30.184429,400,1914.801436
-116.286615,269,1915.431841
233.298523,1,1915.46973
2.033732,11,1915.522753
292.958727,400,1917.422894
116.974054,341,1919.166843
355.977244,192,1919.568646
529.58014,341,1921.37039
136.394212,341,1922.242732
359.143263,196,1923.671095
-115.525923,255,1924.245736
442.395902,341,1925.978747
-52.887027,22,1926.046415
233.298523,1,1926.084036
13.152798,400,1928.051689
127.932439,341,1929.857735
-26.2318,400,1930.7832
-14.349208,341,1932.616685
-26.070371,23,1932.6938
-15.818415,300,1934.498714
364.165766,300,1935.162055
38.813608,400,1937.074175
152.288867,341,1938.79071
536.034915,341,1939.594819
58.944416,283,1941.23535
110.437252,341,1943.031379
141.783695,341,1943.683352
-77.119484,300,1945.453656
1071.873779,300,1946.208482
358.223748,193,1947.769844
408.780432,219,1948.246263
380.469911,341,1950.084737
382.065607,280,1950.723614
-48.298835,300,1952.446871
89.853639,341,1954.214362
1.242134,300,1954.86565
-26.854409,400,1956.694827
72.868138,204,1957.195656
96.802733,341,1959.030983
-28.442595,300,1960.670086
364.861333,300,1961.288134
41.180385,247,1962.909767
74.65983,400,1963.787397
377.101411,205,1965.184018
-20.968665,4,1965.225886
-5.271553,300,1965.959693
256.82545,341,1967.67827
408.640177,300,1969.43803
912.936151,400,1971.393226
133.95186,341,1972.039609
3.334844,11,1972.091123
-6.815362,28,1972.167297
-18.725946,400,1974.054417
-20.086038,9,1974.105053
295.756787,400,1976.087433
-39.485058,54,1976.278359
133.54795,341,1978.071742
214.452722,1,1978.109546
209.384125,1,1978.147026
233.298523,1,1978.184255
-25.956084,23,1978.253774
234.508163,1,1978.291608
-13.338248,300,1978.875511
-23.429102,300,1980.525391
233.298523,1,1980.563352
301.336826,400,1982.484233
380.134841,300,1983.152255
287.04328,400,1984.986939
510.765866,341,1986.740726
883.8355,400,1987.653556
1062.602859,300,1989.333326
101.470605,341,1991.183688
-21.426112,6,1991.269233
56.229462,36,1991.393174
233.298523,1,1991.430772
345.341739,188,1991.902988
-7.462395,300,1993.657239
-22.473105,10,1993.708573
-29.056774,300,1994.295643
381.691228,300,1995.927812
-30.14748,300,1997.692682
891.446231,400,1998.806088
57.240296,341,2000.524972
906.372773,400,2002.39385
129.654255,341,2003.045644
-29.649899,300,2004.815317
-18.494171,3,2004.856138
338.006467,300,2006.604515
311.502323,400,2007.544593
-15.098353,300,2009.266537
315.764086,173,2009.75372
1108.440331,300,2011.406071
214.559312,1,2011.444073
1057.867659,300,2012.185045
405.687923,300,2013.813939
228.577986,122,2014.173022
-6.260356,27,2014.249031
-34.602855,19,2014.350046
1006.588995,300,2016.14734
-34.663159,174,2016.481504
315.746368,171,2017.942978
353.482868,341,2018.695932
-15.899524,2,2018.736228
885.381781,400,2020.825284
671.42011,335,2022.580135
233.298523,1,2022.618148
339.747545,184,2023.023553
-10.5652,19,2023.096865
-57.08752,300,2024.820948
297.526011,400,2026.69869
453.387342,243,2027.235725
86.156815,341,2028.99699
552.459733,341,2029.743192
414.522824,223,2031.300846
1068.959573,300,2031.872936
8.530288,14,2031.929966
400.263178,219,2033.620472
4.069657,12,2033.674916
301.615026,400,2035.636521
-38.486197,300,2036.245138
-37.372978,400,2038.113546
159.436076,341,2039.830946
29.333408,400,2040.643018
410.329535,300,2042.291358
233.298523,1,2042.331126
1065.309453,300,2043.964078
-36.000881,400,2044.883101
233.298309,1,2044.921017
341.927759,184,2046.367582
363.593728,194,2046.813078
40.091641,400,2048.690302
412.595368,341,2050.592476
-20.716881,3,2050.633704
-13.3076,300,2051.225464
233.298523,1,2051.263588
560.507243,341,2053.001978
233.298523,1,2053.039763
-4.053358,31,2053.123204
233.298523,1,2053.160774
-41.229436,300,2053.74297
904.105819,400,2055.547516
492.618055,300,2057.23851
43.018387,400,2059.13063
-14.559696,16,2059.225398
497.669194,300,2059.822341
18.156628,19,2059.924887
-14.069651,400,2062.025013
387.058084,207,2062.586589
233.298523,1,2062.624272
233.298523,1,2062.661476
-12.810245,13,2062.721123
1069.071097,300,2064.487347
295.979154,400,2066.39367
233.298523,1,2066.433374
-56.72451,252,2066.977644
420.90135,224,2068.579656
92.297887,341,2069.26179
503.975374,341,2071.022409
-23.509642,400,2072.938624
-19.499524,1,2072.975451
348.103792,188,2073.402137
-53.868289,300,2075.051271
339.110763,341,2076.899209
-9.274315,21,2076.967001
228.645029,1,2077.004375
1055.391564,300,2077.681575
164.980051,341,2079.455325
125.598387,341,2080.378992
47.433829,316,2082.115885
38.580407,400,2084.041387
236.679045,127,2084.361815
895.266905,400,2086.350446
109.864327,341,2088.144603
130.493594,341,2088.973855
1068.70062,300,2090.748369
130.689454,341,2091.492382
152.611134,341,2093.329492
66.822813,400,2095.21628
162.450465,341,2096.962193
539.452719,341,2097.656778
131.733489,341,2099.406251
508.407165,300,2101.157253
148.882742,341,2102.003333
149.805857,341,2103.765236
136.602031,341,2105.665826
499.514322,300,2106.333166
405.161583,215,2107.86838
46.100997,137,2108.109756
279.246523,146,2108.43107
69.643916,235,2110.019562
65.803238,191,2110.406361
144.652001,341,2112.206011
-3.576899,8,2112.254969
226.998333,1,2112.29244
-11.997302,4,2112.333276
71.757329,247,2112.77095
10.309295,16,2112.831219
-23.694591,300,2114.539645
590.956212,294,2115.227199
202.911893,387,2117.183586
224.968554,1,2117.221518
323.225255,167,2117.72643
130.639445,341,2119.491307
-11.015488,300,2121.35168
-3.308518,36,2121.439695
-49.236634,400,2122.378465
233.298523,1,2122.416543
163.610223,341,2124.253569
564.71322,341,2126.022573
169.211249,341,2126.74723
-17.996403,4,2126.788798
64.022371,270,2128.399811
67.853092,278,2130.155161
51.048786,341,2130.896919
509.52871,300,2132.595556
63.425921,400,2134.519674
165.445013,307,2135.194675
510.278989,300,2136.971968
-13.641161,3,2137.011955
-24.67655,18,2137.075268
346.560543,341,2137.944839
369.366239,201,2139.492915
1060.52933,300,2140.231245
137.620554,341,2141.90927
4.023936,12,2141.961971
215.489659,341,2143.909611
158.915114,341,2144.69979
786.69299,389,2146.56242
-19.358668,300,2148.261346
1067.095593,300,2148.780993
-81.503435,300,2150.427625
110.377669,341,2152.151016
767.392631,261,2152.803787
53.967006,176,2153.161781
1075.096428,300,2154.964086
476.60644,300,2156.722122
87.338128,341,2157.477055
383.202674,204,2158.932363
474.625268,341,2159.586323
68.63599,400,2161.469122
-13.100657,300,2163.169664
124.741089,341,2163.841511
7.556173,13,2163.899757
95.147215,190,2165.386251
-119.206326,341,2166.153669
439.907556,234,2167.715007
389.150297,212,2168.131737
38.814868,323,2169.878258
408.961986,219,2170.407907
233.298523,1,2170.445565
477.974879,341,2172.173889
24.297109,22,2172.251374
894.777943,400,2174.099684
-27.255502,300,2175.850131
209.089921,110,2176.119663
1063.10689,300,2176.681746
453.559825,243,2178.321842
-24.061318,16,2178.419786
136.59192,341,2179.142733
185.043208,356,2180.875557
41.244794,339,2182.697932
-21.07999,4,2182.743279
145.623693,341,2184.586203
335.391983,183,2185.058535
458.34003,341,2186.922068
183.114925,136,2187.195724
44.240748,239,2187.761484
140.06113,283,2189.376078
1064.374082,300,2189.994214
233.298523,1,2190.032374
64.564391,188,2191.516124
14.902453,17,2191.580237
120.800117,341,2192.30515
-11.668936,300,2194.001135
-77.18173,300,2195.765879
372.976663,201,2196.275528
1053.661734,300,2197.981491
93.431102,341,2198.627839
498.706384,341,2200.357711
-7.023013,25,2200.436985
-20.452775,10,2200.488491
-20.786511,6,2200.533083
399.401064,300,2202.261119
287.43894,400,2203.107544
1068.327252,300,2204.882516
170.543191,336,2206.753262
62.649829,204,2207.2498
233.298523,1,2207.287293
-43.0338,400,2209.311755
1066.217648,300,2209.890526
396.202841,222,2211.390791
76.392443,271,2211.941647
1057.176123,300,2213.671265
-40.752423,27,2213.790617
424.527066,235,2214.381426
1035.818058,300,2216.128294
66.727429,336,2217.899389
-11.932887,17,2217.997889
56.082426,295,2218.619396
-42.505623,400,2220.468791
8.075591,14,2220.525538
-21.943894,8,2220.573556
118.440626,341,2222.381228
-6.62819,400,2224.257766
597.273074,298,2224.845675
-38.758163,300,2226.501621
233.298523,1,2226.539282
596.731417,341,2227.238497
229.561645,1,2227.276542
-46.795389,300,2228.901741
418.507608,300,2230.56312
895.556826,400,2231.435988
356.373159,202,2232.953951
58.526146,254,2233.586222
312.246423,400,2235.47999
89.676014,319,2237.274228
233.298523,1,2237.311841
-0.233479,38,2237.404759
233.082734,1,2237.442368
-74.787274,341,2238.21846
143.89984,263,2239.915806
541.768003,341,2241.734439
-41.130914,147,2242.059214
12.489067,400,2244.110977
168.155266,341,2244.907871
156.448928,341,2246.640375
158.263664,341,2248.39195
233.298309,1,2248.43033
421.342035,341,2249.236311
-61.256126,400,2251.102515
954.289698,300,2252.923991
-58.717159,300,2253.588097
-58.41692,400,2255.516355
-1.52507,9,2255.567166
-8.062905,32,2255.659314
348.603762,195,2257.218274
-45.794623,300,2257.813885
33.481214,400,2259.809275
879.565498,300,2260.439763
-44.190874,300,2262.098037
-61.990983,400,2263.973392
305.596697,400,2265.990582
-20.081783,7,2266.072093
-59.040788,248,2266.643705
218.000737,1,2266.681404
357.997717,191,2268.134362
-7.345105,22,2268.242422
280.235662,400,2269.067644
139.159774,341,2270.864633
-37.902273,300,2272.562972
75.883566,226,2273.000602
1042.331189,300,2274.696862
-18.015318,1,2274.735293
-49.405682,300,2275.359343
-17.253011,5,2275.404406
-20.592298,3,2275.444443
478.502708,300,2277.19453
369.487387,198,2277.629119
367.916027,213,2279.178036
-42.48897,205,2279.592687
-62.979884,300,2281.278312
363.917712,206,2281.77089
47.90442,341,2283.558823
233.298523,1,2283.596761
233.298523,1,2283.634087
233.298523,1,2283.671371
-35.804461,300,2284.257783
893.774366,400,2286.153923
233.298523,1,2286.192037
540.117671,300,2287.951772
68.484391,217,2288.407088
19.658139,400,2290.376833
233.298523,1,2290.414924
369.163307,199,2290.784143
119.22395,341,2292.588715
50.693402,35,2292.689915
233.298523,1,2292.72983
146.364001,341,2294.56035
233.298523,1,2294.598669
64.846768,224,2295.115118
-36.060214,400,2297.094369
30.986463,400,2299.086159
336.421188,187,2299.470453
-29.643826,300,2301.269771
-3.576793,8,2301.318838
72.425783,243,2301.935732
219.046826,1,2301.973547
233.298523,1,2302.010912
1068.982516,300,2303.730772
-32.780853,300,2304.432764
-59.505163,220,2305.976637
350.640403,193,2306.414323
1181.039905,300,2308.164634
445.810735,225,2308.633145
539.200957,300,2310.350752
78.900262,275,2310.83239
-4.529572,28,2311.018101
-31.220842,40,2311.118523
444.330672,237,2312.725042
902.297131,400,2314.71522
-37.257095,50,2314.824765
380.813995,214,2315.315061
393.026299,211,2315.893825
-6.57545,26,2317.032712
522.913755,341,2317.8036
33.737193,174,2319.275815
551.369373,341,2320.086457
418.444509,230,2321.687531
179.00816,369,2322.519123
233.298523,1,2322.55661
-9.102859,17,2322.616502
906.801402,400,2324.482326
-16.37632,21,2324.548641
77.015449,287,2326.263814
233.298523,1,2326.301632
-87.795856,300,2327.053563
559.946573,300,2328.639503
141.746967,341,2330.488462
-39.670697,13,2330.54415
151.512246,341,2331.317442
-29.442631,36,2331.410624
334.188894,234,2332.968849
882.3199,400,2334.855631
588.09382,341,2335.608468
382.857417,221,2337.127377
233.298523,1,2337.165149
557.273348,300,2337.885011
-104.873859,300,2339.663738
546.564115,341,2341.515799
318.043048,172,2341.812986
-94.369392,300,2343.572032
124.121207,341,2344.271358
175.995127,341,2346.023731
74.905181,261,2346.555978
8.131134,14,2346.61419
233.298523,1,2346.651862
242.366988,175,2348.119548
-19.499866,1,2348.156626
-54.572346,341,2348.915633
233.298523,1,2348.953454
-88.200128,300,2350.606252
173.737716,341,2352.361703
-2.943277,341,2353.221234
-87.819756,300,2354.883492
1028.221607,300,2355.667525
24.371918,400,2357.538666
137.456442,341,2359.286663
84.673468,266,2359.932011
311.090982,173,2361.394067
-59.74644,206,2361.855581
-121.675006,300,2363.584011
-20.051357,6,2363.628659
-41.478859,179,2364.001151
612.353251,341,2365.759063
86.056506,248,2366.45572
976.336381,300,2368.211799
-21.507166,1,2368.248847
60.066583,147,2368.503325
0.617162,36,2368.589543
-92.451413,300,2370.319796
233.298523,1,2370.359716
-1.981394,29,2370.437419
-17.524115,4,2370.478786
149.617544,341,2372.328606
68.604704,275,2372.879693
-15.998627,2,2372.917933
18.427317,19,2372.980654
285.659178,159,2373.379833
-19.486867,1,2373.41802
81.843004,239,2374.878136
60.836768,241,2375.578706
536.55766,341,2377.534958
-17.551068,21,2377.611864
-50.460084,201,2377.977872
293.557288,161,2379.450391
74.283012,280,2380.134923
223.124422,1,2380.172688
534.680769,300,2381.827361
63.008491,341,2383.718173
335.768293,181,2384.111131
-81.541509,300,2385.843086
-40.90534,195,2386.199935
288.540255,163,2386.669958
18.264806,400,2388.649503
215.420463,1,2388.687397
57.401752,223,2389.205204
528.799142,300,2390.866281
67.568623,246,2392.492032
-31.255076,38,2392.62255
115.018202,341,2393.585793
165.805847,341,2395.490134
-89.118289,300,2397.519011
75.766453,257,2398.059281
68.251739,400,2399.986731
120.709592,341,2400.668043
233.298523,1,2400.705883
-74.263514,300,2402.390714
233.298523,1,2402.43031
167.622093,341,2404.277091
-53.98385,400,2405.013803
-20.018713,1,2405.05113
-85.473026,292,2406.730973
363.022705,197,2407.215482
212.278808,1,2407.255636
-38.70368,300,2408.942799
-55.380542,300,2410.60298
226.839198,1,2410.641047
-97.61424,300,2411.341577
-91.362273,300,2413.223838
1054.389307,300,2414.000263
-3.740999,300,2415.65641
-28.227561,248,2416.242039
512.158896,300,2417.93059
911.312108,400,2419.857958
395.576469,218,2420.259383
772.888039,387,2422.194499
233.298523,1,2422.232365
570.658849,341,2424.070929
207.145401,1,2424.108851
156.635853,341,2424.80701
156.646297,341,2426.608604
-3.91404,8,2426.656561
626.660471,317,2428.531216
140.871033,341,2429.365953
-24.192137,300,2431.059202
-37.038848,400,2433.051414
149.348966,341,2433.913591
233.298523,1,2433.951604
271.101245,327,2435.701259
35.599661,29,2435.785354
537.423979,300,2437.547243
496.930751,341,2438.271257
-17.947343,1,2438.309822
957.753371,300,2439.941429
-8.676823,300,2440.632011
34.554456,166,2442.047428
394.713298,214,2442.540378
513.26397,300,2444.221276
166.800257,341,2445.05563
145.585681,341,2446.832381
68.277853,196,2448.356788
355.752402,193,2448.821007
60.972668,200,2449.330248
451.595224,243,2450.997914
57.11205,169,2451.356219
330.751657,183,2451.802398
355.279244,190,2453.290508
-10.339319,19,2453.356308
-19.449473,1,2453.394718
875.076844,300,2454.152262
-40.535383,300,2455.860392
122.631749,400,2457.794928
415.748163,224,2458.485615
-66.212626,109,2458.79316
-30.980528,400,2460.739589
36.89941,185,2462.235655
289.656673,400,2463.204394
233.298523,1,2463.242358
-30.574886,400,2465.373189
233.298529,1,2465.411093
138.207899,341,2467.209688
54.668196,315,2467.976759
642.267929,400,2469.789227
3.312248,300,2471.511487
87.70622,52,2471.626572
495.579159,300,2472.285674
366.659168,200,2473.692498
50.279802,245,2474.212732
233.298523,1,2474.250833
975.663016,300,2475.95627
377.15571,204,2476.327312
-18.481025,3,2476.369442
148.025263,341,2478.148189
65.941362,189,2478.502717
107.974392,400,2480.464473
539.03676,341,2482.262474
-17.057179,400,2484.114877
-38.798758,300,2484.776137
138.879661,341,2486.50899
48.48645,171,2486.878785
396.78599,216,2488.448752
210.029504,1,2488.486735
111.844624,400,2489.223524
551.67698,300,2490.916561
312.463949,400,2492.834653
530.67665,300,2493.461225
506.683593,341,2495.222468
414.094051,334,2496.888468
244.839693,1,2496.926333
233.298523,1,2496.963848
318.507351,341,2497.722171
894.046937,400,2499.561868
294.331538,400,2501.54279
66.239986,193,2501.964653
900.383965,400,2503.958007
64.598289,271,2505.633504
218.891736,341,2506.367476
174.658918,341,2508.14612
84.40884,242,2508.741096
78.99019,232,2510.284957
-32.61775,400,2512.138202
211.405447,1,2512.177042
-29.799379,400,2512.957443
-13.523034,300,2514.619735
168.449306,341,2516.4609
50.207426,184,2516.878572
66.951184,228,2517.419396
313.788631,400,2519.332325
0.529506,300,2521.166057
338.1506,183,2521.570544
-21.057029,8,2521.621753
298.5287,400,2523.449778
23.974514,24,2523.521534
244.021496,302,2525.281615
218.455548,1,2525.319454
701.742435,357,2526.049248
54.787143,165,2527.538677
40.305007,30,2527.627672
-21.223304,5,2527.708586
311.899044,400,2529.637832
60.557732,227,2530.155693
100.131351,400,2532.030465
1104.668053,300,2532.618183
-20.012532,1,2532.655345
-42.874765,300,2534.296587
-13.9953,3,2534.336756
53.202891,165,2534.939561
76.519846,400,2536.745929
-23.685186,22,2536.816059
153.588487,341,2538.552643
-27.772143,300,2539.167569
149.124131,341,2540.975862
136.718368,341,2542.741327
343.338144,184,2543.220355
506.425877,300,2545.04439
233.298523,1,2545.082107
80.31402,244,2545.671871
-0.41806,38,2545.777932
145.219663,341,2547.557489
297.632991,164,2547.942178
-22.790194,400,2549.795599
28.326133,24,2549.867142
233.298523,1,2549.904438
123.735011,341,2551.705073
64.42941,198,2552.136636
-12.255838,14,2552.195645
111.432802,341,2553.895447
311.401382,161,2554.380191
355.875186,191,2554.759398
128.599879,341,2556.660646
233.298523,1,2556.698396
371.590463,199,2557.150616
-9.122055,300,2558.845001
-22.585314,11,2558.899
371.202073,198,2559.260934
431.777803,300,2560.966746
61.967976,340,2562.788052
71.297347,400,2563.713568
146.775616,341,2565.540115
-20.760816,6,2565.621898
233.298523,1,2565.659424
551.873663,341,2567.511531
-43.351138,207,2567.927719
233.298523,1,2567.965199
375.65746,200,2569.558214
-15.427087,10,2569.608365
-20.996359,9,2569.656746
507.478617,300,2570.250757
1000.207716,300,2571.885653
203.017739,384,2573.677032
142.605013,341,2574.385719
898.879748,400,2576.318719
6.719718,300,2578.012774
895.706762,400,2578.791926
-54.062447,300,2580.654625
61.678998,213,2581.099445
-17.741367,400,2583.017512
60.398497,179,2584.646787
364.232403,196,2585.011247
145.025341,341,2586.846353
145.058515,341,2587.507566
355.770507,191,2589.03746
64.508177,208,2589.490781
298.003208,400,2591.428294
22.183203,21,2591.495045
306.569469,341,2593.368205
14.209861,17,2593.429863
-21.466242,8,2593.480904
422.618136,225,2594.022768
53.479572,184,2594.452813
57.725408,192,2595.869901
682.626521,300,2596.457509
987.133851,300,2598.109743
315.08849,400,2600.048175
-22.655756,11,2600.174544
210.833166,1,2600.212756
60.104001,225,2600.602591
899.987784,400,2602.487299
312.752775,400,2604.588657
326.313895,176,2604.940298
233.298523,1,2604.977722
-20.068141,1,2605.014539
-5.630176,7,2605.062163
-44.427289,300,2606.784797
5.341754,300,2607.427345
1051.843744,300,2609.184639
132.42163,341,2609.96839
55.908037,169,2611.496837
66.686843,400,2613.375493
-15.574081,8,2613.423917
1058.143492,300,2614.012351
-14.782236,300,2615.645794
-49.016889,119,2615.898276
147.099773,341,2617.688903
1069.854672,300,2618.305051
913.609506,400,2620.208851
-22.773476,14,2620.270896
512.313154,300,2621.987751
506.971694,300,2622.61426
141.303336,341,2624.408288
-18.340655,3,2624.449989
-54.8558,300,2626.065375
294.061708,162,2626.447574
1063.870437,300,2627.058552
31.326291,25,2627.204422
-17.786726,4,2627.247452
487.01421,341,2628.958882
-1.126955,47,2629.061602
180.137185,97,2629.281231
-16.680621,6,2629.328511
1073.883171,300,2630.967747
55.684623,185,2631.458121
344.080881,186,2632.87213
-24.340937,400,2635.098873
251.817658,159,2635.453115
90.11669,400,2637.472952
281.337354,400,2638.428263
-25.831919,300,2640.122579
132.301392,341,2641.947663
342.081773,185,2642.328949
-32.111948,45,2642.431598
901.413443,400,2644.291532
1069.485058,300,2644.910987
-30.271274,300,2646.662321
469.226193,300,2648.337797
359.523923,195,2648.845245
84.668487,293,2650.54734
-19.439047,1,2650.585468
233.298523,1,2650.623084
-66.369811,30,2650.701575
-28.547106,300,2651.412537
900.528186,400,2653.320379
54.819437,170,2653.80697
233.298523,1,2653.844668
233.298309,1,2653.882187
-3.22673,59,2654.057089
88.748836,341,2655.868225
-26.110444,300,2657.65391
395.293162,211,2658.138412
83.828961,177,2658.557253
297.192516,400,2660.513524
-1.941024,9,2660.565882
372.340951,222,2662.283901
513.112921,300,2662.956154
-17.781122,300,2664.653998
389.80256,341,2666.368175
594.724678,307,2666.981493
233.298523,1,2667.019231
186.662192,382,2668.85096
12.18309,16,2668.914885
100.237715,400,2670.958119
-8.909085,20,2671.024485
233.298523,1,2671.061928
692.578339,350,2671.84662
328.147597,341,2673.660404
368.18229,197,2674.077217
-13.766193,12,2675.192295
-2.536711,300,2675.787603
-15.399879,400,2677.916974
292.519751,151,2678.255572
349.936825,191,2679.928463
-22.847187,13,2679.983354
206.341588,1,2680.020901
442.050195,245,2680.520371
-20.034858,1,2680.557319
-75.153244,142,2680.883244
438.13283,237,2682.537124
286.296017,400,2684.421141
50.145432,152,2684.719166
474.876164,341,2686.454803
147.329122,341,2687.228475
-15.77531,2,2687.267277
146.467817,341,2689.034651
-45.307987,147,2689.327977
0.217695,300,2691.030862
-35.431385,400,2692.881902
1057.237444,300,2693.706465
142.508758,341,2695.599315
-26.548414,25,2695.676924
-1.980355,300,2696.302198
288.611553,341,2698.09707
113.913236,400,2700.058582
206.195906,1,2700.096506
-20.256896,1,2700.135263
-37.562386,400,2702.012633
-73.265834,125,2702.232466
55.651991,178,2702.800322
-19.498635,1,2702.837819
-8.974306,27,2702.919335
404.7519,320,2704.624076
286.328135,400,2706.52578
228.327804,1,2706.565758
479.114011,300,2707.118566
56.301642,175,2708.607036
496.477307,300,2709.284299
-24.211972,300,2710.977983
139.705088,400,2712.807342
118.772117,341,2713.512405
-18.00048,1,2713.551456
495.205653,300,2715.243379
76.107849,216,2715.600138
57.364974,192,2717.096687
233.298523,1,2717.134345
62.660701,216,2717.563341
442.005883,341,2719.248138
205.661821,301,2720.076845
62.464846,188,2721.620393
528.734199,269,2722.32845
42.882894,273,2724.043627
41.358838,240,2724.596199
-28.684102,31,2724.688419
19.254742,300,2726.424553
183.072196,351,2728.258754
12.049077,16,2728.317664
412.702977,341,2729.088609
460.150945,341,2730.855525
148.077505,341,2732.604619
15.957878,21,2732.673235
66.643774,199,2733.078662
233.298523,1,2733.11667
-16.469759,7,2733.163557
233.298523,1,2733.200807
-25.274016,300,2734.943001
908.787178,400,2735.751775
105.527836,400,2737.678372
374.283966,341,2739.425572
264.05805,284,2740.077202
839.72198,279,2741.761374
456.664864,341,2743.597544
599.359206,341,2744.364243
7.186453,300,2746.078609
233.298523,1,2746.117911
133.057149,291,2746.940475
374.048437,341,2748.743565
366.60418,201,2749.106796
58.848303,186,2750.562639
157.681026,400,2752.477559
145.999577,341,2753.218918
217.151849,114,2754.572671
-15.019524,9,2754.625165
468.098088,341,2755.484244
233.298523,1,2755.522007
151.228077,400,2757.360031
518.038287,300,2759.036245
393.776854,211,2759.60402
1070.983449,300,2761.334881
65.493219,293,2761.940391
62.035913,201,2763.499075
620.254145,311,2764.169657
356.160534,327,2765.890616
-70.46356,300,2766.552812
121.931306,341,2768.333515
-6.575034,29,2768.454176
159.024366,341,2770.264194
359.939445,194,2770.649126
400.669176,209,2772.233128
-20.238382,1,2772.271402
233.298523,1,2772.308809
280.278814,400,2773.094722
101.875397,233,2774.660651
108.391185,241,2775.231578
-99.462569,259,2776.79333
233.298523,1,2776.831006
167.844345,341,2777.476093
39.332571,28,2777.553099
6.112133,13,2777.607176
413.374355,206,2779.123984
722.926459,354,2780.921681
-59.685556,300,2781.432885
453.495147,249,2783.063202
-48.099515,300,2783.840677
-103.0611,264,2785.415667
111.939592,241,2786.020794
443.921048,238,2787.63213
77.572504,400,2788.511798
-32.910771,300,2790.264886
-11.356941,77,2790.479552
19.029779,19,2790.550013
333.533732,341,2792.435971
233.298523,1,2792.474356
125.590395,341,2794.428353
372.849165,206,2794.917164
388.879735,300,2796.675759
-49.932021,300,2797.331391
166.870651,341,2799.120034
-102.913736,262,2799.740449
-55.903052,300,2801.333569
-21.822492,7,2801.383567
-41.512648,300,2803.106387
502.410128,341,2803.793946
166.021309,341,2805.644931
-75.159586,132,2805.911402
64.044936,341,2807.676478
83.757342,400,2809.535925
304.575751,159,2809.875652
157.722433,341,2811.660718
-35.955765,300,2812.221449
373.376138,195,2813.722295
-6.401701,22,2813.789548
341.300244,195,2814.220094
293.509297,182,2814.52382
-29.477182,300,2816.316184
-35.530957,400,2818.211642
150.010287,341,2819.005642
-12.983534,14,2819.062526
300.580913,400,2820.867727
209.367175,1,2820.90597
149.719335,297,2822.624862
-20.321717,300,2823.253812
220.535803,1,2823.291856
371.483746,204,2824.812715
-23.559724,300,2825.481233
179.813608,340,2827.39378
381.317633,204,2827.731398
-28.158285,300,2829.440011
1060.39702,300,2831.171573
-12.804002,13,2831.230119
314.012457,400,2831.96983
29.029331,400,2833.837101
233.298309,1,2833.875339
-11.762076,300,2835.665338
-32.601236,400,2836.558607
319.906556,400,2838.519748
118.166934,341,2840.269661
2.418296,300,2842.197458
-16.485596,7,2842.247838
303.054664,167,2842.61177
313.779671,173,2843.029434
1072.531296,300,2844.748383
476.768344,341,2845.580946
436.257459,233,2847.136691
-25.722233,400,2849.052198
69.931182,218,2849.555865
157.768024,341,2851.266835
1072.641481,300,2851.990712
379.931197,203,2853.479764
470.493086,300,2854.147768
119.430978,400,2856.003418
888.532632,400,2857.920649
-43.031474,400,2859.908526
-23.102905,400,2860.831939
432.64614,300,2862.662815
69.788939,260,2864.240586
233.298523,1,2864.28063
138.62543,400,2865.118421
-1.842188,300,2866.8193
151.390222,341,2868.615444
66.656502,205,2869.014787
145.598515,341,2870.820063
369.122751,199,2871.281922
310.956066,400,2873.173197
1072.367451,300,2873.893503
-19.354996,400,2875.767143
-32.917548,300,2877.443803
-24.253412,300,2878.038049
3.306418,11,2878.089726
214.592177,1,2878.127434
-22.157875,10,2878.176912
456.632628,300,2879.900554
433.277931,234,2880.356324
-22.709687,11,2880.408759
216.422196,1,2880.446557
211.419634,1,2880.483922
73.123319,308,2882.294297
-113.954467,300,2883.983452
686.2308,346,2884.72113
896.337153,400,2886.557586
-11.178361,18,2886.695494
1057.055087,300,2888.38538
-25.21766,400,2890.219219
436.46635,300,2890.89122
-42.25139,300,2892.604539
123.98722,254,2893.172676
145.149797,341,2895.064559
-43.626521,300,2895.812521
147.320985,270,2897.46305
119.043879,400,2899.30647
169.316497,341,2899.993654
13.410737,341,2901.713367
-6.273166,29,2901.792468
144.83714,341,2903.574066
72.937239,287,2904.112154
-7.065212,25,2904.184652
517.111558,341,2905.903028
316.432807,162,2906.263717
436.586497,248,2907.947627
457.427226,300,2908.616545
-27.28797,37,2909.768039
313.643905,400,2910.576611
-25.104862,300,2912.285132
-23.829867,400,2914.253178
-17.889545,6,2914.299923
143.569672,341,2914.948033
383.456265,205,2916.497944
-21.685329,10,2916.551042
233.298523,1,2916.588552
233.298523,1,2916.625993
-13.333494,14,2916.682638
233.298523,1,2916.720092
136.070912,341,2917.461364
207.430416,1,2917.499868
362.0534,197,2919.018301
-9.982768,5,2919.061989
139.280973,400,2921.05257
343.590537,189,2921.507383
142.476883,341,2923.290817
154.054543,305,2923.866785
227.467855,1,2923.904862
-20.740156,400,2925.915359
233.298523,1,2925.953361
-12.823468,400,2927.978711
396.826105,215,2928.476072
134.921664,273,2930.076045
-50.609926,300,2930.823974
-21.524031,1,2930.861142
-12.909684,300,2932.550947
409.074023,217,2932.99552
398.621878,218,2934.49482
359.212867,341,2935.221079
63.17018,339,2936.967395
494.711655,341,2938.83711
136.999295,341,2939.632434
501.547671,341,2941.447127
-16.464248,7,2941.495075
1060.412749,300,2943.167689
-25.487921,400,2945.03703
141.375619,341,2945.72319
156.23011,341,2947.550834
29.424035,341,2949.415117
233.298523,1,2949.455065
12.992168,16,2949.515663
-39.179239,163,2949.828861
56.347606,341,2951.772036
212.828178,1,2951.810169
367.876346,199,2952.250827
497.698431,300,2953.873045
-2.845368,31,2954.027567
-20.265645,300,2954.68748
234.044316,1,2954.725646
590.784644,301,2956.363532
233.298523,1,2956.403133
61.958692,306,2957.18191
-18.98705,2,2957.222558
69.816196,208,2958.712998
175.093632,341,2959.466235
166.048874,400,2961.352227
148.848784,341,2963.108224
-89.467573,300,2963.832247
164.484782,341,2965.65453
437.091292,300,2967.35115
-35.831089,300,2968.059885
-7.080315,300,2969.700307
233.298523,1,2969.738126
-13.100927,300,2970.369613
898.126271,400,2972.219974
-13.534208,16,2972.284583
-5.644183,7,2972.332638
341.832728,191,2973.768546
356.949149,341,2974.581533
433.059794,233,2976.118305
711.801638,251,2976.721097
-29.432376,400,2978.58198
-7.990296,6,2978.62648
283.991934,400,2980.597147
28.033691,26,2980.671873
233.298523,1,2980.709303
145.136468,341,2982.506597
319.757137,181,2982.928307
54.513323,205,2983.449529
-90.380931,173,2984.840513
-24.468602,400,2985.63701
103.959401,341,2987.398601
497.790861,300,2989.117036
-13.482266,13,2989.172629
-97.640155,300,2989.754622
233.298523,1,2989.792516
80.514614,341,2991.549239
-7.973555,6,2991.593869
-24.474905,300,2993.219858
-26.027051,341,2994.102808
497.090813,260,2995.857706
891.465486,400,2997.874166
145.048608,341,2998.529968
79.856929,253,3000.201722
104.235541,400,3001.135472
493.271149,253,3002.789325
753.591366,372,3004.769766
-20.188749,1,3004.808053
442.826934,341,3005.581864
233.298523,1,3005.619986
346.792957,269,3007.414487
233.298523,1,3007.452401
44.136605,113,3007.695851
-23.35473,14,3007.788237
61.401336,240,3009.418287
-25.061363,300,3010.126007
220.700095,1,3010.163956
233.298523,1,3010.201649
46.867753,209,3011.738261
76.019023,236,3012.22998
299.168535,400,3014.235598
28.440809,24,3014.314347
57.308944,177,3014.706629
435.850681,233,3016.300165
286.441037,400,3017.290202
-86.386234,178,3018.769473
-26.82993,400,3020.750852
238.365491,1,3020.791134
233.298523,1,3020.828744
143.574977,341,3021.613648
55.343161,192,3023.145745
-21.04696,300,3023.970937
157.445341,341,3025.717792
1046.518342,300,3027.418637
-94.401435,300,3028.008057
58.402835,220,3029.606917
-29.525993,300,3030.193964
-12.232427,17,3030.254622
147.382056,341,3032.045599
167.671501,341,3032.741575
-82.464929,300,3034.458951
1058.738161,300,3036.308449
233.298523,1,3036.346406
-23.484783,14,3036.404508
233.298523,1,3036.442075
369.048351,202,3036.809508
109.827806,264,3038.424567
895.823959,400,3039.328436
371.171447,202,3040.790595
135.600739,341,3041.594691
305.323836,162,3042.934207
359.832936,195,3043.427187
-24.871143,14,3043.489203
55.298963,340,3045.311103
-77.5014,400,3047.184666
-22.655527,11,3047.237693
365.844246,197,3047.71384
168.314082,341,3049.432476
-85.65475,400,3050.23157
311.159639,172,3051.779872
77.679049,233,3052.278724
141.171194,341,3054.157836
399.852204,242,3054.760135
233.298523,1,3054.797879
446.560117,237,3056.319144
468.614629,249,3056.835618
70.061654,341,3058.645276
348.096751,180,3058.98624
430.434706,236,3060.579147
355.851384,191,3060.934888
233.298523,1,3060.972455
135.43522,341,3062.727175
233.298523,1,3062.765268
233.298523,1,3062.804224
117.407693,400,3064.751218
794.391597,271,3065.32885
402.295408,220,3066.933502
135.934749,341,3067.645932
506.402103,341,3069.420905
233.298523,1,3069.460934
430.522064,237,3069.879806
233.298523,1,3069.917786
1.491725,300,3071.650997
125.858341,400,3073.570672
-59.393518,400,3075.474589
207.438679,1,3075.512711
649.81588,323,3076.27598
233.298523,1,3076.314754
153.052034,341,3078.129516
-37.495024,300,3078.796986
-2.460122,300,3080.474269
882.701337,400,3082.379778
233.298523,1,3082.417816
131.565995,268,3083.000307
905.206876,300,3084.673546
449.548989,238,3085.282666
11.252129,300,3086.958471
310.309636,169,3087.246516
879.544609,400,3089.125057
233.298523,1,3089.162925
-50.256932,140,3089.486776
10.116415,15,3089.551971
93.050146,341,3091.260374
1013.502585,300,3093.023674
5.7423,300,3093.619505
233.298309,1,3093.657551
-38.596452,300,3095.461732
282.271307,400,3097.378903
-6.615642,22,3097.448806
-20.178348,1,3097.488986
169.190309,341,3098.222548
233.298309,1,3098.260608
1062.150929,300,3099.952222
-34.13207,400,3101.867488
1012.063387,300,3102.501097
403.077281,215,3104.192625
-5.133335,9,3104.24401
165.318699,341,3105.013067
502.97182,341,3106.768571
5.935559,42,3106.899231
176.16171,341,3108.625081
177.099251,341,3109.271267
287.863377,400,3111.091521
430.703319,229,3112.684286
-5.230741,28,3112.761683
887.011759,400,3113.638945
400.911367,215,3115.164788
233.298523,1,3115.204506
544.997183,300,3116.85224
1069.051434,300,3117.452529
-12.832882,300,3119.123408
71.581973,227,3119.6226
-38.442238,400,3121.540848
126.313355,400,3123.435476
199.965943,377,3124.308175
160.888926,341,3126.014037
475.84002,341,3127.850244
-16.003052,2,3127.888657
495.395848,341,3128.671239
-21.960229,10,3128.723008
-25.024526,20,3128.794797
233.298523,1,3128.832085
139.065924,341,3130.586286
495.961769,341,3132.433214
504.947823,300,3133.126991
371.446722,199,3134.592327
398.507638,222,3135.085738
4.514773,12,3135.142539
73.792845,219,3136.656097
288.425387,400,3137.47935
893.590005,400,3139.367585
233.298523,1,3139.405399
496.601172,341,3141.165964
-31.160538,300,3141.908122
233.298523,1,3141.946274
-3.577484,8,3143.057505
125.474332,400,3143.973845
351.012609,202,3145.536574
233.298523,1,3145.574234
233.298523,1,3145.611607
125.512041,293,3146.201558
735.7388,261,3147.815033
-25.296922,26,3147.888811
-18.686804,300,3148.512407
148.673919,341,3150.259757
176.495677,361,3152.048225
145.216961,341,3152.765034
153.412368,341,3154.482289
110.393885,400,3156.388065
67.847557,254,3156.997631
305.393595,400,3158.845634
105.501087,341,3160.629396
886.335485,400,3162.50684
128.556437,400,3163.360518
207.064138,1,3163.398908
131.910638,341,3165.108952
429.911449,300,3166.864776
516.716229,341,3167.515211
301.393124,400,3169.360527
-35.831461,300,3171.053405
48.710677,380,3171.924302
-132.023426,341,3173.635139
494.316882,341,3175.494422
167.690118,341,3176.113663
533.820927,341,3177.920747
426.784072,280,3179.598171
233.298523,1,3179.637858
882.891942,400,3180.41512
988.092048,300,3182.105949
233.45307,1,3182.144199
363.301775,195,3182.562576
353.753594,198,3184.003965
46.918354,341,3184.837416
-87.668003,300,3186.54279
159.902651,341,3188.32033
169.159506,341,3189.100979
-40.199741,341,3190.828264
233.298523,1,3190.86639
656.256726,335,3192.667776
132.10048,341,3193.410741
1330.225253,297,3195.220147
77.824659,260,3195.803848
140.230012,341,3197.537368
-50.391229,400,3199.511199
-30.568829,300,3200.256292
405.191756,215,3201.738185
233.298523,1,3201.776082
117.919791,341,3203.565668
106.041781,400,3204.360208
414.747706,221,3205.921794
135.247772,341,3206.710141
911.132848,400,3208.754408
1055.837206,300,3210.431583
493.724205,300,3211.147014
-25.424642,12,3211.203291
233.298587,1,3211.24092
178.97712,350,3212.931643
85.345175,300,3214.654885
-1.398516,30,3214.734453
586.288364,341,3215.670906
233.298523,1,3215.708972
456.455216,232,3217.224568
-2.088814,300,3217.859554
-18.009825,2,3217.898604
15.742455,19,3218.000481
118.007835,400,3219.916631
148.432867,341,3221.734181
233.298523,1,3221.772325
154.530368,341,3223.638123
233.298523,1,3223.676281
432.65124,232,3224.297532
-46.259769,300,3226.070081
439.821357,233,3226.588241
517.839543,341,3228.46472
459.027658,341,3229.367277
143.297861,341,3231.306543
481.320499,341,3233.095155
312.059314,400,3235.013343
98.358514,341,3235.734676
536.947895,300,3237.405674
207.10034,1,3237.443795
369.920037,200,3237.893379
300.62926,400,3239.733762
233.298523,1,3239.771655
153.541892,341,3241.619329
1050.157943,300,3242.308693
79.821683,250,3243.849579
1054.393526,300,3244.496968
233.298523,1,3244.535605
321.774167,176,3245.974052
522.950649,300,3246.566793
181.414188,341,3248.388312
30.421337,122,3248.647588
402.537074,223,3250.250548
515.531589,300,3250.83986
-111.016796,300,3252.510213
539.320674,300,3253.093098
444.015238,241,3254.709903
-103.54463,300,3255.403351
233.298523,1,3255.441349
523.568181,341,3257.190298
194.370738,341,3258.987804
233.298523,1,3259.025836
533.605519,300,3259.734531
1117.864834,300,3261.375406
159.583517,341,3263.139646
904.906609,400,3264.071661
459.875784,341,3266.041416
163.968072,341,3267.844066
342.87247,341,3268.524416
-22.567756,6,3268.570233
60.507355,341,3270.32321
102.213643,400,3272.181299
-37.216629,400,3274.321546
825.719696,278,3274.940616
233.298523,1,3274.978299
221.114487,1,3275.015971
-43.151705,15,3275.077039
-25.613632,23,3275.155672
-8.276546,24,3275.261817
-12.233804,341,3277.05497
37.472325,28,3277.142473
218.659759,1,3277.180408
93.855452,341,3278.98244
-56.180005,341,3279.730597
549.868448,288,3281.438231
-19.499984,1,3281.475548
85.384179,313,3282.162666
119.623899,400,3284.16521
-18.355664,3,3284.211674
-57.940603,400,3286.063313
399.15713,214,3286.635343
396.45919,242,3288.434353
408.08983,220,3289.033883
462.543984,341,3290.854455
233.298523,1,3290.896982
233.298309,1,3290.938943
140.988224,341,3292.767188
171.105821,341,3293.650764
-90.778186,300,3295.242959
913.432433,400,3297.19653
45.2483,400,3299.195855
233.298523,1,3299.238384
175.464873,341,3299.981668
36.508577,341,3301.724545
-77.892682,226,3302.32216
148.149077,341,3304.12063
897.60453,288,3305.767815
426.202787,230,3306.238256
1058.904414,300,3307.91284
305.607327,341,3308.633555
-22.452875,10,3308.692814
464.451164,341,3310.649072
162.670377,341,3312.466729
-10.108276,300,3313.11209
217.111889,1,3313.154599
-107.549286,300,3314.831207
410.290294,229,3315.263359
46.331076,341,3317.20188
-22.954677,300,3317.854474
393.150531,212,3319.404424
162.033148,341,3321.240032
162.378493,341,3322.002831
358.347847,197,3323.686931
32.993121,25,3323.768406
157.619146,341,3324.564665
-10.193665,18,3324.634916
514.123912,341,3326.562344
411.699753,232,3327.054135
107.822949,400,3329.053199
155.991898,341,3330.930378
-72.177226,300,3331.581344
-20.747132,3,3331.628023
233.298523,1,3331.669826
153.29666,341,3333.491614
136.800227,341,3335.31633
-63.576451,400,3337.383378
294.304996,400,3338.377429
61.746672,308,3340.066926
-21.069544,6,3340.118113
-22.112735,7,3340.214347
-23.272748,300,3341.937959
443.334101,244,3342.553504
-25.712178,300,3344.272085
116.216681,400,3345.196366
233.298523,1,3345.238685
152.867466,341,3346.979811
233.298523,1,3347.022054
136.258103,341,3348.934264
-32.001817,30,3349.017893
-165.33881,117,3349.350509
403.509946,300,3351.029919
1051.060774,300,3351.662872
-18.923285,300,3353.349353
286.465337,400,3355.387547
165.78054,359,3356.168821
-32.424566,300,3357.866886
42.61786,306,3358.555689
509.376581,341,3360.371673
-22.724754,300,3362.139498
113.888681,400,3364.040789
-50.891985,400,3364.997578
-27.561317,400,3366.953538
-95.876964,191,3367.487159
233.298523,1,3367.53164
-10.847439,21,3367.602771
282.045844,400,3369.499354
-5.628696,300,3371.215556
55.499874,243,3371.784448
172.980087,334,3373.591813
-14.375322,23,3373.70783
40.632049,208,3374.14292
426.870014,230,3375.67896
224.478864,1,3375.721172
426.349306,300,3376.423001
292.998813,400,3378.567781
675.15453,341,3380.661267
1043.764288,300,3382.56691
1169.000314,300,3383.26155
-18.895286,2,3383.308672
-12.845465,300,3385.101093
392.239275,213,3385.607765
153.548133,341,3387.538987
233.298523,1,3387.581227
474.178856,341,3388.294535
107.887345,271,3389.976681
-12.883263,13,3390.037017
462.3869,341,3391.771241
432.524618,233,3392.290405
421.234593,225,3394.051475
57.679607,257,3394.631567
129.587276,341,3396.422026
-5.404203,33,3396.51163
1069.598534,300,3397.301222
233.298523,1,3397.343461
435.090408,240,3398.99561
-7.984102,6,3399.04418
230.124061,1,3399.08612
298.167269,300,3399.698142
214.550291,1,3399.740587
60.810192,333,3401.459574
1.984189,11,3401.516342
130.125889,341,3403.381076
140.930692,271,3403.950178
233.298523,1,3403.992356
249.710163,321,3405.815632
270.653959,300,3407.636513
285.345421,341,3408.668781
-17.967865,1,3408.710122
211.605423,1,3408.752322
10.020317,16,3408.819781
127.864136,266,3410.606654
159.559059,341,3411.374552
-1.810858,84,3412.601107
136.57854,341,3413.333783
144.268189,400,3415.305031
147.76727,341,3417.127203
438.27173,341,3417.828195
233.298523,1,3417.870282
158.72099,341,3419.783855
852.111605,278,3421.532798
1053.149414,300,3422.328345
214.358938,1,3422.370786
479.763252,245,3423.985882
432.198541,231,3424.548884
1095.349673,300,3426.191037
1065.131186,300,3426.811881
422.525549,225,3428.360963
402.060582,216,3428.920156
141.741557,341,3430.780824
455.194278,341,3431.509303
-19.414641,1,3431.551302
156.867719,400,3433.49354
454.338075,245,3435.131175
124.488699,400,3435.972487
-8.072349,300,3437.659504
253.468064,300,3439.381823
882.599502,400,3440.321174
2.073233,11,3440.458327
152.631745,308,3442.213313
446.072171,240,3443.848107
37.286035,119,3444.146283
188.757316,400,3446.134669
331.761517,183,3446.537224
164.933573,400,3448.455912
215.673607,1,3448.499671
371.089439,199,3448.881033
341.369129,189,3449.369029
511.971912,341,3451.274263
400.603567,217,3452.797601
-34.797104,400,3453.685273
22.428398,23,3453.766737
8.559123,14,3453.828478
38.445595,29,3453.917687
147.192237,400,3456.006557
489.415912,341,3457.785073
425.730651,341,3459.652592
233.298523,1,3459.694772
937.134305,300,3460.502257
172.532395,341,3462.329587
404.961772,215,3462.775354
510.953738,341,3464.644034
442.942499,341,3466.49522
-17.274405,15,3466.561442
-8.589988,300,3467.224821
903.561857,400,3469.079317
440.709559,300,3470.88641
471.429632,300,3471.540586
142.759425,341,3473.31758
378.934557,205,3473.78489
234.381923,1,3473.82704
233.298523,1,3473.868626
-11.227442,20,3473.978481
-20.237828,1,3474.021075
184.510653,332,3475.72893
-118.103921,400,3477.7132
96.047348,341,3478.472101
233.298523,1,3478.517834
233.298523,1,3478.559449
-32.892948,43,3478.667844
967.178316,300,3480.631559
423.779542,300,3482.323352
214.577943,1,3482.3658
742.571994,379,3483.220569
360.86296,341,3485.00577
-15.151658,9,3485.058764
-28.078153,300,3486.775832
16.173422,18,3486.842593
-25.991535,168,3487.210935
65.749153,227,3487.709363
17.583965,348,3489.622967
520.764018,271,3491.385557
51.059415,352,3492.073941
291.381442,400,3493.994165
67.711316,219,3495.591555
233.298523,1,3495.63419
49.638118,298,3496.286998
233.298523,1,3496.328868
369.152864,341,3498.293769
7.315329,300,3498.997042
875.864683,283,3500.709218
1073.285508,300,3502.468402
233.298523,1,3502.510519
269.052167,139,3502.880754
149.936414,341,3503.732911
1074.026757,300,3505.377982
419.079702,224,3506.115429
298.012885,400,3508.001179
-10.703324,20,3508.071159
233.298309,1,3508.113017
-20.686249,4,3508.158411
-60.253751,400,3510.019904
892.118515,400,3511.974844
-90.981319,400,3513.997394
322.692192,184,3514.396334
1058.877021,300,3516.119678
464.417712,300,3516.697277
-41.073006,166,3517.276983
139.5203,341,3518.980397
134.194472,296,3520.690684
482.561518,341,3521.492319
-4.587789,30,3521.581037
175.833899,341,3523.363609
380.922211,205,3524.849687
165.428596,341,3525.588624
573.148046,341,3527.509217
299.460231,182,3527.928539
-20.884736,5,3527.97599
177.111994,400,3529.888065
154.621716,341,3531.766288
210.346333,1,3531.808879
72.090717,240,3532.433125
-67.772326,121,3532.738812
173.841733,400,3534.627447
-15.910251,2,3534.672049
27.099028,23,3534.754147
481.953466,300,3536.464992
71.899561,327,3537.415172
466.801098,300,3539.09008
-19.534684,1,3539.133143
498.306181,341,3540.985549
2.049117,11,3541.041853
-46.546987,17,3541.10595
773.06202,390,3542.958102
116.338913,341,3543.694755
119.973018,400,3545.600981
-3.043851,8,3545.654626
104.131303,400,3547.636363
147.852623,341,3548.434764
-44.680533,300,3550.231742
34.187461,27,3550.312391
-9.948164,300,3552.167917
-5.949026,29,3552.33208
-33.563037,234,3552.797997
439.732417,300,3554.506721
300.155627,400,3556.558532
-12.90736,15,3556.622656
-5.63018,7,3556.67399
-21.238593,300,3557.344272
349.055721,191,3558.877858
1018.676377,300,3559.569943
155.665381,400,3561.424474
359.481313,195,3561.946476
1099.835207,300,3563.656678
233.298523,1,3563.698915
-24.823927,300,3564.380514
386.0146,300,3566.097863
340.16747,185,3566.451183
467.262066,245,3568.092559
233.298523,1,3568.134758
71.427559,341,3569.922799
32.911298,341,3570.598347
-54.991168,400,3572.472288
114.936951,341,3574.491915
-84.441305,341,3575.209622
61.701942,224,3576.679958
78.599778,266,3577.305382
-28.523799,34,3577.40939
-20.594916,4,3577.456129
69.19589,237,3579.057278
-20.705282,3,3579.102827
-19.476114,1,3579.144708
-6.290407,27,3579.226337
134.22025,400,3581.092006
882.657831,400,3581.869501
361.893186,196,3583.432667
-17.884966,1,3583.474044
119.83069,400,3585.391034
-41.628087,300,3586.086274
164.704911,322,3587.796556
-7.498198,70,3587.941807
-58.70651,300,3589.734144
-37.924456,400,3590.662428
274.028871,143,3592.020771
619.273369,309,3592.665575
327.451445,179,3594.126686
288.874036,400,3594.981248
-20.982996,6,3595.030015
147.589241,298,3596.697528
-20.508844,3,3596.74213
379.55644,203,3597.175863
-41.002318,300,3598.878992
94.009638,341,3600.717383
488.430114,341,3601.697949
529.431038,276,3603.632464
-20.375927,19,3603.706528
1053.250503,300,3604.49912
395.453,211,3606.0122
537.358579,300,3606.673035
458.865441,300,3608.547224
155.891362,400,3610.439848
-48.247803,400,3612.424386
159.911624,341,3613.299543
124.385015,341,3615.086735
134.867833,341,3616.962449
337.66454,341,3617.69448
-5.16407,7,3617.746741
-19.869162,300,3619.463577
233.298523,1,3619.506343
-20.167881,1,3619.547422
67.222577,194,3619.961516
234.902232,341,3621.930183
1034.790901,300,3622.697473
37.228906,27,3623.852153
153.472349,341,3624.562565
462.554236,341,3626.359426
173.213695,341,3628.296327
525.629009,300,3628.912201
362.575524,286,3630.657632
446.159191,237,3631.090884
65.033639,208,3632.626233
473.16652,341,3633.364546
139.695491,341,3635.230916
123.369907,272,3635.801462
399.629523,341,3637.584563
-51.173236,20,3637.660628
492.132335,300,3639.604467
-2.611561,39,3639.720221
455.28914,341,3640.514492
-14.233766,14,3640.578787
-25.131883,31,3641.777766
1068.846923,300,3642.544383
-111.601703,306,3644.194242
140.642543,341,3645.081463
-11.911882,341,3646.880443
375.236751,202,3647.308912
-28.227756,32,3647.396055
-107.87453,266,3649.132068
65.823232,203,3649.665788
-114.334075,279,3651.327382
403.865288,341,3653.179663
233.298523,1,3653.222037
-19.493004,1,3653.26283
-9.405036,23,3653.337156
233.298523,1,3653.378804
453.052474,300,3654.059309
-9.695983,22,3654.134779
169.612287,366,3655.954127
233.298523,1,3655.996167
61.982038,208,3656.509847
-7.683067,6,3656.561992
233.298523,1,3656.603812
278.385796,341,3658.514214
223.243529,1,3658.558516
365.280553,341,3660.464714
923.879627,400,3662.423236
161.787401,92,3662.602856
-10.078633,20,3662.674296
80.833319,175,3663.231885
359.741004,193,3663.628039
-21.68965,1,3663.669344
58.954963,205,3665.202876
442.873165,341,3666.973678
391.036717,341,3667.665881
439.558588,341,3669.466617
144.960783,294,3670.124936
-3.92258,300,3671.806763
-104.678847,270,3673.443927
887.297584,400,3674.213608
-17.416246,5,3674.262792
-7.365112,27,3674.341927
411.520308,341,3676.122807
350.033341,186,3676.489884
-28.277413,300,3678.212469
366.741178,341,3680.04199
16.042402,20,3680.197937
299.334253,400,3682.161806
129.949715,341,3682.994991
233.298523,1,3683.037144
-117.142102,400,3685.110271
912.88632,288,3686.871109
443.678178,341,3687.575967
-17.947195,1,3687.618808
516.105754,260,3689.15294
316.341842,172,3689.658334
-20.090525,5,3689.709043
-25.261766,22,3689.782917
-29.117909,6,3689.832801
896.898944,400,3691.704106
-27.421838,24,3691.781624
294.163518,341,3693.571769
302.424083,400,3694.632952
457.326647,341,3696.424408
336.83077,341,3698.17205
-44.973237,300,3698.83086
-26.778421,300,3700.597548
233.298523,1,3700.639925
-113.50521,400,3702.55128
9.560365,14,3702.614012
950.2381,300,3703.301352
0.622283,300,3705.030166
-20.095296,9,3705.086475
-19.499947,1,3705.127386
145.273397,341,3706.904476
455.214607,242,3707.433402
-5.746025,23,3707.506894
161.877452,320,3709.307472
-20.476608,2,3709.35205
233.298523,1,3709.39369
561.590034,341,3710.149037
317.567161,178,3711.693961
41.5738,30,3711.780413
437.211049,238,3712.342204
219.165587,1,3712.38454
233.298523,1,3712.426158
391.404306,341,3714.168731
5.433096,12,3714.22973
-20.365489,1,3714.274459
-287.33582,341,3716.001893
696.099547,352,3716.836128
384.573192,206,3718.344512
-14.921116,10,3718.440795
-76.167899,300,3719.091893
162.26121,341,3720.876025
-307.906487,341,3722.656221
284.163915,400,3723.508447
1039.943603,300,3725.219682
155.022699,341,3727.260705
1095.351093,300,3727.983083
157.473557,341,3729.805736
83.580728,400,3731.700408
-16.814316,300,3732.327148
233.298523,1,3732.369667
896.042027,400,3734.302714
899.255912,400,3736.251359
-23.366111,14,3736.355389
461.386079,248,3736.906494
-14.259585,11,3736.963936
233.298523,1,3737.005834
233.298523,1,3737.047741
154.937861,341,3738.86973
-22.44507,15,3738.932975
233.298523,1,3738.974578
-15.999063,2,3739.017028
-23.005773,19,3739.085882
27.252571,23,3739.163079
164.832919,341,3740.949121
210.659914,111,3741.189981
233.298523,1,3741.231915
123.131142,341,3743.011848
148.231451,341,3743.923102
381.132468,205,3745.417462
233.298523,1,3745.459431
332.050781,172,3745.755914
147.073325,341,3747.531813
529.760149,267,3748.14024
533.868305,267,3749.774545
548.009072,341,3750.590208
-13.941718,300,3752.282324
-31.264102,38,3752.419762
-74.358559,400,3754.420633
359.817344,195,3754.868735
439.194406,241,3756.493504
133.323839,250,3757.158072
-18.519879,300,3758.887101
166.090076,341,3760.717971
-51.840714,23,3760.832517
310.299545,400,3761.741234
147.215865,341,3763.608505
-26.17339,341,3765.470527
419.722066,300,3766.088059
74.065089,274,3767.868076
161.158794,341,3768.623383
459.71626,341,3770.494356
143.378729,341,3772.35013
-30.340127,35,3772.441509
-21.353908,8,3772.494049
39.53884,29,3772.577223
-19.477246,1,3772.619535
1058.807986,300,3774.347
68.625996,400,3775.315093
-17.48078,5,3775.362682
233.298523,1,3775.404529
11.795688,15,3775.466416
1.472558,300,3777.238467
1057.604387,300,3778.996737
-19.002187,2,3779.039761
1.045183,41,3779.143771
167.922529,341,3779.882547
-21.540471,1,3779.924284
75.415025,305,3781.663634
170.264736,341,3783.499134
115.631958,265,3784.258496
517.354293,341,3786.1479
621.512724,341,3786.993611
-73.035767,400,3788.928407
332.620461,341,3790.761558
777.942354,384,3792.723773
211.042642,1,3792.766291
-17.794386,4,3792.814537
130.961994,341,3793.742361
-20.0414,1,3793.783833
392.165407,213,3795.440422
-42.014221,300,3796.057428
-25.387611,21,3796.137921
36.453311,28,3796.229539
159.318828,341,3798.057957
123.476148,341,3799.926496
319.813025,341,3800.666319
213.690741,1,3800.708864
0.084288,1,3800.752815
-20.258188,1,3800.794562
165.073893,341,3802.571638
-17.881033,1,3802.613022
157.719399,341,3804.405721
196.013687,377,3805.23419
156.280679,341,3807.014509
-43.814889,400,3808.967424
144.270263,320,3809.780722
-8.372015,317,3811.456974
144.241218,341,3813.332384
412.820607,222,3813.945673
309.053136,341,3815.832616
-3.604145,300,3816.413872
457.508589,245,3818.039386
158.764796,341,3819.852302
233.298523,1,3819.894458
48.388622,34,3819.983938
151.875091,341,3820.615182
91.023076,400,3822.526803
620.404337,311,3824.268527
928.144492,400,3826.194794
-41.58162,251,3826.763774
358.300499,341,3828.644327
398.200407,341,3829.328193
707.295429,362,3831.124794
442.943434,341,3833.010557
150.146658,341,3833.721002
482.653557,341,3835.425225
-51.46383,300,3837.159826
-30.280779,400,3837.925784
57.836402,287,3839.670111
898.255534,400,3841.609161
25.181158,22,3841.722781
131.83691,341,3842.399551
34.255994,98,3843.73504
10.141611,15,3843.838827
8.312034,300,3844.566226
-2.749978,300,3846.290805
60.474317,341,3848.077422
-17.142575,400,3848.922667
77.924982,308,3850.71388
2.105858,42,3850.817273
121.668096,255,3851.518827
343.837939,341,3853.218307
174.023216,341,3854.955386
-78.96774,300,3855.545544
111.958368,400,3857.427829
348.194884,341,3859.196505
339.887851,341,3861.011435
-30.182701,300,3861.747911
-83.229491,400,3863.697169
-19.531635,300,3864.388478
-46.396156,265,3865.985071
-22.247404,9,3866.039404
233.298523,1,3866.081195
-23.701681,16,3866.148873
286.499101,400,3867.972161
297.167008,400,3870.000346
166.672019,328,3870.64891
209.350076,1,3870.691661
568.772922,285,3872.40532
85.684916,400,3874.312682
-14.770233,300,3874.88658
118.884721,400,3876.838139
293.12141,400,3878.74186
172.820506,341,3879.608715
105.613875,400,3881.567644
473.78907,300,3883.283006
1057.289738,300,3883.932719
69.472127,241,3885.497861
582.112568,341,3886.453785
233.298523,1,3886.498525
-19.499984,1,3886.539896
1038.129601,300,3888.280119
233.298523,1,3888.322772
487.157967,341,3890.219526
-6.229195,29,3890.304935
582.340856,341,3891.096396
168.273933,351,3893.101356
120.577137,400,3895.144276
-25.521723,26,3895.234377
143.153407,341,3897.074027
-27.593796,5,3897.122337
288.795262,400,3898.014446
-9.958023,18,3898.087876
526.805115,300,3899.827012
233.298523,1,3899.86946
233.298523,1,3899.911069
316.790152,168,3900.295356
234.491871,1,3900.337721
-21.792564,4,3900.383004
41.085112,29,3900.46464
-15.040096,8,3900.516137
233.298523,1,3900.558261
412.752748,225,3902.206671
-16.673705,294,3902.883785
54.804415,228,3904.376343
162.048587,341,3906.237669
49.346977,225,3906.788677
209.559884,1,3906.833165
-25.754207,23,3906.909377
162.242266,400,3908.923378
593.607491,341,3910.768283
-21.940034,8,3910.860803
147.490184,297,3911.569651
29.321842,300,3913.371775
233.298523,1,3913.413928
-53.700409,341,3914.230887
344.068832,190,3915.662641
10.099273,15,3915.724439
233.298323,1,3915.766275
-11.084455,25,3915.922978
1054.263831,300,3916.602943
561.547621,341,3918.375939
505.264478,300,3920.006232
1069.817997,300,3920.745145
411.225083,286,3922.565585
542.680556,300,3923.28996
378.813099,208,3924.809018
1036.822554,300,3925.592577
230.363817,1,3925.635032
233.298523,1,3925.676729
520.915241,266,3927.264748
69.283271,340,3929.086745
285.607212,400,3930.132092
-64.273884,400,3932.208901
428.271719,224,3933.714993
1152.977571,300,3934.638375
169.607377,341,3936.471507
163.823628,341,3938.21084
212.925948,1,3938.253331
514.968347,341,3939.058962
-43.723052,400,3941.142762
-1.662818,9,3941.198874
-27.915198,34,3941.301241
-49.04163,400,3943.493363
-29.401703,300,3944.232944
9.675163,14,3944.293852
13.556892,300,3946.0526
-11.151648,16,3946.119109
59.006861,225,3946.658436
172.911208,341,3948.428193
64.960504,341,3950.348932
-5.672639,32,3950.483379
237.383341,1,3950.525568
-48.57787,400,3952.463633
209.330911,1,3952.506033
233.298523,1,3952.547874
32.993783,25,3952.624141
-31.953372,400,3953.462477
-7.676981,300,3955.17362
136.460263,341,3957.104695
59.123609,203,3957.536669
365.577738,198,3959.145285
49.023727,220,3959.705535
233.095516,1,3959.748017
341.810217,185,3960.156337
-19.431727,1,3960.197605
211.049511,1,3960.239672
233.298309,1,3960.281477
1031.104165,300,3961.962716
333.215801,243,3962.572236
442.269838,242,3964.30157
-19.44701,1,3964.344259
341.50219,189,3964.815949
233.298523,1,3964.858042
-23.469955,13,3964.916411
233.298523,1,3964.958318
217.257684,1,3965.000199
139.026218,400,3967.063377
-7.311643,6,3967.11234
-47.693408,400,3969.064778
377.899145,341,3970.839646
233.298523,1,3970.882045
172.117863,341,3971.597125
-23.231216,13,3971.660297
-37.20448,213,3973.201037
472.582474,300,3973.77928
413.267512,228,3975.516036
214.003967,1,3975.558389
151.71482,341,3976.238043
-12.78835,16,3976.304262
-97.09981,300,3978.148709
173.516106,341,3980.052011
63.502902,317,3980.722652
166.307404,341,3982.530097
357.753848,198,3983.208244
214.563815,1,3983.250815
869.585241,400,3985.210287
14.952595,21,3985.408437
212.444202,1,3985.450584
452.283192,300,3987.143663
67.647044,288,3987.843349
989.889675,300,3989.612269
211.225376,1,3989.657062
233.298523,1,3989.69876
9.657284,14,3989.759217
-106.423048,300,3990.519137
990.08738,300,3992.41119
460.212063,300,3994.166486
920.882141,300,3994.919047
987.050493,300,3996.697335
551.421905,292,3997.404217
-13.637063,22,3997.52224
-96.994621,400,3999.502602
-28.591403,33,3999.605567
159.877146,341,4001.515856
141.270929,341,4003.451833
226.017263,1,4003.494866
-32.51914,300,4004.105409
-2.296208,32,4004.193473
368.226644,209,4005.69857
229.070221,1,4005.741082
67.13837,202,4006.190001
-22.388972,208,4006.628669
525.348657,280,4008.317788
548.332676,285,4009.998536
28.733884,23,4010.113209
-86.34602,400,4011.002481
292.496747,174,4012.491505
-12.998892,16,4012.555528
-20.759993,3,4012.601159
164.562585,341,4013.308951
404.989268,341,4015.088609
169.43165,353,4016.929657
-94.078067,300,4017.689249
126.522546,400,4019.569418
119.724207,341,4021.361826
299.82132,400,4023.373083
114.797659,400,4024.31742
307.449664,183,4025.742381
233.298523,1,4025.78442
-15.807337,2,4025.827285
-67.546088,300,4026.438499
-7.889043,300,4028.193924
-13.848793,3,4028.240159
359.746998,300,4028.916942
378.161079,208,4030.453374
-25.763161,25,4030.529402
91.779303,341,4032.498362
348.304746,341,4033.293304
-29.52785,32,4033.381829
233.298309,1,4033.42362
28.407293,341,4035.326265
210.133596,1,4035.368685
-15.786238,300,4037.215268
140.12285,341,4038.014097
322.204019,181,4039.399477
233.298523,1,4039.441365
113.465406,341,4040.237952
529.930145,341,4042.23262
370.984708,208,4042.781844
155.716734,341,4044.659911
-17.949051,1,4044.701183
143.298047,341,4046.602779
437.278375,341,4047.453327
-17.996771,1,4047.494707
119.432529,400,4049.453174
427.499125,300,4051.180692
34.986642,341,4051.980668
505.352473,341,4053.809783
490.699343,341,4055.643577
-115.424398,278,4056.219712
-21.26321,7,4056.271988
328.223422,181,4057.783587
-20.170315,1,4057.825008
-115.625629,269,4058.428182
133.539293,302,4060.144837
60.687597,206,4060.62549
-16.036697,300,4062.310418
-124.776045,292,4062.92299
498.261452,300,4064.647182
-33.700239,300,4065.369751
65.701737,238,4067.170763
395.143567,221,4067.861868
155.990712,341,4069.721732
867.871219,400,4071.87176
-23.537353,6,4071.922417
234.57971,1,4071.964375
416.356863,341,4073.844276
-21.438116,300,4074.538805
5.89292,51,4074.655144
149.38227,305,4076.379387
12.081194,16,4076.444916
-18.324175,3,4076.489218
436.069558,248,4077.268448
-19.499871,1,4077.309658
-19.479297,1,4077.35241
16.238496,18,4077.418217
-9.936329,300,4079.223348
1018.905253,300,4080.989891
532.44394,300,4081.607226
66.335661,307,4083.479374
-24.670852,13,4083.579179
554.914837,291,4084.217605
2.898509,300,4085.853589
-10.720843,200,4086.240656
233.298309,1,4086.285296
526.139176,300,4088.117242
-20.191234,1,4088.159914
-11.786349,300,4088.923696
299.005828,276,4090.5318
53.29405,341,4092.273625
609.579902,308,4093.067215
233.298523,1,4093.10922
44.469737,35,4093.215201
-3.397308,30,4093.351306
-74.8802,400,4095.318883
112.470601,341,4097.296194
-36.579512,300,4098.031124
342.369246,200,4099.453912
880.318057,292,4100.114574
-104.933403,400,4102.114984
233.298523,1,4102.157298
-22.565247,15,4102.265675
157.973273,341,4104.157806
50.336164,35,4104.261206
191.917027,365,4106.253512
233.299965,1,4106.295625
530.454425,274,4106.842504
145.930114,294,4108.631634
296.843432,400,4110.745036
-10.742383,341,4111.629679
-39.981017,400,4113.664619
562.853259,300,4115.444813
864.618705,400,4116.562485
233.298752,1,4116.60513
-19.468868,1,4116.64692
-32.192646,300,4118.389646
149.194467,341,4120.108838
539.500206,300,4120.84621
113.69444,400,4122.921058
165.119567,341,4125.037684
-1.963674,9,4125.094274
1020.436845,300,4125.895
158.620728,341,4127.759436
201.716013,110,4128.099159
170.92192,341,4129.878465
-21.720927,7,4129.930238
233.298309,1,4129.972359
-13.002337,300,4130.664223
509.705034,300,4132.397166
19.777137,254,4132.942443
233.298523,1,4132.984578
108.799469,400,4134.870197
151.842072,341,4136.649142
106.764886,400,4138.72931
-20.06304,1,4138.771863
-8.91007,22,4138.853209
120.435349,341,4139.835295
220.711426,1,4139.880119
73.885653,400,4141.707249
233.87901,341,4143.508361
-27.592168,26,4143.593123
59.254062,192,4144.003158
-114.808979,272,4145.673043
132.634372,400,4147.828491
308.676077,165,4148.288633
147.176269,341,4150.310277
485.882284,300,4150.985433
335.715746,184,4152.432521
-14.734026,12,4152.490503
-11.240003,300,4153.219321
126.636523,400,4155.06483
-57.453444,400,4157.096856
76.392749,400,4158.06527
-20.063509,3,4158.110154
-19.554403,126,4159.398333
416.411529,341,4160.197678
-20.350229,2,4160.241389
429.789024,233,4161.815417
1038.045044,300,4162.587486
-45.793783,300,4164.420817
347.274277,201,4164.95811
61.941736,232,4166.42088
27.21225,341,4168.489058
346.291965,200,4168.871688
331.908342,184,4169.323243
136.696303,341,4171.175517
-31.10296,400,4173.311434
73.10288,265,4174.030601
-66.262675,300,4175.80078
159.162615,341,4177.768066
88.004592,211,4178.29605
154.067127,341,4180.287989
408.081239,226,4180.796748
171.703158,341,4182.676326
375.523653,207,4183.086242
-21.026645,10,4183.144466
24.473841,21,4183.223577
174.061239,341,4185.018106
83.384295,218,4185.507167
393.158723,211,4187.113082
147.243155,341,4187.858162
224.683042,1,4187.901089
233.298523,1,4187.943005
372.851104,267,4189.535032
431.578763,300,4190.14492
119.840228,400,4192.108384
1038.489708,300,4193.825084
-23.884322,17,4193.891274
126.98147,341,4195.82275
350.176743,188,4196.224415
96.959659,229,4196.707122
-46.927695,400,4198.64372
445.84987,252,4200.386228
312.965523,191,4200.715913
397.466952,225,4201.354191
209.050568,1,4201.396334
126.214826,341,4203.215298
64.472056,244,4204.921089
924.976037,297,4205.531017
26.310917,25,4205.60851
458.593833,341,4207.380297
363.065083,204,4207.825998
-19.499524,1,4207.86711
291.400167,167,4209.289706
368.668182,341,4209.994638
-59.007538,84,4210.159155
122.964277,275,4211.876386
231.613626,1,4211.918544
127.07171,341,4213.663898
233.298523,1,4213.70598
345.436677,180,4214.101009
405.793381,214,4214.723554
40.451062,30,4214.810045
233.298523,1,4214.851847
361.96657,196,4216.409796
-27.876459,29,4216.501214
171.081032,400,4218.581076
-51.437718,87,4218.749904
322.418423,179,4219.19103
128.960424,341,4221.054883
1061.238987,300,4221.840786
423.722517,229,4223.346573
512.565118,262,4224.044957
-36.059565,300,4225.878124
-40.145643,300,4227.617027
233.298523,1,4227.65941
152.867463,341,4228.341512
-80.48498,129,4228.657583
606.351491,304,4230.387496
45.77431,386,4232.334511
522.725137,341,4234.197674
58.850297,341,4234.952891
1098.708927,300,4236.689878
11.715918,300,4237.391126
284.160568,400,4239.271239
177.492137,400,4241.145854
125.421239,341,4243.000057
175.201593,400,4243.852542
459.673948,341,4245.905173
-20.278889,1,4245.947694
518.60523,262,4247.637106
233.298523,1,4247.67913
-68.335303,300,4248.343201
1.497239,47,4248.466987
233.298523,1,4248.508915
44.618116,218,4250.060953
202.274775,108,4250.419662
432.421728,300,4251.028422
230.192541,1,4251.071096
179.916853,374,4253.104732
1047.056926,300,4254.888897
493.803903,341,4255.609493
-91.680714,300,4257.44904
-21.317446,4,4257.496572
-19.958077,314,4259.238254
-21.330447,400,4260.192851
395.24766,213,4261.67149
231.687645,1,4261.713727
-48.504017,17,4261.86118
50.558509,37,4261.955149
122.024468,266,4262.615228
484.684475,341,4264.396998
165.653202,341,4266.257261
143.602226,341,4266.968177
-85.942838,400,4268.886603
452.439797,300,4270.73173
-16.297181,6,4270.781282
476.187204,300,4271.43889
233.298523,1,4271.481555
150.512267,341,4273.314068
392.445398,341,4275.19109
1029.347689,300,4275.831828
-0.614342,300,4277.517405
1060.289535,300,4279.192558
154.137141,341,4279.918959
140.847946,341,4281.684832
564.696206,289,4282.374835
125.981532,341,4284.212284
-105.995217,284,4285.968479
754.09591,374,4286.708615
225.369501,1,4286.751035
1038.515575,300,4288.424599
148.02025,341,4290.235467
233.298523,1,4290.279679
-45.303422,400,4291.121073
233.298523,1,4291.163886
332.638674,341,4292.949378
176.114851,341,4294.682373
-10.722986,300,4295.464726
-113.22047,300,4297.1035
-20.634284,2,4297.147832
-5.119561,31,4297.274241
57.020461,400,4299.209388
170.362102,341,4300.058994
121.015681,400,4301.978343
457.496845,341,4303.712305
145.116237,341,4305.568574
342.282841,183,4305.927204
-33.846797,300,4306.647348
38.192301,31,4307.997714
345.300895,194,4308.407441
57.336284,232,4308.928231
1073.294899,300,4310.689792
-20.233854,1,4310.732885
-19.099373,300,4312.366306
524.353302,300,4313.028566
1082.786931,300,4314.780042
319.969149,325,4315.534834
69.894007,341,4317.274373
-24.589555,18,4317.342474
476.739776,341,4319.194445
315.095999,400,4320.032261
233.298523,1,4320.074494
-21.785125,300,4321.956225
-12.052452,300,4323.786174
605.933996,302,4324.401468
157.746544,341,4326.127641
742.104243,378,4328.039121
-270.372234,341,4328.86108
170.681382,367,4330.693537
-90.912144,341,4332.40082
-35.686618,11,4332.501645
62.898176,293,4333.065932
215.276679,1,4333.108083
-25.75048,27,4333.228424
120.942676,400,4335.226411
62.449019,257,4336.966119
167.091242,341,4337.806185
166.654262,341,4339.704521
225.48893,1,4339.746857
-16.977199,6,4339.796913
-4.513167,25,4339.920551
210.880625,1,4339.962651
224.478712,1,4340.004277
233.298523,1,4340.045897
233.298523,1,4340.087613
554.676621,341,4341.961487
50.110836,65,4342.097503
233.298523,1,4342.139821
522.300977,300,4343.027797
90.101756,341,4344.842649
174.366478,341,4346.812506
114.283281,400,4348.760234
-6.202767,27,4348.923846
148.842925,304,4349.627198
228.505929,1,4349.670135
289.32618,162,4350.036843
-53.242609,300,4351.780108
406.970062,226,4353.50114
-14.127758,11,4353.557535
-13.969117,12,4353.614425
-41.286085,300,4354.344326
174.668932,341,4356.154633
555.876294,279,4356.875545
-4.470001,39,4356.97454
572.805022,295,4358.730514
125.260025,400,4360.652776
-21.444085,6,4360.70389
874.766082,400,4362.717558
1028.903029,300,4363.402603
233.298523,1,4363.447303
107.184659,341,4365.415975
775.072607,389,4367.447228
-20.085894,1,4367.488445
52.906255,142,4367.862004
-79.840279,300,4368.568277
122.401835,283,4370.269111
-7.296862,6,4370.319943
174.263685,366,4372.208161
149.983175,400,4374.221191
212.801603,1,4374.264157
233.298523,1,4374.305722
6.59356,13,4374.365141
222.496307,1,4374.409622
372.239008,198,4374.882836
169.825488,341,4376.783819
-113.140925,283,4377.40833
119.586952,341,4379.197298
315.550286,168,4379.654192
385.418326,206,4381.152207
166.790621,341,4381.913423
166.396165,341,4383.673576
142.56332,341,4385.574328
252.193897,341,4386.247997
233.298523,1,4386.290445
438.447683,341,4388.23645
471.376627,341,4389.98456
41.612924,30,4390.111846
-21.495919,1,4390.153039
-30.57986,35,4390.287458
426.695449,341,4391.043903
233.298523,1,4391.086186
73.083954,280,4392.729316
228.886391,238,4393.369848
-12.0008,5,4393.418577
-22.799548,16,4393.486869
386.981682,317,4395.321569
618.970685,309,4397.113013
51.571704,37,4397.209351
534.376986,341,4398.039535
10.820609,17,4398.111924
207.61323,1,4398.153973
233.298523,1,4398.195623
135.932646,341,4400.030103
233.298523,1,4400.07234
-24.215413,15,4400.134091
67.369831,341,4402.131744
212.811603,1,4402.174277
448.518312,341,4402.936659
466.84637,341,4404.842548
-30.130249,32,4404.983217
-25.379188,19,4405.057361
96.411853,341,4406.825921
233.298523,1,4406.868568
315.321955,166,4407.289874
233.298523,1,4407.332141
-24.210584,17,4407.404728
-17.674243,300,4409.116541
233.298523,1,4409.158797
-83.058592,300,4409.800488
179.896199,341,4411.756512
119.909495,341,4413.63174
71.040162,200,4414.09058
372.416376,341,4415.875376
-5.06245,27,4415.965131
593.570508,341,4417.738002
-19.988598,1,4417.779413
153.352674,341,4418.504444
400.256871,341,4420.422578
524.111196,300,4421.197969
461.497283,341,4422.938589
78.029595,56,4423.123092
233.298523,1,4423.165322
343.843458,188,4424.669525
351.70601,189,4425.203008
-16.499851,300,4426.94995
-47.717687,76,4427.108141
-86.053933,300,4427.785072
207.477717,1,4427.827313
155.998994,341,4429.583757
209.838873,1,4429.626091
74.838131,298,4431.366396
-90.286284,300,4432.115512
371.513623,201,4433.653382
159.646791,341,4434.531484
214.557737,1,4434.57414
564.587164,300,4436.335948
177.159745,341,4437.165807
-21.747324,10,4437.220465
473.572535,300,4438.911747
110.403406,279,4440.622531
445.762638,341,4441.367478
173.66188,341,4443.199725
113.475616,400,4445.029818
182.433367,341,4445.748967
142.023684,341,4447.696478
155.464168,341,4449.487611
106.33144,341,4450.261114
410.300685,341,4452.087571
-19.500002,1,4452.12915
290.106569,158,4452.482276
-11.877826,16,4452.546089
94.541939,341,4454.369725
-17.970481,1,4454.413396
454.624132,341,4456.162995
213.90041,1,4456.205489
141.73461,341,4457.012386
448.782286,341,4458.967705
405.955282,300,4460.724743
157.505097,341,4461.546501
165.892943,341,4463.498536
-26.555745,217,4463.981795
499.6265,341,4465.76151
-6.093322,33,4465.849514
305.750191,160,4466.288843
350.142016,188,4467.761613
-33.048957,125,4467.982087
-21.650425,1,4468.023249
-106.096405,238,4468.683991
406.85647,219,4470.200586
233.298523,1,4470.242822
-22.131873,9,4470.296986
233.298333,1,4470.338659
177.38992,341,4472.288388
151.399233,341,4473.04729
104.66191,400,4475.050688
167.824352,341,4476.994221
600.690404,300,4477.718446
175.657778,341,4479.573523
-1.941386,9,4479.629388
-21.52714,1,4479.670279
147.390696,341,4481.552973
-20.346294,1,4481.595316
-7.973992,6,4481.644757
147.730861,341,4482.483993
474.860833,341,4484.318071
-22.468515,13,4484.381191
233.298523,1,4484.423197
-7.974285,6,4484.472812
233.298523,1,4484.514542
16.212282,18,4484.587176
896.752247,400,4486.48447
297.48171,400,4488.60122
77.689557,230,4489.080443
-4.505578,28,4489.170053
504.723944,341,4491.030373
233.298309,1,4491.072602
418.613436,258,4491.715657
-76.556809,148,4493.049593
-12.546396,300,4493.839301
439.411565,240,4495.425493
295.955396,400,4496.428706
233.298523,1,4496.470829
-39.158522,300,4498.152279
233.298523,1,4498.194446
395.818529,215,4498.609643
422.831966,225,4500.225312
158.892011,313,4500.944918
588.273135,301,4502.813759
92.385773,341,4504.583858
-7.478604,300,4505.354421
32.290028,26,4505.434497
233.298523,1,4505.476209
224.289236,1,4505.518188
-28.990481,400,4507.472017
1057.44814,300,4509.200507
389.186495,341,4509.90204
140.325081,341,4511.679821
-24.826499,30,4511.774665
411.917801,341,4513.670077
207.830546,1,4513.71259
484.861325,245,4514.197832
37.194279,28,4514.288915
-13.431942,13,4514.35131
129.294717,285,4516.064456
-11.057666,19,4516.133123
164.347033,341,4518.019207
169.211651,341,4518.952784
1.990515,11,4519.04912
896.129237,400,4521.103759
407.969342,341,4522.95639
-7.313284,300,4523.63459
1066.820949,300,4525.353712
-108.199536,232,4525.900307
-10.943748,18,4525.96924
515.084676,341,4527.801225
138.415209,341,4529.669204
383.52833,205,4530.205724
236.15466,1,4530.248082
51.523729,173,4531.797348
283.746543,341,4532.625494
60.81269,341,4534.559558
233.298523,1,4534.602329
54.768587,171,4534.964344
234.0462,341,4536.803064
424.635644,227,4537.364414
-18.622828,44,4537.596725
137.174702,400,4539.630667
210.34112,1,4539.673026
332.135916,341,4541.431004
276.168486,341,4542.245249
434.04912,341,4544.03085
233.298523,1,4544.07303
138.027101,400,4546.021239
413.307134,223,4546.529946
437.609974,233,4548.137029
65.831984,240,4548.731147
-113.322139,255,4550.420471
210.347809,1,4550.464969
179.425362,341,4551.266219
-5.227427,300,4552.99887
373.53657,201,4553.593949
323.53459,268,4555.274854
26.572769,22,4555.354616
369.148788,341,4557.217077
-10.348186,300,4557.978673
-5.11672,24,4558.063572
506.664196,300,4559.828966
-99.277434,273,4560.506566
-18.300675,5,4560.553692
434.720892,341,4562.495531
-56.233217,300,4564.256642
41.628758,112,4564.607196
230.081339,1,4564.649454
-17.662226,300,4565.415568
-17.054183,400,4567.362796
174.052826,341,4569.2693
233.298523,1,4569.314041
140.684287,304,4571.245025
531.474598,300,4571.786419
530.33876,300,4573.602885
-14.800758,400,4574.588824
-12.701566,341,4576.365463
389.670234,211,4577.971693
11.136943,300,4578.676146
-1.655145,9,4578.731779
487.809536,267,4580.367363
73.880418,230,4580.920744
-29.281031,400,4582.833004
233.298523,1,4582.875395
-4.897219,300,4584.714789
230.922652,1,4584.757793
-35.418793,51,4584.998358
486.8793,341,4585.785497
1044.03435,300,4587.478199
3.212783,300,4588.143442
363.85297,195,4589.666262
522.142654,300,4590.258612
519.969522,300,4591.954499
383.299214,207,4592.45542
90.445632,341,4594.262411
125.872099,341,4596.089844
288.473429,153,4596.415842
233.298309,1,4596.457629
-39.850131,49,4596.664831
421.658152,341,4598.599783
233.298523,1,4598.64229
397.579806,341,4599.545986
220.209724,1,4599.590125
176.79399,400,4601.711115
233.298309,1,4601.753983
-20.863325,6,4601.80417
-26.682603,300,4603.547899
22.603303,300,4604.377505
179.704903,359,4606.264166
146.897832,400,4608.507235
1063.570488,300,4610.350292
-25.331363,400,4611.414335
179.442441,341,4613.196366
434.406004,235,4613.71735
87.857242,341,4615.444277
156.155358,341,4617.2198
225.099164,1,4617.262294
-20.692635,19,4617.330896
-108.479066,300,4618.046303
265.77844,341,4619.798439
224.478864,1,4619.840996
428.676031,341,4621.77899
436.299162,235,4622.454749
159.520461,400,4624.331149
183.50099,400,4626.285601
-13.411734,13,4626.344492
-20.058751,1,4626.387493
-59.183515,300,4627.041149
176.491691,341,4628.790835
319.496254,266,4630.477062
-14.420653,9,4630.53142
578.528799,341,4631.335455
887.389995,400,4633.30999
3.300463,300,4634.98791
312.992359,290,4635.706553
136.611339,282,4637.325901
157.038879,400,4638.229265
142.754404,341,4640.092992
155.439669,341,4642.02575
778.325752,400,4644.044396
227.264423,1,4644.086864
-13.805581,14,4644.147935
142.431397,341,4644.862627
154.671057,311,4646.575916
215.562185,117,4646.944636
163.027724,400,4648.868678
566.065537,341,4650.88503
-16.531017,11,4650.941744
309.054247,400,4651.910977
97.807873,341,4653.730241
1072.479143,300,4655.661463
153.159852,400,4656.467962
243.336317,341,4658.296345
188.24104,377,4660.157524
233.298523,1,4660.199616
-114.763185,261,4660.838251
-23.462329,14,4660.901543
109.172023,341,4662.771169
-14.410707,11,4662.829858
-17.880749,1,4662.870865
233.298523,1,4662.912491
185.655116,341,4664.660173
74.562473,294,4665.311956
-14.465801,10,4665.371691
-108.012655,297,4667.054385
233.298523,1,4667.096435
165.437944,341,4669.029803
-12.048498,300,4669.787345
-101.773587,271,4671.633147
301.318762,400,4672.560765
68.952278,254,4674.265546
1012.638668,300,4676.154972
677.664092,344,4676.920394
80.77122,258,4678.455379
0.243726,10,4678.514297
179.253057,341,4679.4273
233.298523,1,4679.470633
300.358683,400,4681.667373
160.219796,400,4683.649369
22.64507,300,4685.508616
178.983361,341,4686.187906
-10.66479,17,4686.293614
6.299872,300,4687.98036
-27.833703,400,4689.825748
10.508907,300,4690.610246
84.23025,337,4692.373535
497.929114,341,4694.299441
891.270965,400,4695.303093
-20.212623,300,4697.085613
217.987374,1,4697.128224
4.633495,12,4697.186524
73.417941,235,4697.624312
354.211109,192,4699.106801
61.991514,184,4699.6343
634.13496,317,4701.419803
305.750178,167,4701.751186
-51.584002,300,4703.601021
1039.807365,300,4704.345583
876.90743,400,4706.31002
227.280807,1,4706.356269
293.7486,400,4708.479693
75.454602,261,4708.987154
233.298523,1,4709.029392
-3.624028,300,4710.957085
-12.251722,14,4711.024673
48.793472,227,4711.615436
334.205217,183,4713.149338
401.610466,205,4713.497098
-19.496289,1,4713.539869
-37.888017,400,4715.491321
146.760586,341,4717.204681
-16.747876,300,4717.820957
147.551974,341,4719.63206
-18.140397,3,4719.676882
149.390752,341,4720.427743
-27.560702,300,4722.119436
157.561096,341,4723.872843
237.870003,1,4723.915407
156.145807,307,4724.599799
310.866912,400,4726.522276
-74.220427,400,4728.462914
-19.708201,300,4729.318413
233.298523,1,4729.361076
556.656868,300,4731.084297
1007.581035,300,4732.920815
-26.867943,25,4732.998846
-5.65268,7,4733.050106
360.513371,196,4733.430234
340.090211,259,4735.078947
414.950846,220,4735.54939
233.298309,1,4735.591667
233.298523,1,4735.633345
-41.603277,300,4737.51324
330.554994,173,4738.053778
233.198922,1,4738.09605
888.0411,400,4740.160712
206.828187,1,4740.203141
233.298523,1,4740.24489
163.324706,341,4741.042231
900.687797,400,4743.056406
-23.882355,10,4743.113656
346.736965,341,4744.890516
304.661116,400,4746.942153
12.100995,16,4747.046284
24.096973,22,4747.120503
288.571851,341,4747.794856
233.298523,1,4747.837441
-19.57635,300,4749.608375
18.077499,300,4751.505085
402.713395,228,4752.002383
235.595962,1,4752.045835
66.881668,232,4752.577459
73.169144,214,4754.182255
42.904629,112,4754.465552
-96.468567,400,4756.372422
513.709209,300,4757.08856
460.152387,300,4758.769512
379.694004,203,4759.355375
7.329822,300,4760.962726
99.337211,224,4761.421384
760.818359,379,4763.30902
-10.582045,17,4763.374649
54.034128,176,4764.831646
447.911174,246,4765.48948
414.874132,341,4767.332767
-89.416122,280,4767.933322
208.711964,110,4769.250192
528.622526,341,4769.937232
22.278879,21,4770.007916
323.243439,341,4771.91693
-21.299581,7,4771.969464
-26.223973,26,4772.048485
430.289561,238,4772.528472
-125.623051,279,4774.17579
140.46327,341,4776.087878
-11.124408,19,4776.156096
364.773671,341,4776.803284
32.082959,26,4776.927944
128.017815,341,4778.768405
233.298309,1,4778.81073
32.971168,26,4778.928772
-111.049319,274,4780.606688
233.060321,1,4780.648823
-71.331399,341,4781.498256
233.298523,1,4781.540808
-0.58922,50,4781.673021
146.875425,341,4783.478417
1016.048174,300,4785.239565
212.86634,1,4785.282122
233.298523,1,4785.323847
144.524879,341,4786.041051
292.339272,400,4788.015186
-35.510763,300,4789.700763
536.716257,264,4790.339117
430.331752,234,4791.882421
516.678332,341,4792.797667
411.323585,341,4794.670704
447.565805,341,4796.489224
-57.664932,400,4797.292943
-27.680788,24,4797.370411
-17.913558,4,4797.418537
72.314448,341,4799.36877
527.97592,341,4801.18638
361.251818,196,4801.561447
233.298523,1,4801.603402
947.273455,300,4803.333916
80.694678,289,4804.005354
83.062215,307,4805.771145
57.539004,302,4807.554965
426.621655,300,4808.14955
-36.155479,300,4809.964681
-21.672766,300,4810.575505
-121.973112,274,4812.230509
421.39983,227,4812.732709
170.007368,341,4814.564897
-10.07242,300,4816.386525
-7.71115,300,4817.188616
167.666503,341,4819.043179
140.58896,341,4819.807152
-2.808986,31,4820.963968
149.722199,341,4821.640392
905.756001,400,4823.691107
426.245945,241,4824.186857
-4.653237,37,4825.391372
56.818629,38,4825.53041
233.298523,1,4825.57231
157.31027,340,4826.253819
572.363287,290,4827.96642
130.682169,341,4828.783239
233.298523,1,4828.82546
-6.662085,26,4829.975179
433.772148,341,4830.842949
-92.686063,161,4832.283744
399.062733,212,4832.73006
234.866428,1,4832.772481
233.298523,1,4832.814257
385.185992,205,4833.345144
-5.47067,35,4833.440089
69.529762,258,4835.097736
212.909546,1,4835.14064
233.161092,1,4835.182631
879.110177,400,4837.063385
487.645712,341,4837.837947
-15.57345,8,4837.890965
-19.463649,1,4837.93236
288.614086,400,4839.858457
883.398708,400,4841.806926
141.171433,341,4843.700886
233.298523,1,4843.743161
884.710513,400,4844.825014
-19.412885,400,4846.80345
-53.559943,300,4848.639128
-146.656655,341,4849.493203
-1.66317,268,4851.103261
77.915716,295,4852.832184
377.45837,203,4853.359523
124.193684,341,4855.358799
-16.164837,300,4856.16138
591.935333,341,4858.043835
-13.032639,13,4858.107405
-25.897314,300,4858.842942
-16.304927,7,4858.933687
156.670057,341,4860.734735
237.710444,1,4860.777155
552.776578,341,4862.574553
157.391619,341,4863.342076
-12.109328,400,4865.269649
-66.785664,341,4867.14887
-13.306987,400,4869.097053
475.802873,244,4869.72477
399.517889,341,4871.502489
-24.41682,15,4871.565741
232.323911,1,4871.610202
384.864698,341,4873.526364
542.85133,341,4874.199691
-107.040546,367,4876.175983
1070.617586,300,4876.834247
-37.402625,11,4877.958961
55.776679,133,4878.283622
1071.42035,300,4878.923113
121.101931,341,4880.678681
155.61401,341,4882.520087
426.57381,228,4883.083588
321.183289,400,4884.983321
-27.456363,37,4885.119975
210.004511,1,4885.162244
168.736105,341,4886.945076
-50.58338,133,4887.184774
126.482738,341,4889.012162
-10.27564,300,4889.634746
136.789745,341,4891.461691
-5.367449,400,4893.554118
525.307775,341,4894.372405
233.298523,1,4894.41478
609.57304,341,4896.317211
1062.931806,300,4898.097846
494.104038,341,4898.884383
427.824094,233,4900.577055
113.43265,400,4901.347131
-17.957222,1,4901.390256
39.31974,28,4901.473204
476.148395,300,4903.23706
1059.018358,300,4904.880284
233.298523,1,4904.922487
45.29894,120,4905.207939
233.298523,1,4905.250353
233.298523,1,4905.292101
1151.452581,300,4905.974639
182.84481,341,4907.75118
233.298555,1,4907.793863
233.298523,1,4907.835579
145.350692,341,4909.654777
71.60295,400,4911.565043
549.122187,341,4912.503646
10.357579,300,4914.178659
147.202526,294,4914.878022
95.945369,400,4916.743119
-18.000492,1,4916.784757
440.756912,341,4918.569884
324.811917,168,4918.99193
114.223352,341,4920.919152
-9.671227,22,4920.999392
162.112768,341,4922.945745
-22.383259,8,4923.000442
426.984861,341,4923.822588
2.582894,11,4923.884085
-22.12506,9,4923.940219
165.476623,341,4925.738908
159.158836,341,4927.737383
351.692871,191,4928.255917
153.908233,341,4930.123914
154.389455,341,4930.907981
314.204962,170,4932.435874
165.824451,400,4933.366925
233.298523,1,4933.409145
-110.249863,300,4935.192517
-31.839491,400,4937.109108
310.102911,169,4937.528019
307.844305,400,4939.66817
156.983111,341,4941.550431
-15.043885,8,4941.642623
1066.498212,300,4942.316931
-9.3057,19,4942.393257
-24.632906,16,4942.457615
346.749244,182,4944.079332
310.195426,400,4945.07014
273.063978,341,4946.9104
455.583321,300,4948.610466
887.583482,400,4949.422068
1065.08987,300,4951.069663
-10.54832,20,4951.139336
157.908873,400,4953.350325
241.331183,127,4953.659783
153.693733,341,4955.489555
59.691611,197,4956.038894
67.42001,328,4957.885393
353.896356,191,4958.255679
-79.677017,300,4960.136481
222.169492,319,4960.733912
152.507146,400,4962.646389
-35.752949,60,4962.833344
142.674236,400,4964.795757
1055.852826,300,4966.638437
220.071856,1,4966.680984
563.103903,287,4967.419961
481.966711,341,4969.158977
233.298309,1,4969.201281
82.75321,329,4970.929442
-12.609173,17,4970.994949
233.298523,1,4971.03672
143.477285,341,4971.749434
515.599731,341,4973.598162
264.602229,341,4975.333712
-1.781531,33,4975.424788
-8.990577,300,4976.086913
233.298523,1,4976.129335
233.298523,1,4976.171191
64.430936,166,4977.687223
288.120907,400,4978.499869
527.606876,341,4980.36659
24.076966,23,4980.441536
163.532945,341,4982.247433
343.043787,341,4982.923907
-15.894638,2,4982.967958
98.157908,400,4984.83346
27.534585,341,4986.581971
519.868649,341,4987.251398
-3.066645,36,4988.41234
139.386369,400,4989.309319
-74.580447,127,4990.736948
7.953084,300,4991.308634
-20.236996,1,4991.35373
233.298523,1,4991.395566
-24.905049,22,4991.509931
138.270008,400,4993.423246
-4.926994,26,4993.504308
233.298523,1,4993.546269
-12.003827,4,4993.591786
168.896951,341,4995.400182
533.758469,267,4996.050203
134.669172,341,4997.752267
889.262923,400,4999.670653
1066.707882,300,5000.389244
218.350312,1,5000.43161
-9.855263,300,5002.109999
175.156416,341,5003.834465
175.799409,341,5004.526265
451.206701,341,5006.300653
177.137957,341,5008.269181
488.927104,300,5009.04917
-121.06792,283,5010.838435
353.992591,265,5011.454194
912.605854,400,5013.371731
233.298523,1,5013.414128
-8.867041,24,5013.617042
270.461686,341,5015.711191
162.417422,400,5016.619041
7.511006,300,5018.258774
-98.936815,233,5018.886962
478.972147,300,5020.68814
512.35328,341,5022.52171
-72.208751,140,5022.849867
78.395576,337,5024.77395
432.368954,341,5025.437508
233.298523,1,5025.479667
3.296567,300,5027.205987
-0.184919,32,5027.298899
-17.947695,1,5027.343017
300.347858,341,5029.292373
223.862215,1,5029.335029
71.265624,213,5029.814841
353.768258,341,5031.632234
372.846366,341,5032.34253
295.549044,341,5034.202485
1076.532893,300,5035.880409
-20.237484,1,5035.923199
77.978657,226,5036.460163
-32.272437,8,5036.513786
-0.931721,300,5038.344577
233.298523,1,5038.389042
106.242961,400,5039.296929
437.866601,341,5041.202866
138.94501,400,5043.286122
389.869239,341,5045.168217
233.298523,1,5045.211046
131.569498,400,5046.213063
1038.696113,300,5048.007331
-60.835669,300,5049.847931
241.901791,1,5049.890475
-28.029074,31,5049.977075
233.298523,1,5050.018887
-19.500991,1,5050.059862
-19.499169,300,5050.851262
477.831269,300,5052.555663
175.435207,341,5053.330639
-103.108857,270,5054.92053
180.10241,341,5056.898011
83.87988,285,5057.445372
6.46182,300,5059.082772
454.748964,300,5059.807632
233.298523,1,5059.850183
512.676627,262,5061.56563
85.316174,199,5062.053094
912.796855,289,5063.758108
233.298523,1,5063.80045
-10.703554,15,5063.862528
347.445041,187,5064.39834
408.751814,341,5066.215881
89.275021,341,5067.958579
-97.989658,254,5068.569145
126.993634,400,5070.474154
233.298523,1,5070.516376
-21.43152,300,5071.208234
117.79546,400,5073.062038
301.174554,400,5075.115304
367.772422,197,5075.642722
-107.73607,300,5077.370677
-106.725584,292,5079.153242
409.108112,219,5079.647794
914.531491,293,5081.508594
122.961484,341,5082.263217
573.287197,287,5083.989235
-12.895364,300,5084.682715
-16.81833,400,5086.684877
16.420647,317,5088.42209
-8.114615,23,5088.496583
-32.680113,300,5089.205643
166.482803,341,5091.076083
130.479991,264,5092.730119
62.306173,213,5093.325694
-20.423187,12,5093.427937
482.105349,341,5095.276587
425.083209,341,5096.098238
787.506124,385,5097.975419
-103.40047,345,5100.025917
233.298523,1,5100.067976
492.221006,341,5100.789301
122.449435,341,5102.568416
433.784772,287,5104.366666
676.693058,345,5105.325081
-76.392399,400,5107.365489
-16.299737,6,5107.418229
164.21916,341,5109.417393
1032.864111,300,5110.095112
-20.236979,1,5110.13802
391.858872,218,5111.657596
160.923333,400,5113.69738
-144.645106,366,5114.505406
55.874368,206,5116.194986
-32.657818,400,5117.251367
303.93629,164,5118.609727
921.416143,300,5119.329137
896.046727,400,5121.154297
-116.95474,268,5122.835315
54.933217,221,5123.401894
896.290482,400,5125.464799
294.124877,161,5125.984526
575.619472,288,5127.730644
323.962097,175,5128.253562
233.298523,1,5128.295681
313.869859,170,5128.693797
-18.000399,1,5128.735013
882.587091,400,5130.763336
639.287752,320,5132.55917
233.298309,1,5132.601509
-52.379271,400,5134.586353
46.734605,236,5135.123936
-31.602322,24,5135.210957
343.178043,189,5136.663419
346.299177,190,5137.154151
-7.974037,6,5137.205093
-23.106852,26,5137.322888
9.043127,300,5139.16846
-11.145437,16,5139.235746
-9.47456,17,5139.302423
20.273986,20,5139.371592
-12.951506,13,5139.431738
119.060258,400,5140.360545
143.597841,341,5142.335988
48.692913,204,5143.976151
-24.969828,20,5144.047397
52.82097,193,5144.660415
233.298523,1,5144.702671
340.014519,183,5145.125607
24.69182,22,5145.20447
1033.210185,300,5146.95531
134.935526,400,5148.902763
12.202293,16,5148.966464
55.374144,241,5149.56606
53.203204,247,5151.283256
300.089848,164,5151.752535
-113.334895,400,5153.783493
70.392065,222,5154.301403
233.298523,1,5154.345744
314.174468,171,5155.761566
-46.897802,400,5156.744663
61.172343,40,5156.885583
65.268361,206,5158.34304
-23.869361,14,5158.407902
67.803348,256,5159.092149
145.994395,400,5161.311245
-18.446978,6,5161.361027
2.582619,11,5161.42235
65.829955,221,5162.940851
129.323708,268,5163.670198
70.48336,186,5164.010124
-48.300998,400,5165.869719
483.008893,300,5167.554058
332.026464,183,5167.992636
1053.989483,300,5169.627162
175.19958,341,5170.435629
-74.267266,400,5172.427524
19.417591,174,5173.883195
-62.540255,300,5174.499512
-76.316221,300,5176.167463
781.195702,395,5178.273237
141.29757,310,5178.948101
68.131563,169,5179.326209
-22.968103,18,5180.579383
-20.270701,1,5180.622033
312.428413,400,5181.608183
153.504534,341,5183.415194
289.979455,163,5183.876724
233.298523,1,5183.918674
-19.579792,176,5185.5222
59.13833,192,5186.080086
-40.551279,400,5188.16325
233.298523,1,5188.205381
259.475233,144,5188.511485
62.386083,159,5189.014081
626.738495,319,5190.768269
-11.26548,25,5190.887062
158.000686,341,5192.861918
-25.436994,21,5192.973823
363.898558,193,5193.470053
148.319516,341,5195.348339
358.06406,197,5195.786064
180.303211,400,5197.710859
344.693256,189,5198.122093
-12.422096,300,5199.865689
158.055446,341,5201.571631
295.200823,167,5202.155895
296.045646,162,5202.57622
216.208675,1,5202.618975
104.959846,253,5204.273377
1067.431203,300,5205.098688
74.156315,235,5206.669922
270.351308,151,5207.031225
1101.580515,300,5208.80512
-14.419579,9,5208.940769
1103.735549,300,5209.785376
377.074248,203,5211.375887
-20.430146,300,5212.133067
51.613224,257,5213.707808
885.966959,400,5215.615257
377.122768,204,5216.084211
168.033654,400,5218.165204
194.512836,341,5219.128073
827.518844,276,5220.87356
334.330458,180,5221.464906
-34.390997,300,5223.367184
-26.921495,300,5224.046298
233.298309,1,5224.089011
-25.322067,300,5225.836908
658.957399,336,5227.640748
-13.434804,12,5227.699266
299.191267,157,5228.104759
636.71231,324,5229.879434
-20.189857,1,5229.924089
158.687625,341,5230.706563
444.896183,300,5232.388385
-26.58941,31,5232.473803
52.388472,210,5232.952721
207.451427,1,5232.995035
326.535605,262,5234.533237
-23.169785,7,5234.586923
335.890225,183,5235.05611
-21.504818,1,5235.09744
-17.881339,1,5235.138288
405.881302,300,5236.952358
312.768659,400,5239.066572
456.447265,290,5239.718367
4.640288,12,5239.780583
523.66476,257,5241.445233
366.112492,197,5241.857348
249.42907,134,5242.151441
-51.422496,83,5243.429764
-25.102725,400,5244.280246
930.892516,300,5245.980722
326.146996,341,5247.887947
381.606279,207,5248.275816
150.153566,400,5250.280942
116.537719,341,5251.024115
210.3345,1,5251.066641
-21.825277,10,5251.122684
46.185805,33,5251.210673
33.370562,26,5252.394517
1060.070393,300,5253.046526
-48.401434,300,5254.780089
-19.674979,300,5255.471659
-47.380209,300,5257.170161
425.778074,300,5257.967424
-21.146847,300,5259.659105
533.519127,274,5261.366202
892.153462,400,5262.237176
-20.209523,1,5262.281595
2.810465,300,5264.045455
4.320314,300,5265.719613
403.294076,215,5266.457028
233.298523,1,5266.499209
297.014371,164,5266.96869
151.852214,341,5268.750536
-16.203085,19,5268.818568
18.176767,19,5268.886445
-8.43144,300,5270.65787
143.896734,341,5271.620111
233.298523,1,5271.662394
40.649086,235,5273.269683
357.558218,195,5273.81814
398.592018,300,5275.61007
134.899125,341,5276.48264
184.692702,400,5278.349521
-17.483945,5,5278.397298
22.908742,21,5278.509096
552.371916,286,5280.350209
437.407831,341,5281.107433
-10.489417,300,5283.136247
293.897042,160,5283.540432
144.212643,341,5285.284536
-17.947013,1,5285.327469
233.298523,1,5285.369241
-15.431291,9,5285.422191
-51.56415,300,5287.188938
52.788232,294,5287.961287
208.720154,110,5288.244354
-1.671888,38,5288.35864
126.591852,341,5290.226541
501.572014,258,5291.870619
314.507702,171,5292.289951
424.41272,341,5294.160721
345.700523,187,5294.671372
159.081606,337,5296.537076
554.420866,278,5297.281616
417.070214,223,5298.922565
-36.516875,300,5299.64963
-19.454107,1,5299.692498
118.314679,248,5301.351341
-11.197613,300,5302.026551
1069.901612,300,5303.859062
351.521469,189,5304.333745
113.45725,282,5306.165588
-18.997536,2,5306.209019
233.29976,1,5306.251098
-20.209102,1,5306.292084
893.316164,400,5308.320463
310.434116,168,5308.692134
-29.597681,30,5308.8184
118.98316,341,5310.561075
-112.855011,310,5311.194617
-22.768367,15,5311.256683
548.110762,275,5312.890947
-20.265195,1,5312.933204
155.689513,341,5313.72463
-16.027855,300,5315.502217
432.035512,231,5317.190723
-10.047094,135,5317.481351
80.048939,308,5318.307405
321.968797,177,5319.786788
80.711595,312,5320.60216
134.752973,400,5322.592733
426.985883,231,5324.112648
513.333387,341,5325.101059
531.927804,341,5327.018302
-25.188103,300,5327.703446
518.864477,341,5329.559669
233.298523,1,5329.602158
233.298309,1,5329.643758
491.581566,341,5331.469838
-0.13831,300,5332.167112
221.259056,120,5333.447834
-106.958676,286,5334.157957
477.441841,341,5335.937702
897.669655,400,5337.851066
127.951621,341,5338.720155
-5.181836,41,5338.820735
139.132835,341,5340.55884
-58.820223,300,5342.316194
879.038686,400,5343.093618
-123.318159,300,5344.769509
362.020175,198,5345.33853
-38.211663,111,5346.605657
223.07633,1,5346.650605
98.415234,341,5347.361884
516.083916,341,5349.191426
443.420763,240,5349.797657
233.298523,1,5349.839726
54.612549,242,5351.626372
-34.520482,45,5351.751206
1015.8091,300,5353.589047
126.830309,341,5354.411847
886.735771,400,5356.525043
62.244452,329,5358.308601
-24.192085,17,5358.376594
167.017891,341,5359.168421
430.888807,282,5360.82005
370.45424,199,5361.200004
909.334982,400,5363.127787
39.356501,137,5363.541057
233.298523,1,5363.583445
1054.447256,300,5365.222304
217.919937,1,5365.267233
55.480876,303,5366.9928
424.422829,227,5367.497201
1060.614337,300,5369.245928
196.774066,400,5370.332304
88.255793,208,5371.89569
-28.617081,300,5372.616819
891.832467,400,5374.610753
892.319158,400,5376.540048
62.238482,159,5376.898504
-51.370746,300,5378.69574
8.859101,400,5380.934013
206.792273,1,5380.976296
910.404455,400,5381.941869
51.080293,152,5383.45095
72.292304,341,5384.44861
92.09568,341,5386.350507
472.060165,341,5388.16398
437.148845,341,5389.072017
-22.699998,300,5390.864408
-49.469897,300,5391.657089
502.055499,260,5393.349546
416.127594,300,5395.130602
-65.049019,300,5396.078016
-28.123173,171,5396.451221
2.00994,400,5398.434394
233.298676,1,5398.477057
482.905158,341,5400.263132
336.31723,182,5400.827183
-53.499749,400,5402.768512
218.362208,1,5402.810822
36.30347,28,5402.901589
-15.598503,300,5404.742512
39.2255,28,5404.864071
525.77238,341,5405.625348
-23.828717,17,5405.735665
505.21465,341,5407.61221
280.482913,400,5409.845937
445.293437,341,5411.667336
480.451719,248,5412.238811
20.841381,20,5412.315678
-80.400558,300,5414.151558
-20.395601,341,5414.939158
207.63803,1,5414.981909
814.513211,280,5416.592076
210.851614,1,5416.634399
233.298523,1,5416.67611
248.887703,341,5418.416011
322.102411,177,5418.85954
446.800861,341,5420.7116
41.699326,118,5420.96238
32.345958,26,5421.047485
426.643317,300,5421.827177
-19.455215,1,5421.870001
-38.898068,300,5423.722327
921.581869,400,5425.75372
332.211487,186,5426.263076
170.151248,341,5428.05741
144.971871,400,5430.082333
209.175609,1,5430.124797
77.4714,341,5430.897948
316.304935,341,5432.741204
-126.138437,322,5434.540068
162.131988,341,5435.481076
125.878379,400,5437.406372
254.503257,300,5439.139046
-73.059927,300,5439.756934
-31.918923,300,5441.500657
424.431691,234,5441.982357
425.004624,341,5443.849675
-13.73129,16,5443.953589
14.108977,17,5444.018597
66.260385,247,5444.611764
173.628514,341,5446.367031
81.121569,314,5448.100027
399.072091,341,5448.882733
129.695864,400,5450.854682
-55.354608,300,5452.631844
161.126018,369,5454.517047
-15.968176,8,5454.572315
507.52629,268,5455.143776
-20.105733,1,5455.186132
452.59084,341,5457.078168
55.748229,163,5457.449975
218.267634,1,5457.492312
23.109548,21,5457.573272
-18.500676,3,5457.617886
109.906938,400,5459.497547
547.655374,341,5461.432193
498.331104,341,5462.500094
462.753119,341,5464.282684
-4.884698,31,5464.369591
558.160237,341,5466.195096
285.884995,400,5467.055653
907.1062,400,5469.003258
119.228581,341,5470.950008
568.518921,341,5471.698488
371.520263,202,5473.288159
-46.565799,300,5473.990651
405.097981,222,5475.478269
361.76712,209,5476.023031
-20.308468,1,5476.065434
-1.397195,30,5476.147723
-14.937451,10,5476.201506
-45.198805,300,5477.903799
55.950584,304,5479.592498
1048.458132,300,5480.204543
51.561943,216,5481.799221
233.298523,1,5481.841214
-20.120496,1,5481.88313
426.93204,236,5482.35392
166.264462,342,5484.228872
62.349387,175,5484.775147
224.651279,1,5484.817569
233.298523,1,5484.859288
171.789954,363,5486.74959
-129.926381,400,5488.77691
418.824826,224,5489.276
456.231834,300,5491.016572
178.084807,341,5491.730309
-56.562735,300,5493.427929
-29.088592,89,5493.641569
116.55985,273,5495.330516
73.789426,266,5495.943199
-73.2805,300,5497.644015
124.329976,341,5498.460872
233.298523,1,5498.503121
-20.707594,4,5498.54985
-12.294411,300,5500.330151
584.429231,305,5501.071568
-43.042673,15,5502.198092
129.553623,307,5502.89329
3.985465,12,5502.9551
