#{"t_start": 1765854108.7637777, "env_id": "None"}
r,l,t
-53.627674,341,69.11327
-124.659367,341,70.940269
-128.839005,400,72.949739
-105.591144,300,73.628095
-89.918762,300,75.347881
-6.863187,341,76.156531
233.298523,1,76.195293
-93.911737,400,78.155259
284.80627,400,80.043555
62.815538,341,81.866754
-48.91835,300,82.491919
-48.990301,300,84.240083
-71.704424,341,86.069754
-34.017728,300,86.670801
26.745195,341,88.40784
233.298523,1,88.446537
515.487887,300,89.090174
-72.183275,341,91.039745
539.120406,300,92.799643
-56.662176,341,93.55453
-49.013648,400,95.401575
16.944903,400,97.225319
399.004827,341,98.994581
-50.137591,341,99.66351
-72.188814,341,101.414139
697.240611,300,102.029841
309.362229,214,103.576067
-45.806626,341,105.353225
-46.54287,341,106.011715
-5.690634,300,107.687755
230.286781,1,107.726017
-18.000484,1,107.761928
229.039241,1,107.799296
93.721015,341,108.541576
326.843498,223,110.095411
364.264673,231,110.628933
-3.721228,300,112.306491
-63.54322,267,112.844591
-11.384384,300,114.634679
776.838694,300,116.324919
-25.608906,341,117.207775
176.893494,341,118.958533
-8.210815,300,120.629981
-39.154143,341,121.358613
28.838192,400,123.283151
-38.069726,341,125.131436
-51.809811,341,125.756691
-54.757242,341,127.537973
232.361742,1,127.5763
265.807169,256,128.101113
352.51257,206,129.635034
-35.499879,341,131.372419
827.758327,400,132.228919
-37.428913,341,134.003124
-12.907222,300,135.70605
11.508736,400,136.522039
-2.694993,400,138.380216
-33.320586,341,140.176136
919.25907,300,140.809077
-11.170534,300,142.599061
-48.627628,341,144.396965
-43.200018,341,145.085361
2.639196,400,147.021482
-46.574551,341,148.809016
-49.701015,341,149.477458
613.688403,327,151.159089
-19.462672,341,153.048244
-4.023197,341,153.675625
-0.949812,341,155.537209
-39.161337,400,157.484593
413.153269,242,158.036579
334.176778,199,159.520142
233.298523,1,159.558533
484.094885,249,160.045001
850.984922,400,161.869212
71.266711,341,163.715394
302.234787,182,164.125294
-45.144727,400,166.044891
-44.548558,400,167.942355
731.575988,400,168.798998
558.456587,247,170.356966
349.820139,201,170.821299
142.24481,400,172.74831
82.519226,341,174.559217
430.550031,252,175.114664
-4.361086,341,176.901675
-51.61576,239,177.420366
41.379423,300,179.122771
1031.810266,300,179.792997
-15.927043,400,181.686368
-11.367496,341,183.472213
-65.957954,341,185.389175
-38.022167,341,186.122717
177.969757,400,187.99522
-188.071927,341,189.768682
233.298523,1,189.808863
-22.797083,300,190.400959
23.082574,21,190.471572
735.447486,400,192.292658
-71.052031,341,194.149246
47.305281,341,194.996098
41.369995,341,196.744817
168.700773,400,198.693635
214.344032,400,200.579453
33.399822,26,200.691815
-25.133006,300,201.348831
-40.503211,400,203.360144
-50.709084,237,204.920564
233.298523,1,204.959314
130.549645,341,205.685261
-37.485756,341,207.472118
-54.082982,114,207.679209
469.185961,341,209.529001
183.483861,400,211.54671
233.298523,1,211.585854
402.135058,218,211.952959
-89.69956,341,213.753378
233.298523,1,213.791925
-21.305756,6,213.837034
-16.039777,400,214.655913
-38.269693,148,216.063997
-160.780258,341,216.750441
362.746694,197,218.272776
233.298523,1,218.311015
45.001642,343,219.031977
895.435036,400,220.987223
-42.425074,341,222.787667
-24.961853,341,224.593238
416.491696,341,225.312877
-46.392165,223,226.839531
0.94883,400,227.620291
-6.419925,341,229.38349
-14.95376,300,231.216974
-15.823348,300,231.857612
233.298523,1,231.896178
425.278292,228,233.473243
1047.167128,300,234.114911
-39.432833,341,235.888647
-17.381269,400,237.80559
-19.29093,341,238.568783
-12.099834,65,239.79568
330.223305,189,240.221054
991.882516,300,240.921319
-38.522209,341,242.699893
-9.745287,341,244.58386
126.206805,341,245.251994
-50.484348,341,247.034052
369.017452,175,247.449044
465.043274,237,249.05422
16.692036,341,250.919076
63.400321,300,251.57243
-149.097714,341,253.375529
-20.409065,1,253.413665
333.587446,189,253.902759
233.298523,1,253.94113
-24.001132,400,255.834944
363.118793,194,256.275162
-19.061687,400,258.132049
339.283272,184,259.577957
-27.05198,341,260.345106
9.761652,400,262.346461
290.072951,341,264.223269
-39.994138,400,265.07166
-28.220603,400,267.072232
-25.210918,300,268.800553
233.298523,1,268.838995
263.008501,341,269.638567
233.298523,1,269.677347
-45.502407,341,271.532214
-45.53398,400,273.509146
264.635004,268,274.173045
445.752459,341,276.000822
-30.414272,400,277.916858
-52.142521,400,279.87641
710.568345,341,280.70249
233.298523,1,280.742468
44.30957,230,282.289044
398.458383,213,282.748765
-31.679828,341,284.624023
424.772474,341,286.87161
-29.920901,300,287.50431
28.460408,341,289.586708
124.916108,341,290.467686
1018.806082,300,292.643645
328.744314,246,294.626654
-7.685803,6,294.675739
233.298523,1,294.712883
452.72397,242,295.146292
27.399718,341,297.302481
396.518381,213,297.687573
12.276294,341,299.797449
-18.993677,300,300.393475
409.226184,223,302.192536
-28.686964,300,302.791935
-37.491543,341,304.804559
-32.608883,341,306.856731
177.555857,300,307.536047
113.185592,281,309.431111
233.298523,1,309.469709
1057.814606,300,310.06494
233.298523,1,310.103251
-26.047129,341,312.238769
-1.10774,400,314.413504
346.665482,192,314.944397
347.393684,187,316.987091
-9.902875,400,317.763719
-126.748437,278,319.413594
55.630199,341,321.456964
59.869989,341,322.17647
233.298523,1,322.214622
15.882169,258,324.373629
-9.230292,341,325.085567
45.613385,341,327.308781
-3.312928,341,329.603021
438.056117,341,330.252372
233.298523,1,330.290437
76.480724,341,332.054707
638.31246,341,333.858248
893.224906,400,335.71588
25.078321,23,335.786871
41.481319,30,335.902123
479.517333,262,336.414486
403.00001,225,338.032878
-45.704739,400,338.835271
-33.582041,300,340.464644
-53.373632,300,342.204237
-39.883003,400,343.086783
457.973498,341,344.820645
445.747555,247,345.293785
682.346253,341,347.119293
150.959137,333,348.89419
114.140348,341,349.582883
60.074398,341,351.608141
14.081482,341,353.426919
589.442396,341,354.203089
22.200959,278,355.808573
707.77793,400,357.730097
233.298523,1,357.768199
-98.200386,248,358.327058
233.298523,1,358.36676
206.435268,149,359.776123
58.802323,341,360.459884
266.6192,400,362.316406
40.593264,329,364.095033
148.880215,341,364.777551
81.889536,341,366.522086
429.174282,341,368.289379
286.73852,400,369.129262
356.876354,341,370.936238
983.213771,300,372.812559
-48.661543,300,373.502974
438.173402,244,375.240437
-36.65537,300,375.95656
76.246228,341,377.686766
-138.431173,282,379.394257
677.996435,341,380.055988
-38.90931,300,381.799941
-39.607044,300,382.390278
24.104414,298,384.074044
233.298523,1,384.111876
903.287641,400,386.030046
233.298523,1,386.068139
11.752595,337,386.829499
233.298523,1,386.867314
208.848444,1,386.90434
35.069268,258,388.542763
93.745656,341,390.429065
24.328707,321,391.017874
605.960107,312,392.888026
-57.683228,300,393.535591
267.617808,400,395.517126
572.489812,244,397.112963
-13.800007,10,397.163288
283.955833,400,398.011998
-197.563967,341,399.952508
1048.267046,300,401.657038
117.326449,341,402.373162
368.955482,200,403.799737
-50.145245,300,404.434508
233.298523,1,404.472571
20.262965,19,404.540111
-97.038141,233,406.104476
20.108299,297,406.783676
294.978363,400,408.691477
79.96091,269,410.337739
167.815315,341,411.118632
443.532953,245,412.706959
893.32052,400,414.638189
233.298523,1,414.678043
425.770913,237,415.186193
671.193257,341,417.041167
-21.482508,1,417.078442
513.316587,341,417.72831
452.700604,254,419.321964
572.331912,341,421.078061
29.273975,24,421.191252
233.298523,1,421.229259
81.454741,341,421.88272
427.217389,235,423.464522
458.344312,228,423.969423
448.570944,241,425.607355
-25.161575,16,425.670059
54.635774,341,426.424754
-113.01555,306,428.131395
913.25374,400,430.045705
470.116025,300,430.638016
297.170302,400,432.521873
293.328892,400,434.478547
-284.712879,341,436.356062
475.153889,300,436.999507
-258.303117,341,438.805515
1036.145051,300,439.52183
70.866564,341,441.279586
71.208834,341,443.014239
48.230526,34,443.099386
-47.988529,400,444.972276
-41.900577,300,445.697288
-176.358271,341,447.440935
447.73002,300,448.120936
233.042228,1,448.161427
228.759488,120,449.492492
-64.98772,300,450.13526
473.28216,300,451.893082
1004.855699,300,452.564933
70.565524,341,454.291734
457.08677,225,455.845362
45.689071,286,456.455307
-6.676833,31,456.536941
57.821533,341,458.301023
65.169886,341,460.143124
-8.413897,32,460.227355
522.757029,300,460.894813
37.480419,28,460.97406
537.845387,341,462.664067
159.789794,317,464.413065
57.533434,232,464.919176
51.54687,222,465.507606
-48.891952,300,467.23899
522.074523,300,468.985874
-4.090419,17,469.045304
153.223926,341,469.759642
309.080707,341,471.527452
379.067462,341,473.293961
-71.960195,400,474.200372
281.078074,400,476.08751
55.35581,341,477.930822
726.176972,371,479.961772
-25.394845,341,480.788611
233.298523,1,480.826872
298.739243,400,482.754355
-19.499984,1,482.791651
230.265961,1,482.828653
866.684483,400,484.721598
511.097872,300,485.316033
233.298523,1,485.354565
224.505852,119,486.723668
292.262586,400,487.660248
-271.994164,341,489.455487
-40.613311,300,491.164032
-39.685869,400,492.02519
-44.352015,300,493.777749
888.4736,400,495.694709
233.298523,1,495.735167
538.393364,341,496.415174
-18.28227,6,496.460161
-52.08163,300,498.134119
70.567185,341,499.936622
111.302923,341,501.577212
588.13899,341,503.381218
-32.005991,300,505.103107
13.603195,294,505.72889
233.298523,1,505.7669
-26.52645,300,507.547878
11.075305,292,508.210431
289.650544,341,509.930485
534.778969,300,511.567108
910.740705,400,512.445184
311.716992,400,514.303485
233.298523,1,514.344689
-329.033053,341,516.072332
310.667077,400,518.011765
902.831023,400,518.857327
884.404664,400,520.742507
57.061885,264,522.363871
297.511009,400,524.351851
64.590859,298,524.945476
889.167649,400,526.888074
319.53141,341,528.741433
526.940816,300,529.412308
-42.756778,400,531.265303
524.666558,300,531.828836
207.938595,1,531.867281
95.273261,341,533.671313
537.573163,300,535.411325
-84.514263,196,535.77323
908.684252,400,537.717943
576.285827,288,538.441152
-54.739658,400,540.324209
-3.572528,8,540.374009
757.943058,400,542.268161
-49.224199,300,543.989088
125.29736,341,544.631007
-106.305925,263,546.235182
81.062127,341,546.941788
-46.045148,300,548.60893
630.593736,341,550.400146
-27.324372,400,552.362454
-93.017428,232,552.816407
-21.283103,267,553.359359
-39.245007,300,555.029285
-29.666584,300,556.697133
-91.668693,241,557.230174
-12.481704,15,557.292445
-82.000305,177,558.757842
884.44036,400,559.598231
65.390834,341,561.398583
551.837396,277,562.036815
293.667345,400,563.903186
446.958361,240,565.500743
452.225594,300,566.123551
79.813969,341,567.923462
37.418552,213,568.369387
396.601586,217,569.918161
306.725117,400,571.818509
-13.999305,3,571.860544
-24.231492,17,571.922347
483.87197,341,572.678254
-81.00312,196,574.151149
440.805558,239,574.648558
207.507442,1,574.688768
708.391804,249,576.277068
-80.923105,117,576.484176
233.298523,1,576.523741
532.621409,341,578.263494
896.283615,400,579.07337
488.867462,256,580.727921
270.716703,341,581.377831
233.298523,1,582.491626
56.034031,225,582.943283
-50.949575,300,584.613614
45.337358,248,585.090321
26.32011,23,585.197168
444.123073,300,586.955715
-84.798527,213,587.478253
-19.499888,1,587.515675
-25.447722,341,589.370507
94.665076,341,590.102966
438.57729,237,591.684323
-22.025116,400,593.609262
40.000033,325,594.353658
-3.723825,26,594.472246
227.70872,1,594.510457
91.082238,341,596.19433
-45.886612,300,597.960272
22.392521,20,598.027086
-40.420472,400,598.88951
602.749707,341,600.650196
401.969352,300,602.406197
247.585983,400,603.211914
-49.788525,400,605.266511
-13.842715,3,605.310088
287.808241,400,607.138991
43.555609,341,608.92372
-38.570807,400,609.659714
52.016545,218,611.204813
483.702088,300,611.801558
913.035782,400,613.651196
86.245586,341,615.453338
132.739519,341,617.254839
418.621755,230,617.703794
525.457218,341,619.480898
233.298523,1,619.521214
439.062072,237,620.020946
-42.318686,400,621.89849
404.026855,223,622.398509
233.298523,1,622.439629
422.843139,341,624.180766
543.144361,276,625.944524
417.095897,341,626.599359
485.927129,341,628.495399
-34.792041,400,630.402928
-78.92556,400,631.227998
886.870768,400,633.229152
229.770335,1,633.269692
-32.806636,300,634.948629
413.665421,224,635.470053
-52.396359,400,637.370198
-33.870835,300,639.09614
204.822686,400,639.985506
-15.688894,400,641.819336
-35.154852,400,643.737467
61.807944,341,645.510442
876.603996,400,646.392486
362.763454,198,647.897687
381.252876,210,648.419168
586.995819,341,650.251782
423.999018,228,650.754535
-87.028377,400,652.649669
581.576688,341,654.456839
36.578652,341,655.142988
691.132124,341,657.010892
425.456651,231,658.569763
80.71953,341,659.220134
233.298523,1,659.259229
-28.162338,400,661.195733
891.845905,400,663.13488
233.298523,1,663.175204
96.1197,341,663.823674
43.91365,202,665.377097
233.298523,1,665.417069
-49.442079,300,666.092417
-28.898423,300,667.771877
1052.983639,300,669.37392
-17.881028,1,669.413104
-30.583396,36,669.608614
27.968727,137,669.877353
368.554198,341,671.603631
233.298523,1,671.642025
887.932251,300,672.253296
39.13163,211,673.722344
1049.239005,300,674.35092
233.298523,1,674.390772
448.732261,242,675.966336
479.923426,300,676.549922
-6.481165,400,678.407372
1096.818163,300,680.127284
250.707549,341,680.927086
419.290621,228,682.51442
500.104629,300,683.099746
17.662905,301,684.771381
-76.950803,341,686.535251
233.298523,1,686.575548
-61.608391,341,687.412053
40.424658,30,687.498725
-28.431313,300,689.167971
55.240748,341,690.987909
896.316212,400,691.938678
-198.067189,341,693.675059
421.355801,300,695.415733
298.196561,400,696.355935
543.220187,341,698.081198
585.202161,300,699.743564
923.806762,300,700.382188
95.406961,341,702.205515
-20.598241,400,704.152939
907.223353,300,704.773688
-46.817865,400,706.700342
-28.939955,35,706.8366
-25.711861,400,708.792615
233.298523,1,708.830887
606.461948,341,710.601008
-20.232702,1,710.639661
223.998878,1,710.67737
261.577339,276,711.229578
-28.616491,400,713.07082
393.959686,215,713.535047
63.516199,213,715.067213
-109.887568,341,715.751101
287.536557,400,717.712854
401.927166,220,719.311898
-36.797446,300,720.050243
-12.665795,400,721.903279
725.228699,367,723.833553
567.421162,300,724.480179
624.593196,318,726.338506
67.027505,239,726.802945
-24.757867,300,728.545187
412.310336,220,728.937575
590.402907,341,730.753301
175.172674,341,732.514107
911.895735,400,733.328346
299.439891,400,735.185159
-22.941141,300,736.842019
438.911985,341,738.597975
295.215588,400,739.422042
506.336731,341,741.16967
366.769262,208,741.58692
559.780327,300,743.382728
503.685796,232,743.914448
347.221409,190,745.354692
292.523991,341,746.149626
65.993774,274,747.803455
34.380488,229,748.404878
59.466315,218,750.022441
555.528061,300,750.720554
558.822333,300,752.393555
172.096151,341,754.219667
301.434077,400,755.065047
36.991437,276,756.670857
34.443073,286,758.468909
233.298523,1,758.508826
255.924115,135,758.781237
-27.963569,36,758.871082
173.739995,363,760.701636
-32.583849,300,761.283775
-97.107869,285,762.992751
233.298523,1,763.030845
894.365003,400,764.926079
431.672919,341,765.655521
268.259853,341,767.406947
-23.577998,300,767.99584
427.54078,231,769.562329
-112.586809,295,770.213187
38.709577,250,771.773674
294.605785,400,773.638589
43.954759,228,774.290479
-43.410547,400,776.18414
-59.930662,300,777.972395
233.298523,1,778.010583
233.298523,1,778.047693
-26.812635,5,778.090037
678.184179,341,778.682624
-50.987354,400,780.533526
1062.774786,300,782.341128
-117.794634,352,783.033753
-27.376933,29,783.121691
913.196144,400,784.973826
48.211743,279,786.626273
233.298523,1,786.666819
-27.311266,26,786.74119
-46.753189,400,788.681317
1062.105271,300,789.235269
-31.403688,300,790.870915
33.892017,197,791.38963
439.605674,300,793.109245
233.298523,1,793.14939
501.448941,341,793.848284
232.444732,1,793.886506
423.888575,226,795.449682
233.298523,1,795.487642
81.076749,341,796.222958
233.298523,1,796.261237
413.614301,224,797.847789
294.386047,400,799.731839
27.203197,341,800.387738
392.603158,211,801.924232
233.298523,1,801.96224
282.936845,341,802.833608
36.252867,187,804.214041
-74.005986,400,806.103605
164.261719,341,806.821409
823.362009,263,808.494614
233.298523,1,808.533038
328.022602,187,808.849944
51.659774,245,810.451251
1003.715577,300,811.090519
76.366378,238,812.696038
431.545347,300,813.358808
-13.756222,12,813.418368
-30.677799,300,815.183609
-1.222857,341,815.945461
-29.586625,300,817.701959
437.434992,300,819.44107
378.602442,215,819.91336
-18.00048,1,819.950306
-77.628783,300,821.689065
1032.366123,300,822.328392
-64.559217,341,824.098625
-31.512348,106,824.360387
274.305724,400,826.380173
347.346457,194,826.806054
579.216075,297,828.504145
-53.363237,341,830.296015
433.523064,231,830.781908
141.706576,341,832.616106
360.443441,205,833.063059
-10.8075,19,833.128087
-16.777989,400,834.950074
233.298523,1,834.988176
495.950129,341,836.799453
37.892169,341,837.451441
233.298523,1,837.489981
58.210429,341,839.272243
-28.056329,300,840.029605
562.280421,341,841.87956
1374.094447,289,843.542215
-24.208488,300,844.176488
527.891649,300,845.935109
233.298523,1,845.973221
59.710279,248,846.529414
229.659116,1,846.569482
-80.099946,400,848.455312
-53.837916,341,850.244551
347.505205,341,850.981061
225.969792,1,851.01926
655.519295,328,852.734299
883.916915,400,854.55323
33.835269,341,856.297614
11.512868,341,856.990262
-67.315245,300,858.660709
309.63279,400,860.612486
-49.806811,400,861.499
299.414795,400,863.32678
-27.978393,31,863.415086
-283.342944,341,865.137149
-207.812694,341,866.979133
367.48313,341,867.636935
-46.271017,217,869.23509
73.727453,213,869.670223
-29.578463,300,871.404146
-53.437896,247,871.977564
988.172164,300,873.694547
1052.461561,300,874.317229
595.56416,341,876.110195
671.21245,341,877.863253
-79.550013,300,878.466056
-75.799522,300,880.214013
-160.593633,341,881.042819
896.200137,400,882.90976
-23.614565,400,884.773224
-17.483523,5,884.816647
900.01537,400,886.727709
233.298523,1,886.766718
233.298523,1,886.803915
397.779756,228,887.32187
530.680528,341,889.143311
78.809697,341,890.995261
233.298523,1,891.033359
233.298523,1,891.070474
497.483395,300,891.738958
554.904081,341,893.492768
912.709528,400,895.37531
59.87098,147,895.662472
255.194175,341,897.465347
1069.627872,300,898.086536
124.983286,341,899.823313
59.244869,195,900.218498
401.542161,230,901.80582
1064.345617,300,902.46042
-47.098432,341,904.263059
-6.908409,400,906.06952
233.298523,1,906.107556
-2.334372,400,906.951504
-53.421034,300,908.677716
881.836928,400,910.593737
-28.908034,300,911.301024
-25.468938,300,912.89213
-34.83598,300,914.564244
345.338924,188,915.061792
-83.549748,157,915.410181
39.10337,252,916.984918
385.01506,207,917.48598
892.366625,400,919.435277
233.298523,1,919.473452
89.069796,341,921.246294
-58.967553,300,921.838591
472.902863,300,923.554673
126.071589,257,924.053464
233.298523,1,924.091328
366.159725,209,925.673725
-32.269109,341,926.354293
-57.335984,341,928.085059
515.066141,341,929.920692
87.762161,341,930.630263
912.991526,400,932.463474
-50.007411,300,934.219244
1058.647324,300,934.901067
474.434826,300,936.594627
430.087808,230,937.138465
-33.43634,300,938.832198
952.796045,300,940.430459
465.887686,300,941.033305
-0.90667,400,942.919409
41.733723,247,943.497722
305.410701,341,945.32813
-38.719016,300,947.055163
313.874014,400,947.896208
-22.861262,400,949.798566
226.001212,1,949.836808
-54.17631,300,951.531281
28.127473,303,952.173219
859.591532,400,954.010222
674.761769,341,955.801661
233.298523,1,955.839763
510.731625,300,956.4262
657.66244,341,958.252853
-22.117114,400,960.261238
115.724034,341,961.984858
33.437021,294,962.518346
66.874847,193,962.986479
229.357928,1,963.024815
67.334267,200,964.538252
233.298523,1,964.576556
327.73131,178,964.941859
315.758394,171,966.339487
1035.201731,300,966.923364
-25.10547,400,968.768807
172.835044,341,970.566637
144.383562,341,971.443023
233.298523,1,971.481274
-15.335994,400,973.35914
698.676761,356,975.184114
20.381807,20,975.250318
321.581726,176,975.606474
233.298523,1,975.644445
291.763997,159,975.965972
109.864118,341,977.757215
977.751852,300,979.455187
54.021507,341,980.093654
46.936134,341,981.841334
241.505464,1,981.879947
233.298523,1,981.917108
233.298523,1,981.954275
895.965477,400,983.863107
87.258014,341,984.606309
427.40188,231,986.127519
-18.962931,400,988.041347
229.268555,1,988.079946
-6.85146,337,988.756484
74.888319,341,990.441445
95.684935,341,992.259118
81.646492,341,992.937629
-161.531605,341,994.62471
110.171976,341,996.378222
-19.612408,400,997.214414
155.666831,341,998.93412
74.548007,341,1000.851461
1004.250707,300,1001.465269
102.313503,341,1003.238192
2.580516,11,1003.292139
233.298523,1,1003.329796
11.793846,15,1003.386826
-111.048449,260,1004.952767
-23.6137,400,1005.833091
-51.461801,300,1007.458791
233.298523,1,1007.498118
-30.591775,39,1007.676223
118.149967,341,1009.586775
-30.803995,300,1010.199974
-19.005304,300,1011.858574
-30.568037,300,1012.629117
297.397798,400,1014.469866
142.093754,341,1016.314575
70.68068,211,1016.770683
417.359787,234,1018.330171
159.391069,313,1018.987329
383.359478,204,1020.494132
233.298523,1,1020.534961
233.298523,1,1020.572197
36.755646,341,1021.248811
166.307421,341,1022.968144
365.238938,198,1024.50228
350.073526,188,1024.842262
121.607801,341,1026.689763
370.358133,341,1027.476133
295.01215,400,1029.329378
-32.276836,300,1030.960687
233.298523,1,1031.000293
545.165535,341,1031.680639
97.709687,341,1033.477256
233.298523,1,1033.515506
47.818047,242,1033.994998
584.069627,341,1035.716813
296.13673,400,1037.681136
508.57003,341,1039.510947
67.131791,198,1039.910744
449.925272,239,1040.469999
-21.971983,400,1042.309762
92.753162,341,1044.09645
896.170184,400,1045.89606
64.089916,197,1046.37479
386.863583,224,1046.869017
893.349143,400,1048.700703
233.298523,1,1048.734116
60.296605,224,1050.237283
61.53623,178,1050.67094
423.360386,341,1052.492419
-23.638428,400,1053.238804
-44.720422,400,1055.10427
233.298523,1,1055.137727
492.418128,300,1056.752258
-27.513671,300,1057.32335
-25.259488,400,1059.143812
-22.115194,300,1060.774014
443.839803,236,1061.241481
-8.916272,35,1061.323885
326.795934,400,1063.185195
229.04646,1,1063.218834
-25.363271,400,1065.062654
-18.143621,3,1065.099182
1053.346843,300,1065.676137
317.638947,341,1067.452979
451.735872,241,1069.004742
-16.977976,6,1069.043986
894.959144,400,1069.849004
533.514796,300,1071.49596
-160.529255,383,1073.300612
-45.651267,400,1074.115837
579.830458,341,1075.82155
112.020712,341,1077.595463
516.030222,341,1078.228961
1012.315048,300,1079.874484
-30.1712,400,1081.780495
946.243221,300,1082.408517
226.898283,1,1082.444537
391.777695,210,1083.894083
126.979095,341,1085.724161
427.946634,228,1086.18414
81.682701,226,1086.622968
-25.832063,300,1088.277837
303.342652,400,1090.238174
143.015736,341,1090.890851
938.547019,300,1092.536101
506.723019,341,1094.299406
398.093399,231,1094.877383
233.298523,1,1094.91086
233.298523,1,1094.943776
489.952979,300,1096.63397
99.815944,341,1097.361413
170.868796,354,1099.158676
138.609119,311,1100.913963
-37.34715,300,1101.563607
233.298523,1,1101.598742
233.298523,1,1101.631512
233.298523,1,1101.664375
-35.585736,300,1103.313468
-8.93111,20,1103.377335
-20.236784,1,1103.410934
440.024171,341,1105.120732
-56.164381,300,1105.657578
-44.986246,300,1107.336857
810.893064,273,1107.867754
449.31828,241,1109.421936
-20.139749,400,1111.206318
-98.464618,341,1111.88107
-51.286389,300,1113.626331
122.998701,341,1114.360449
401.20234,223,1115.844217
-23.010167,2,1115.878215
233.298523,1,1115.911141
-17.777475,400,1117.947026
471.993438,341,1118.680101
-27.961412,400,1120.51019
233.298523,1,1120.543904
-23.551124,300,1122.27336
-28.124368,26,1122.375298
-24.827615,400,1124.241032
101.133923,341,1124.884264
409.401989,341,1126.685172
-149.463708,341,1128.446709
447.647158,341,1129.129622
1060.51792,300,1130.740918
412.968438,220,1131.232471
420.333865,341,1132.97874
-237.74953,341,1134.830466
-26.135535,400,1135.647094
397.48525,341,1137.428264
233.298523,1,1137.466017
564.254108,341,1139.286969
-39.564638,300,1139.977651
-124.001984,299,1141.674552
338.705925,175,1142.00727
896.253744,400,1143.949641
20.231875,20,1144.014372
392.353716,209,1144.425803
258.9156,341,1146.248357
37.041288,250,1147.948931
72.856606,256,1148.56565
-4.49031,400,1150.47979
-22.872972,12,1150.53454
22.046289,21,1150.600863
-6.48924,25,1150.674942
355.001669,194,1151.116573
235.734917,1,1151.154368
-100.318432,117,1152.434202
186.562767,100,1152.653657
233.298523,1,1152.693145
363.591056,195,1153.131752
-7.992058,6,1153.175978
80.35134,259,1154.712096
71.204939,233,1155.168291
378.639232,341,1157.012068
32.904105,281,1157.678927
501.175845,300,1159.412234
2.468777,11,1159.468627
-22.953896,341,1161.332233
43.31989,264,1161.871751
486.893831,300,1163.693926
497.168965,300,1164.296597
118.683322,280,1165.991174
503.185508,300,1166.791589
498.595911,300,1168.491904
526.128859,341,1170.312635
284.790881,341,1171.196827
425.551333,341,1173.098001
-5.998087,7,1173.14667
479.011282,341,1175.069255
-123.400639,277,1175.758061
-55.967556,315,1177.481117
75.937603,218,1178.017385
42.573053,341,1179.85171
390.684,341,1181.673775
234.256934,1,1181.711814
16.955473,18,1181.775211
-36.780434,400,1182.665783
233.298523,1,1182.705893
53.905838,207,1184.307631
-28.379447,300,1184.957766
71.030858,222,1186.556304
-27.744017,400,1188.437976
343.900359,185,1188.822456
-37.673377,400,1190.643872
-15.966398,8,1190.694444
-55.617568,400,1192.669342
895.726808,400,1193.570254
311.565374,400,1195.398922
509.1576,341,1197.192917
276.629096,341,1198.031753
-60.388804,65,1199.243495
-26.402237,12,1199.296219
-12.383256,15,1199.424819
68.791221,221,1199.996511
24.718991,22,1200.072295
-222.618774,400,1201.930391
-65.762348,70,1202.070112
551.026932,300,1203.773916
825.36962,300,1204.404818
141.936948,341,1206.203996
-19.499866,1,1206.242683
61.133035,269,1206.772892
233.298523,1,1206.811557
445.566009,239,1208.362381
1.165407,10,1208.412585
233.298523,1,1208.449931
-25.022937,300,1209.163919
509.686186,230,1210.754959
549.384284,300,1212.519646
-49.520171,400,1213.342507
233.298523,1,1213.380365
68.246524,229,1214.963342
124.184899,253,1215.502225
210.798743,341,1217.351551
206.636336,1,1217.389385
-19.38066,1,1217.426913
76.452661,210,1217.923549
407.897841,218,1219.447543
890.158378,400,1221.358427
-19.380358,1,1221.395647
253.740076,341,1222.108034
912.131566,400,1224.053688
233.298523,1,1224.091412
60.179244,187,1224.577531
545.627514,273,1226.174632
-37.232197,300,1226.802205
66.844988,204,1228.259495
-78.536846,97,1228.544898
140.758701,341,1230.357656
1058.510959,300,1231.132084
386.665953,341,1232.895136
543.244096,300,1234.53119
233.298523,1,1234.572156
15.102394,400,1235.489229
233.298523,1,1235.527117
-41.207549,400,1237.477036
-40.115754,300,1239.215936
944.018915,300,1239.867726
495.778696,249,1241.408568
895.726936,400,1243.402615
544.916515,341,1244.174603
-70.638673,400,1246.143725
-95.392544,400,1248.030789
-33.444142,400,1249.989221
245.467206,341,1250.740428
867.663775,300,1252.408493
233.298523,1,1252.446289
410.349535,341,1253.142269
73.884585,251,1254.779182
10.795033,15,1254.83826
409.482804,341,1256.56326
80.029708,261,1257.093101
-78.256796,300,1258.766839
314.943063,341,1259.434994
899.113481,400,1261.410599
954.336666,300,1263.113399
216.870609,1,1263.151513
-19.496137,1,1263.188327
55.907981,341,1263.894961
485.929597,341,1265.615806
233.298523,1,1265.655181
458.026521,341,1267.481063
-39.198263,400,1269.476935
229.383872,1,1269.514723
-45.562948,400,1270.249747
303.746119,248,1271.864338
443.855099,341,1273.726361
-20.769839,14,1273.784039
74.173766,231,1274.293244
655.778733,335,1276.070809
241.458341,341,1276.729319
155.507371,307,1278.425747
199.053746,386,1280.276593
911.077292,300,1280.887731
-25.281354,341,1282.718927
183.327196,348,1284.490443
61.880937,153,1284.861279
592.419163,300,1285.601177
136.235248,341,1287.399318
415.083851,221,1288.921469
-5.978634,7,1288.967323
-17.880681,1,1289.00396
507.946408,341,1289.800766
457.930081,341,1291.728211
893.982318,400,1293.746633
389.917744,209,1294.231737
515.186198,341,1296.150432
310.43546,400,1298.130008
-42.927578,400,1299.081013
49.333041,341,1300.814229
-133.090926,356,1302.74224
-6.254592,27,1302.852816
233.298523,1,1302.890412
233.298523,1,1302.927824
522.125464,300,1303.615107
-100.205689,324,1305.319115
-21.588042,14,1305.376327
896.556138,298,1307.123662
636.774794,341,1308.005849
-31.04047,31,1308.093148
212.98873,1,1308.131014
890.364632,400,1310.048524
895.332038,400,1312.150836
-5.992016,7,1312.198529
-13.562464,16,1312.261172
448.188738,231,1312.737598
-102.370144,300,1314.402883
-105.683372,300,1316.15429
-16.97792,6,1316.198636
30.498345,400,1317.024436
291.079931,400,1319.004597
67.53825,189,1320.533057
390.426087,341,1321.179527
83.84585,341,1323.257958
1091.131108,300,1323.938939
-20.105848,1,1323.976566
149.13962,341,1325.735322
-57.731372,300,1327.518895
233.298523,1,1327.556797
-37.502708,400,1328.58095
42.66656,341,1330.367591
-23.356806,341,1332.17845
1047.21453,300,1332.814716
426.989803,227,1334.405498
412.456281,341,1335.155429
112.12164,341,1337.012609
233.298523,1,1337.050719
351.725041,189,1338.544121
419.966994,341,1339.295462
123.538522,341,1341.081322
390.922591,199,1341.581168
83.678101,262,1343.248077
-50.575697,300,1344.01427
584.498038,296,1345.772793
-14.10649,18,1345.872095
134.984139,341,1347.621913
349.463946,192,1348.054651
-43.344553,400,1349.98856
25.688205,400,1351.916501
6.690212,13,1351.975521
-21.343711,8,1352.024023
329.930757,178,1352.500254
33.057426,26,1352.583281
363.143429,196,1353.034545
421.566646,341,1354.929226
-10.120034,18,1354.996882
146.124137,341,1356.978411
233.298523,1,1357.016188
72.220191,225,1357.608743
341.240573,177,1359.108197
77.141012,234,1359.564753
39.723997,400,1361.418159
-112.708068,341,1362.068222
-31.434416,400,1363.96125
230.191174,1,1363.999077
212.177135,1,1364.036497
-45.590581,300,1365.729217
-24.35879,300,1366.411536
-34.852614,300,1368.107639
-18.766551,2,1368.146548
-26.606953,400,1370.152102
1.9768,12,1370.207571
1060.27672,300,1370.900603
-41.768986,300,1372.603851
-43.605391,300,1374.334264
1016.736332,300,1374.881773
373.648995,202,1376.400021
-21.024293,4,1376.444504
-27.438697,23,1376.514267
904.005859,400,1377.454358
69.21975,207,1379.048134
80.51038,222,1379.602869
-23.630164,400,1381.542388
996.517992,300,1383.299671
913.290155,400,1384.119008
-19.500002,1,1384.155854
392.832845,215,1385.694054
964.453308,300,1386.407879
-82.240898,300,1388.075975
225.502877,1,1388.114045
145.560858,341,1389.938468
383.201155,205,1390.387892
355.893151,191,1390.744839
4.142911,400,1392.705128
499.440998,300,1394.585972
276.180415,400,1396.526143
1067.152846,300,1397.268912
135.013342,341,1399.209786
309.129916,400,1401.075729
891.627323,400,1401.907346
-94.60457,300,1403.586736
1062.28805,300,1405.337493
134.680534,271,1405.849493
-73.491837,300,1407.502345
70.467834,225,1407.909095
233.298523,1,1407.949134
-20.128595,1,1407.987112
558.844456,341,1409.762861
143.755171,341,1410.544396
-270.498008,341,1412.534395
-25.08127,21,1412.610492
233.298523,1,1412.647814
-93.376052,193,1413.154573
-3.042954,8,1414.274809
-332.509523,341,1414.929484
-55.227446,62,1415.075906
58.617553,158,1416.484222
-59.084944,27,1416.59752
-88.59248,300,1417.150259
39.463977,267,1418.842828
-31.471956,300,1419.452329
-14.863421,400,1421.347152
345.299393,341,1423.223167
889.75179,400,1425.113043
410.762622,219,1425.697535
-26.918306,21,1425.766328
1075.438916,300,1427.510629
690.004968,347,1428.228541
355.764194,192,1429.672345
109.44394,341,1430.351664
134.080166,341,1432.097733
-11.210002,400,1434.187592
-11.100774,16,1434.252064
79.843407,258,1434.787767
161.024108,329,1436.585724
-93.409179,300,1438.259308
582.828726,341,1438.957485
-54.580784,242,1440.638953
233.298523,1,1440.676386
-20.133893,400,1441.605884
162.986428,348,1443.470635
82.624424,251,1445.062867
127.70629,341,1445.754861
485.018012,341,1447.542922
329.588453,182,1447.947495
375.646359,202,1449.523342
335.643997,184,1450.024758
-20.107094,4,1450.067557
58.192192,264,1451.802064
539.736835,341,1452.542085
481.405393,258,1454.168161
-34.867682,26,1454.283673
34.060535,27,1454.370575
383.605213,204,1454.952272
621.681678,341,1456.819358
233.298523,1,1456.857046
1070.713738,300,1458.552442
50.756286,35,1458.644522
-22.255301,9,1458.732628
361.683119,195,1459.096852
233.298309,1,1459.134489
111.281239,270,1460.78353
118.413162,341,1461.46934
6.556806,13,1461.523947
233.298523,1,1461.561782
1070.70792,300,1463.290521
-17.950264,4,1463.33302
-3.958698,8,1463.380183
49.47024,208,1463.817161
1064.087838,300,1465.632822
438.378346,234,1466.166239
137.524671,287,1467.926469
151.962662,341,1469.731873
279.369596,400,1470.564568
156.041582,261,1472.241645
490.933915,341,1472.959645
-20.062959,1,1472.996396
360.86275,341,1474.762424
155.323298,341,1476.642184
529.135907,273,1477.201325
18.400807,400,1479.054562
498.343952,300,1480.735979
140.05749,341,1481.420072
233.298523,1,1481.457969
38.523068,116,1482.779172
-13.179563,11,1482.831205
278.792553,341,1483.527426
705.65316,345,1485.297467
105.73412,234,1485.939645
288.026058,400,1487.775131
-28.93831,26,1487.856948
434.478514,341,1489.688977
233.298523,1,1489.726795
-19.314306,400,1491.627379
-51.691982,300,1492.24997
236.203958,341,1494.074603
312.148262,400,1495.934279
152.375527,341,1496.635987
154.47092,341,1498.331451
1071.331656,300,1500.001537
-8.700343,300,1500.593999
70.547256,220,1502.163632
371.793145,196,1502.569294
308.261673,400,1504.519889
479.105193,300,1505.136855
52.414805,36,1505.226381
1062.422469,300,1506.894243
141.308436,341,1508.795333
521.40001,300,1509.490574
502.730429,300,1511.131974
176.826665,341,1513.022842
76.791496,239,1513.553221
47.880918,400,1515.441544
361.50097,198,1515.809033
56.054503,400,1517.731691
135.801223,341,1519.590094
531.432001,267,1520.094338
167.897651,353,1521.841254
44.934766,341,1523.62502
67.834391,341,1524.347705
530.580814,300,1526.057613
-45.763362,400,1527.94067
46.805483,400,1528.806861
296.463617,400,1530.737879
65.233431,341,1532.515879
-17.233642,5,1532.560846
233.298523,1,1532.598347
414.903984,221,1533.07101
459.318647,245,1534.724623
356.21453,191,1535.11438
35.564057,400,1537.072466
1064.764905,300,1537.742601
69.102791,206,1539.232624
607.863837,303,1539.873284
-80.136906,300,1541.581228
1.195911,10,1541.632187
-346.164263,341,1543.464267
383.782856,205,1543.87354
-63.343603,177,1544.378072
-28.502325,400,1546.196274
1003.313831,300,1547.888684
349.674984,190,1548.313507
410.443575,221,1549.827128
294.322589,400,1550.690291
-31.046937,300,1552.428503
229.935494,1,1552.466826
23.940814,341,1554.358421
418.975569,224,1554.859738
125.648608,341,1556.72406
16.242391,341,1557.565234
-53.681229,300,1559.233192
1066.651689,300,1560.964523
24.498318,400,1561.806202
49.631235,335,1563.562287
1070.607976,300,1565.270868
-37.453029,54,1565.389662
174.796311,364,1566.161819
-19.342007,300,1567.845548
415.729915,341,1569.678476
41.024745,400,1571.614179
480.269584,300,1572.220807
212.190764,1,1572.259119
135.626256,341,1573.974292
-35.417404,300,1574.566222
96.237925,341,1576.340236
523.252968,262,1577.981046
16.812746,18,1578.045155
-30.031964,300,1578.634964
909.477065,400,1580.543951
577.923534,290,1581.205253
233.298523,1,1581.243302
71.984975,341,1583.131136
320.153459,176,1583.528387
20.38754,400,1585.484713
334.183006,180,1587.015867
60.388059,314,1587.666948
-36.904341,11,1587.720784
415.945352,300,1589.365195
-28.549725,30,1589.483499
-29.244683,36,1589.60971
1057.547665,300,1591.30651
-18.268706,400,1592.14096
-71.289935,137,1593.528728
233.298523,1,1593.566508
233.298523,1,1593.603981
-28.239504,33,1593.723818
52.469193,253,1594.336545
-35.417068,400,1596.189315
-33.882231,400,1598.201747
-16.277216,17,1598.269157
-20.699365,2,1598.308523
1062.36635,300,1599.057761
233.298309,1,1599.095605
-14.140393,300,1600.928676
148.162543,341,1602.779826
387.311303,206,1603.172815
410.652131,219,1603.788922
81.175261,341,1605.675979
116.306829,341,1607.46833
1073.413738,300,1608.083754
184.709092,341,1609.838331
32.118132,26,1609.955205
123.653163,341,1611.844547
209.190068,110,1612.079301
622.25815,320,1613.91248
233.298523,1,1613.950293
-38.859511,400,1614.736234
233.298309,1,1614.776383
430.413258,230,1616.330383
288.647079,400,1618.22149
221.347704,1,1618.259554
733.144674,364,1619.068181
75.571417,283,1620.689651
386.017597,251,1621.364857
-104.300537,300,1623.15432
492.172678,300,1624.908222
98.980078,341,1625.583887
227.236302,1,1625.621805
361.59082,193,1627.122977
67.60099,272,1627.655933
-24.130937,17,1627.723367
-67.395363,300,1629.415093
-52.639628,300,1630.142383
1070.605268,300,1631.826123
307.193284,400,1633.71641
136.651384,341,1634.451167
155.429392,333,1636.201668
64.335765,243,1636.792123
-9.286853,23,1637.923716
457.623657,341,1638.648077
159.817854,341,1640.485441
154.959657,341,1642.349821
844.007606,276,1643.070432
-88.252128,300,1644.788215
355.545659,191,1645.116154
-83.543556,300,1646.829854
432.198132,232,1647.512375
-88.446352,300,1649.260571
209.363411,1,1649.299749
-75.261768,300,1649.953665
452.435235,341,1651.83028
298.146998,341,1653.618487
913.234293,400,1654.434768
55.816075,167,1655.848531
233.298523,1,1655.886156
1070.883238,300,1656.496986
-24.300708,18,1656.598735
-75.315227,300,1658.189747
-5.655427,7,1658.238248
-21.531645,9,1658.286835
141.511061,341,1660.052954
338.104197,183,1660.534482
-59.096756,383,1662.457292
33.44685,400,1663.370975
63.396194,200,1664.912329
329.858995,181,1665.365857
334.006071,180,1666.857955
122.978971,341,1667.546937
-20.236996,1,1667.585095
102.355025,341,1669.431839
142.118876,341,1671.303201
125.79844,341,1671.985594
-21.587286,1,1672.022773
-27.314235,300,1673.721704
143.27287,341,1674.491858
58.41268,208,1675.980842
283.360238,341,1677.983385
478.951965,300,1678.654168
149.884656,341,1680.378629
392.779399,341,1681.040901
233.298523,1,1681.079322
108.741735,341,1682.797463
438.562828,300,1684.477864
562.089457,300,1685.13317
-104.905832,341,1686.956125
493.270238,300,1688.76831
-42.781772,400,1689.649074
501.371326,341,1691.409579
12.301722,400,1693.435191
349.663518,188,1693.852264
107.666116,341,1695.688484
296.328868,400,1697.706251
397.490194,341,1698.481486
75.457667,248,1700.055588
-12.480791,15,1700.113201
889.420648,400,1702.093796
81.333395,235,1702.58046
1042.110403,300,1704.378327
-91.03688,300,1705.015638
-22.567723,14,1705.074592
515.690613,300,1706.732692
647.697132,341,1707.405594
422.040624,225,1709.094989
209.112644,1,1709.133155
-29.974445,35,1709.26032
134.633272,341,1711.008013
13.936609,16,1711.066154
145.827075,341,1711.826679
1061.122899,300,1713.669005
382.327537,200,1714.065931
347.734313,186,1715.507546
44.436938,400,1716.347606
-37.15861,300,1718.009029
1064.179552,300,1719.668143
65.294993,282,1720.299186
-48.401788,300,1722.00679
371.457779,203,1722.495732
897.276883,400,1724.40436
321.588304,341,1726.303709
-6.621239,400,1727.058279
43.328019,31,1727.151492
-24.696359,400,1729.079353
29.3203,400,1730.988477
767.982504,400,1732.833743
-18.494708,3,1732.873803
224.478864,1,1732.911237
32.364742,26,1733.019578
0.546667,10,1733.10647
34.097928,341,1734.855765
48.435264,311,1735.493648
157.574597,341,1737.211726
-5.968516,7,1737.25873
126.797671,341,1737.936245
-17.947728,1,1739.037215
148.338728,341,1739.763294
454.448583,341,1741.518969
-58.959406,300,1742.189615
69.952898,400,1744.18336
-82.461062,325,1745.97087
57.785467,247,1746.457645
113.054113,341,1748.336864
46.548884,35,1748.4254
163.751215,341,1750.155224
121.80635,276,1750.710415
16.954716,18,1750.77406
-20.150839,1,1750.810647
410.563205,218,1752.346408
-23.10298,12,1752.398819
138.287079,281,1752.955213
353.813292,189,1754.430071
-14.495538,10,1754.483683
138.416353,341,1755.177793
400.320212,341,1756.89059
896.672725,400,1758.771647
102.901164,341,1759.508296
72.95249,341,1761.497959
343.617904,187,1761.911545
108.889822,341,1763.743472
61.049118,264,1765.334915
-79.966686,209,1765.787343
368.472743,300,1767.475174
212.62596,1,1767.513354
-20.913052,19,1767.580046
260.278128,137,1767.888821
-41.317732,300,1769.545619
116.399986,341,1770.274639
902.64783,400,1772.129074
43.617776,400,1774.033884
63.555259,277,1774.707717
388.814821,214,1776.146039
153.003953,341,1776.84562
-20.041011,1,1776.88318
126.095656,341,1778.809215
1052.334835,300,1780.56977
311.34625,300,1781.129257
51.597709,244,1782.768434
184.529013,356,1783.597476
283.9933,400,1785.724401
90.189372,341,1787.530157
208.49485,1,1787.570258
1044.467472,300,1788.298304
-49.560458,300,1789.883873
293.628657,400,1791.977231
215.01549,1,1792.015249
122.672359,341,1792.766191
1051.963043,300,1794.429614
371.280521,200,1794.865455
437.344752,234,1796.391972
86.937476,341,1798.167882
142.886765,341,1798.898458
770.492993,386,1800.784839
35.359041,400,1802.71346
98.814947,341,1803.536184
159.225386,341,1805.215436
-59.934117,255,1806.766173
1055.073535,300,1807.508821
358.762745,196,1808.931082
-50.451585,229,1809.443283
-34.294893,300,1811.138654
1060.051776,300,1811.703622
233.29859,1,1811.741781
131.541853,341,1813.501662
436.80314,341,1815.294508
150.360414,341,1816.055735
34.645477,400,1818.013803
-31.515509,300,1819.804167
347.302427,193,1820.23166
-9.5283,55,1820.369467
-49.015361,222,1820.910085
-24.665937,13,1822.02904
313.762479,300,1822.774693
159.89683,341,1824.635945
533.28368,277,1825.303862
-4.287266,31,1825.397356
-25.501657,300,1827.059259
125.58327,341,1828.916917
206.246724,1,1828.955047
418.450725,300,1829.620561
125.17094,341,1831.345375
233.298523,1,1831.383567
138.372838,341,1833.29565
368.766922,202,1833.669744
459.571161,250,1834.182176
228.231052,1,1834.219655
44.281153,250,1835.765821
31.325784,25,1835.838784
899.597799,400,1837.72551
233.298523,1,1837.763709
-17.987494,400,1839.812058
347.821211,187,1840.201091
140.174637,341,1842.014368
349.540219,189,1842.447133
18.033075,19,1842.510906
-28.93688,400,1844.39769
45.781395,238,1844.88652
390.602624,209,1846.361081
233.298523,1,1846.398999
233.298523,1,1846.437074
233.298523,1,1846.474476
233.298523,1,1846.511891
36.031975,316,1847.208013
151.085946,341,1849.110533
46.689469,334,1850.877878
-28.58969,300,1851.539655
117.210777,341,1853.406336
914.063103,400,1855.396782
1070.330521,300,1856.093657
293.017741,400,1857.910012
59.943955,341,1859.745367
55.366865,164,1860.100466
-40.769787,400,1862.099342
233.298523,1,1862.139173
426.414711,300,1862.794104
-20.197335,1,1862.831903
34.071751,274,1864.627914
233.298523,1,1864.665472
-20.23297,1,1864.703486
162.41633,318,1865.32505
-44.11826,400,1867.137758
597.040636,341,1868.901337
264.490937,142,1869.260819
393.294612,341,1871.018217
-46.771126,400,1872.915752
479.815307,341,1873.776745
47.483632,209,1875.282942
1066.834674,300,1875.992058
896.551115,400,1877.935126
49.907869,134,1878.29181
367.537275,341,1880.040091
143.349712,341,1881.841543
41.708232,400,1882.707821
424.452165,226,1884.285619
-19.499998,1,1884.322808
126.804769,341,1886.245344
233.298523,1,1886.283082
43.524981,282,1886.905509
233.298523,1,1886.943368
1105.62214,300,1888.693169
233.298523,1,1888.731091
517.465072,341,1889.378142
-12.802733,300,1891.103737
138.331347,341,1892.853184
296.846731,400,1893.781001
-38.900654,400,1895.614447
233.298523,1,1895.654756
415.937403,300,1897.526011
-43.909654,400,1899.411338
-28.152395,29,1899.493917
124.268708,341,1900.298248
453.890372,341,1902.050762
542.783501,341,1903.760803
233.298529,1,1903.798647
156.636521,341,1904.575304
-31.291411,300,1906.289528
-20.175459,8,1906.338993
-121.694096,256,1906.99305
432.117715,230,1908.544164
371.918163,202,1908.992793
-5.466207,300,1910.613783
143.308614,341,1912.370946
144.445975,341,1913.065945
1048.453112,300,1914.74196
293.796605,161,1915.09325
372.037977,199,1915.657272
34.122809,248,1917.202862
1066.815671,300,1918.939166
-29.965285,400,1919.743304
329.844842,177,1921.20508
376.267367,300,1921.851472
-5.577641,26,1921.931567
37.786515,400,1923.86315
127.225294,341,1925.679981
1068.51706,300,1926.373985
-20.176942,1,1926.411235
233.298523,1,1926.448863
37.195348,316,1928.151215
122.020952,341,1929.956107
233.298523,1,1929.996059
310.832844,164,1930.342173
1066.626975,300,1932.155216
898.389736,400,1933.139526
487.743779,341,1934.887321
-20.067343,1,1934.924585
327.959231,300,1936.688167
148.185661,341,1937.340191
233.298523,1,1937.378102
449.171406,341,1939.127757
233.298309,1,1939.165722
1066.777114,300,1939.843947
-6.92067,300,1941.427022
43.771506,400,1943.386672
373.577491,203,1943.801229
436.213265,231,1945.356047
367.865465,198,1945.905996
116.107629,341,1947.809959
1066.455954,300,1948.53894
74.104608,259,1950.124656
74.05196,232,1950.598742
-62.099913,300,1952.309401
-45.90133,153,1952.637691
381.062618,300,1954.353603
884.245649,400,1956.274625
883.397577,400,1957.055454
211.072681,1,1957.093336
406.624355,217,1958.638247
318.931526,300,1959.319576
-25.874948,400,1961.136549
389.21754,341,1962.99484
94.260376,341,1963.641248
233.298523,1,1963.679185
233.298309,1,1963.716499
-20.098078,400,1965.619828
233.298523,1,1965.657531
121.982253,341,1967.409409
-21.698966,11,1967.462543
444.095966,341,1969.252345
208.408302,111,1969.523518
72.491986,255,1969.981095
-15.539816,12,1970.033874
88.447622,341,1971.781827
-4.623964,300,1973.496337
233.298523,1,1973.537177
52.69842,36,1973.626757
90.551563,341,1974.442048
233.298523,1,1974.48051
413.522927,300,1976.165127
119.519204,341,1977.962742
-51.266994,300,1978.742185
354.277518,341,1980.472255
-23.875667,400,1982.428085
333.76911,182,1982.80838
894.083344,400,1984.760049
44.354898,400,1986.561351
211.734614,1,1986.600804
133.928725,341,1987.303684
233.298523,1,1987.343004
1074.282872,300,1989.06548
579.511209,341,1989.891509
1067.393479,300,1991.650417
233.298523,1,1991.688498
1065.907242,300,1993.430707
-11.867525,16,1993.489641
398.873007,300,1994.180604
300.07498,400,1996.039464
300.39625,165,1996.411908
341.564408,189,1998.02986
233.298523,1,1998.067467
233.298523,1,1998.104859
329.528142,180,1998.504876
-47.815777,221,1998.999097
523.140643,341,2000.714948
34.475974,400,2002.588302
-30.002529,400,2004.525944
-33.322168,300,2005.221208
136.350785,341,2007.005561
233.298523,1,2007.043494
121.233638,341,2008.858385
450.072102,300,2009.631203
294.035938,166,2011.058054
-22.026243,4,2011.099915
-16.66987,300,2011.845387
-39.295401,191,2013.332459
-6.328515,300,2013.894523
-26.074011,25,2013.967692
233.298523,1,2014.005086
145.229004,341,2015.791541
-20.701325,1,2015.829568
218.37567,1,2015.867004
-6.09831,27,2015.977464
-16.680125,6,2016.022657
-46.045038,300,2016.651225
115.151193,341,2018.480147
146.437386,341,2020.289194
-22.136428,9,2020.339386
-24.50858,30,2020.497441
95.397681,341,2022.365099
909.608625,400,2023.348747
-27.607624,5,2023.39209
507.718011,267,2024.967899
117.683993,341,2026.757032
722.622138,245,2027.295281
233.298523,1,2027.335057
152.283418,341,2029.058279
208.229806,1,2029.096212
292.532104,400,2029.948293
1077.63688,300,2031.609848
1070.370292,300,2033.437539
23.255383,400,2034.344022
1057.944546,300,2036.001821
-9.27307,341,2037.707144
77.519826,341,2038.466689
302.010489,165,2039.886817
97.903229,341,2040.543397
-38.746191,164,2041.955657
580.23671,295,2042.544855
398.601578,214,2044.038074
59.120106,341,2044.764241
-30.113516,400,2046.726092
582.175814,297,2048.477863
496.182539,300,2049.143006
233.298309,1,2049.180977
208.229713,1,2049.218435
682.789502,348,2051.024999
-89.246767,341,2052.790829
116.84301,341,2053.568212
-7.60066,300,2055.205142
1079.045393,300,2055.786819
281.873963,400,2057.645824
329.3898,179,2059.028224
39.352199,28,2059.175529
289.682843,341,2059.980423
42.537081,341,2061.830817
-19.499866,1,2061.867771
61.692112,198,2062.44181
-66.784784,300,2064.286171
-21.556881,1,2064.32442
101.437623,341,2066.1275
1063.717588,300,2066.788218
467.255143,251,2068.426783
-18.015753,3,2068.467148
47.153716,341,2069.139217
66.586786,266,2070.718832
487.911749,300,2071.396101
-21.507704,1,2071.433274
312.713337,400,2073.309039
233.298687,1,2073.347471
-16.675205,28,2073.461107
891.861936,400,2075.295907
-0.077773,36,2075.386277
939.246549,300,2077.208352
11.940266,21,2077.275133
360.963199,196,2077.725619
64.922683,267,2079.318842
336.03981,182,2079.82088
146.90864,293,2081.583354
-36.412831,300,2082.274388
362.818557,199,2083.743616
107.812615,341,2084.510448
228.089323,1,2084.548749
63.871314,182,2085.971591
233.435272,341,2086.730388
1066.173069,300,2088.492122
-65.179301,116,2088.72829
329.76991,341,2090.642925
61.913254,290,2091.31554
421.980331,242,2092.851955
39.521298,29,2092.931551
322.904727,180,2093.399676
66.857726,195,2094.863511
152.003825,301,2095.496671
-48.243527,400,2097.288714
562.998806,341,2099.082678
125.929633,276,2099.662725
204.483481,108,2099.930958
497.340602,300,2101.636162
61.241102,291,2103.433504
364.398577,199,2103.839573
514.288285,259,2104.466373
733.634145,363,2106.379158
385.279065,208,2107.86855
295.255128,400,2108.746326
126.656152,341,2110.490854
514.519378,300,2112.15767
896.162477,400,2113.075052
50.671353,400,2115.009218
347.791883,188,2115.493416
-52.96138,400,2117.473493
233.298523,1,2117.513309
233.298523,1,2117.550798
207.053802,1,2117.58836
64.917106,276,2119.240657
-71.10557,148,2119.636478
233.298523,1,2119.674068
425.826199,229,2121.271305
59.272916,400,2122.209721
-22.585277,11,2122.262823
-59.673225,300,2124.037726
51.750784,400,2125.926211
46.681601,400,2126.848261
-62.254082,300,2128.54107
-20.341789,1,2128.579383
-66.708107,341,2130.46787
77.814592,249,2130.966168
-51.393784,400,2132.851991
1034.44566,300,2134.588719
128.508265,341,2135.327326
233.298309,1,2135.365019
233.568228,1,2135.402386
62.421749,400,2137.351977
20.069203,26,2137.468585
-44.017118,16,2137.565901
59.759439,341,2139.349061
233.298523,1,2139.387
233.298523,1,2139.424201
356.264605,191,2139.857425
145.029953,341,2141.642649
627.643246,341,2143.586612
-20.413707,1,2143.624477
270.368455,341,2144.352239
-11.699418,15,2144.415362
297.936531,400,2146.241809
-17.235447,5,2146.285195
150.418961,341,2148.047188
489.888988,300,2148.635058
-81.940865,300,2150.288102
80.979423,341,2152.00998
58.352178,187,2152.436024
-15.594963,8,2152.484518
405.991092,222,2152.989256
458.183953,245,2154.629681
-8.437872,26,2154.713327
467.490862,341,2156.534398
233.298523,1,2156.572055
277.361011,341,2157.266904
136.90821,341,2159.054468
-28.844434,400,2160.892091
-34.576265,155,2161.16249
64.491726,400,2163.094613
913.967712,400,2163.998036
70.326496,400,2165.904993
1068.44598,300,2167.536674
-52.800661,21,2167.641525
-6.805004,300,2168.282441
457.196236,300,2170.007548
67.938814,296,2171.724238
416.178465,341,2172.465418
-26.938175,341,2174.257962
-39.386649,400,2176.198172
334.000824,180,2176.502313
-135.102118,341,2178.365276
143.19236,341,2179.085386
-24.576071,341,2180.798336
145.019335,295,2182.496834
19.00922,19,2182.567649
887.721511,400,2184.626824
-20.254421,1,2184.664801
159.424557,341,2185.388086
70.162202,198,2186.986717
412.949924,222,2187.38834
443.892558,238,2187.971002
-21.48788,300,2189.619635
913.12993,400,2191.6359
47.928072,341,2192.362897
420.76547,300,2194.063206
233.298523,1,2194.101241
87.357219,341,2195.955988
-47.942207,400,2197.876212
-84.407318,300,2198.460577
902.963244,288,2200.025541
36.235147,222,2200.642845
233.298309,1,2200.680463
14.472092,341,2202.421678
458.274406,252,2202.907231
233.298523,1,2202.9449
233.298523,1,2202.982196
-57.003715,157,2204.382757
775.655909,392,2205.39635
233.298523,1,2205.435491
100.508754,341,2207.194887
124.988652,341,2209.131457
-36.187793,400,2209.969582
60.922111,269,2211.543268
42.150927,32,2211.66426
61.722949,264,2213.286812
321.798682,400,2214.183515
-29.626654,400,2216.234185
-24.323546,300,2217.940523
-8.908832,300,2218.568372
460.666111,341,2220.293081
-28.928324,300,2222.042168
-11.79587,24,2222.113396
233.298523,1,2222.150775
149.282688,341,2222.799062
13.983588,18,2222.896447
396.676571,300,2224.525405
54.611469,205,2224.973566
-14.575269,300,2226.66301
406.218923,300,2227.337823
12.673357,400,2229.150811
418.28779,300,2230.814495
62.151393,280,2231.396506
375.437827,214,2233.003865
366.539079,341,2233.768772
-62.695471,400,2235.727985
-16.976501,6,2235.77414
174.181704,336,2237.630372
425.378546,300,2238.312335
302.081027,400,2240.302723
-4.12431,20,2240.377282
445.64941,300,2242.107003
233.298523,1,2242.144916
-28.434653,300,2242.756157
293.308302,341,2244.664688
461.291134,300,2246.366853
376.871769,341,2246.985011
892.988706,400,2249.06187
-62.858295,400,2250.930013
107.215691,341,2252.838519
346.80591,196,2253.224221
525.861985,234,2253.807202
340.846688,190,2255.264249
-97.578171,189,2255.756746
373.502424,341,2257.561079
-15.895309,2,2257.599661
491.314032,300,2258.239034
66.965167,221,2259.850311
-44.542494,400,2261.770564
389.956524,213,2262.195827
893.161339,400,2264.068319
-6.421948,27,2264.143383
67.374218,240,2264.717347
59.183353,341,2266.5132
-25.111687,21,2266.590115
139.25654,341,2268.453805
169.468842,341,2269.194976
-21.930496,12,2269.285597
71.658592,206,2270.73296
1057.246765,300,2271.32066
389.589033,217,2272.822019
-14.420039,9,2272.870243
152.931046,341,2274.587081
230.472587,1,2274.628174
-43.002609,194,2275.062125
-108.283428,341,2276.943317
112.871991,341,2277.747115
233.298523,1,2277.785101
-30.612942,300,2279.448453
752.160298,372,2281.315889
-18.925656,300,2281.948872
-21.375265,12,2282.004019
311.714674,400,2283.982682
321.864603,167,2284.381749
341.754888,185,2285.798617
897.178777,400,2286.686976
154.285605,341,2288.547414
135.730185,341,2290.31075
893.997291,400,2292.268864
68.747104,299,2292.955761
160.28324,341,2294.816085
283.872863,148,2295.195465
902.559656,400,2297.174011
-30.314111,300,2297.834891
69.561693,236,2299.394716
385.335126,212,2299.845572
293.772556,400,2302.102309
-45.507726,400,2304.052304
1048.249296,300,2304.742433
145.306529,341,2306.596004
27.911383,400,2308.47775
999.049025,300,2310.216931
140.729061,341,2310.872411
154.210063,341,2312.814479
-37.868022,300,2313.522789
33.563288,400,2315.518675
233.298523,1,2315.55675
134.598335,341,2317.403633
185.566803,268,2318.058748
151.752394,341,2319.925322
347.701807,190,2320.322119
-43.058197,400,2322.270169
156.851438,341,2324.22128
72.57849,226,2324.695862
536.743891,300,2326.502767
539.8599,300,2328.246893
-88.01266,300,2328.804315
233.298523,1,2328.842085
531.972604,300,2330.595017
320.592864,176,2330.928473
134.314382,341,2332.801807
569.482608,341,2333.490459
1048.311636,300,2335.155771
258.354581,137,2335.461972
233.065152,1,2335.499774
39.128048,341,2337.310314
261.094527,137,2337.646141
-119.379883,400,2339.715271
606.394278,300,2341.397964
521.918731,300,2342.093235
-282.75306,341,2343.853963
233.298523,1,2343.892593
1056.056451,300,2344.492154
37.235361,107,2345.784315
262.12421,173,2346.111957
532.961774,300,2346.809452
1038.097104,300,2348.522878
61.223387,243,2350.177257
-103.742413,341,2350.868175
-27.146094,21,2350.935223
-96.972166,300,2352.586749
-20.472183,2,2352.626571
233.298523,1,2352.663896
283.853968,155,2352.973176
-27.627402,5,2353.017775
142.155821,341,2354.794894
-36.361661,186,2355.314207
-24.902597,19,2355.385948
79.727704,254,2356.995924
43.110239,341,2357.678101
294.743661,166,2359.057571
993.062207,300,2359.718052
233.298523,1,2359.75593
-23.577595,23,2359.824754
-91.175029,300,2361.545293
611.75519,341,2363.388513
-7.331489,25,2363.461114
65.154893,304,2364.123767
312.000444,172,2365.519058
21.060716,20,2365.584489
-2.383181,129,2365.853867
309.808516,170,2366.250733
223.283021,1,2366.289129
-13.429689,13,2366.343528
-45.949716,232,2367.930374
81.38464,318,2368.684995
283.738228,156,2370.093297
211.800763,1,2370.131169
-94.476516,300,2370.82683
233.298523,1,2370.864775
295.670764,164,2372.273959
45.000117,400,2373.149847
171.381657,349,2374.973155
61.008575,162,2375.402799
12.848415,16,2375.469632
2.583054,11,2375.52553
388.717304,341,2377.445175
560.300749,300,2379.178115
476.073532,341,2380.009209
400.788501,214,2381.615912
73.433306,221,2382.047656
233.298523,1,2382.085518
1037.014897,300,2383.846081
-6.348244,400,2384.714721
553.00835,300,2386.45857
204.391136,109,2386.758219
233.298523,1,2386.795792
327.530021,180,2388.264589
233.298309,1,2388.302285
122.494426,341,2388.984949
233.298523,1,2389.024657
403.530505,341,2390.787676
1054.583276,300,2392.569419
-13.407737,19,2392.668288
-3.960292,8,2392.715137
1060.623844,300,2393.429781
343.191323,191,2394.976761
223.88943,1,2395.01448
880.853949,400,2396.281359
59.786964,400,2398.25434
342.429123,194,2399.679348
-49.700764,214,2400.142141
131.076166,341,2401.914948
100.568064,341,2402.677266
-45.532669,197,2404.162258
-20.320913,1,2404.200004
56.453578,400,2404.938168
363.836303,199,2406.436686
339.361,185,2406.871684
-28.792402,23,2406.950478
169.253561,341,2408.731936
59.248936,216,2409.237007
233.298523,1,2409.275283
-47.415438,300,2410.997899
-19.499067,5,2411.077855
373.702783,199,2411.5014
-9.999769,5,2411.54481
323.307402,179,2413.01837
210.136629,1,2413.056118
-22.063192,300,2413.719661
-17.497272,5,2413.762652
-21.694574,7,2413.880092
291.911965,400,2415.832257
-8.438146,300,2417.523026
66.44984,200,2417.890497
-6.419528,27,2418.003492
222.694865,1,2418.041178
1084.303397,300,2419.709774
531.295344,300,2420.309284
67.44422,232,2421.869122
233.298523,1,2421.906883
338.12149,184,2422.358976
441.060848,242,2423.872658
183.183183,341,2424.657118
737.213043,366,2426.503028
77.299337,400,2428.657775
441.686913,341,2429.503561
-30.354009,300,2431.149999
439.07569,341,2432.948822
-12.896056,14,2433.004562
372.291852,204,2433.504932
956.777226,300,2435.33922
13.059379,300,2436.02616
-52.448945,21,2436.096557
55.788386,164,2437.486758
641.993204,318,2438.165285
487.315724,341,2439.941449
433.972359,234,2440.44236
-28.54557,7,2440.48899
894.563899,400,2442.435115
-206.522809,341,2444.259637
-4.008499,8,2444.306875
330.145488,177,2444.671671
1022.060644,300,2446.408773
377.537781,202,2446.879128
72.538307,194,2448.399603
20.150158,20,2448.464201
233.298523,1,2448.501817
-259.112151,341,2449.213808
158.991887,341,2451.141857
331.713711,184,2451.549845
-15.01989,9,2451.600761
392.172683,212,2453.16129
328.089092,182,2453.709846
403.220621,224,2454.226455
91.35493,400,2456.11431
233.298523,1,2456.152446
-19.448029,1,2456.190377
99.4404,400,2458.197286
222.120609,1,2458.235811
65.367161,154,2458.618661
58.635676,180,2460.126422
482.938737,300,2460.820993
51.294979,224,2462.36778
18.413746,300,2463.111609
361.351214,187,2464.77591
13.045783,300,2465.537365
402.544173,216,2467.026478
349.41091,192,2467.490099
323.556384,341,2469.29994
-33.435656,300,2469.88802
49.660478,34,2469.977369
95.629388,400,2471.851326
892.153192,400,2473.763606
410.897428,223,2474.288608
310.751589,400,2476.142838
119.678531,400,2477.972153
233.298523,1,2478.010013
53.625637,246,2478.554391
-64.155026,300,2480.229661
-21.884873,11,2480.289093
484.347652,300,2481.970178
233.298523,1,2482.008052
205.410075,385,2482.766658
295.282013,400,2484.69154
124.393425,341,2486.420889
947.533341,300,2487.056468
149.956547,341,2488.880713
-37.188856,400,2490.723643
6.113783,13,2490.78024
-158.223038,341,2492.538569
406.313443,268,2493.104503
481.396486,341,2494.878377
527.295423,300,2495.472001
72.321933,313,2497.21206
75.715646,287,2497.85977
391.846747,209,2499.339222
55.512954,225,2499.788746
586.464698,341,2501.653355
52.36784,186,2502.093601
270.824097,341,2503.839568
42.04595,269,2505.557953
398.516374,214,2505.986439
901.959524,400,2507.954313
86.237341,400,2509.954491
173.042441,341,2510.61727
56.709819,213,2512.076532
1055.425927,300,2512.699685
178.502605,341,2514.433997
83.695313,263,2515.100685
363.343825,199,2516.59974
452.210162,240,2517.126321
83.12539,304,2518.825238
233.298523,1,2518.863343
-35.822503,400,2520.806838
66.027891,217,2521.343528
87.170577,400,2523.265963
1073.094125,300,2523.957692
1067.825274,300,2525.658556
418.225909,341,2527.494726
541.205382,300,2528.259573
233.298523,1,2528.297593
201.782383,304,2529.956755
52.686527,142,2530.34726
206.208217,1,2530.387079
-30.833143,400,2532.187088
-40.144086,300,2532.836449
166.01639,341,2534.713548
233.298523,1,2534.751342
229.963007,1,2534.788692
885.977791,400,2536.610915
192.705497,341,2538.421032
-37.190034,189,2538.849521
325.843653,177,2539.167797
306.059183,168,2540.649011
-45.530349,300,2541.2403
-33.998091,300,2542.937828
62.222738,183,2543.413532
25.168271,22,2543.594094
-22.762198,17,2543.657069
146.257735,341,2545.393619
-15.5733,8,2545.441907
169.798405,341,2547.243773
8.740302,14,2547.302986
103.920455,341,2548.147572
897.296158,400,2550.044423
355.575735,192,2550.43054
-48.772557,237,2551.985534
214.265668,1,2552.02323
315.187791,400,2553.848131
298.413717,400,2554.890399
118.657852,341,2556.806473
56.094074,400,2558.686777
135.2629,341,2560.510308
426.65927,227,2560.928832
237.916227,1,2560.966563
54.993406,341,2562.826061
130.014029,341,2563.587101
54.322939,184,2565.03923
399.05044,215,2565.54014
-17.248148,5,2565.585755
73.738248,341,2567.471367
-71.770095,300,2568.167323
305.435061,400,2570.136965
112.036995,400,2572.067178
546.214743,341,2573.754067
589.431552,341,2574.469843
477.366987,244,2576.018936
233.298523,1,2576.056876
107.014465,270,2576.566056
-20.227538,1,2576.607614
74.7612,206,2578.1234
300.404721,400,2579.008733
364.154367,196,2580.430222
-7.427586,23,2580.502026
-23.942883,27,2580.578146
130.405366,341,2582.415597
-16.680127,6,2582.498471
390.40156,341,2583.253377
424.257737,227,2584.860388
665.372173,331,2585.578558
229.778099,1,2585.61645
649.967892,327,2587.281518
337.720406,183,2587.666116
-14.924356,10,2587.7161
-17.947694,1,2587.753732
54.574378,181,2589.198041
323.722229,174,2589.601563
1063.440596,300,2591.313457
152.061484,341,2592.115149
-23.670241,24,2592.186095
51.699803,180,2593.734369
900.489985,400,2595.697423
74.670938,400,2596.505502
312.51667,400,2598.410105
1038.110263,300,2600.095419
1011.391861,300,2600.836212
54.483136,170,2602.196969
48.663112,243,2602.749329
577.573048,300,2604.487169
516.684799,300,2605.276594
295.362838,400,2607.206359
-15.183804,400,2609.146423
204.602253,341,2609.929838
24.514757,21,2611.095333
233.298225,1,2611.133242
-16.198267,400,2611.938292
123.256762,341,2613.767577
1065.775309,300,2615.402722
138.554826,341,2616.095021
-1.577365,9,2616.145195
140.828595,299,2617.840861
-31.090114,300,2618.475531
-15.423608,300,2620.121004
484.782454,341,2621.987836
-11.288407,17,2622.049556
-12.928901,14,2622.105029
62.541463,400,2623.924122
357.280325,192,2624.346919
-38.888361,341,2626.130868
233.298523,1,2626.168671
-31.591349,300,2626.773937
692.2688,354,2628.652351
-19.596159,400,2630.582468
-115.967597,258,2631.113652
137.382285,341,2632.938263
132.733391,341,2633.932973
452.08279,241,2635.676068
-10.949941,400,2637.5742
821.228355,272,2638.178257
-33.41742,300,2639.937912
-13.235872,400,2641.841359
-17.99992,1,2641.878286
80.317562,400,2642.772513
-17.790279,300,2644.432921
468.4126,341,2646.199259
54.664083,198,2646.59988
-8.30488,400,2648.573497
233.298523,1,2648.61109
-106.000348,280,2649.22735
1071.305969,300,2651.035558
233.298523,1,2651.073232
-20.593216,4,2651.114776
-6.243188,232,2651.578261
140.07235,341,2653.397635
233.298309,1,2653.435525
-22.740194,300,2655.337597
56.550821,162,2655.673138
148.341405,341,2657.552558
-15.955349,400,2658.436786
233.298309,1,2658.47705
82.493704,400,2660.417363
-2.410592,300,2662.376928
233.298523,1,2662.41486
376.996551,204,2662.786282
314.285868,341,2664.594388
321.576343,174,2664.955139
329.569028,341,2666.683713
93.788806,400,2668.569602
517.826616,300,2669.25965
363.663104,199,2670.850368
150.872713,341,2671.661084
1066.725944,300,2673.33015
233.298523,1,2673.370083
80.967518,244,2673.928947
365.351618,198,2675.473524
529.179104,271,2675.987824
233.298523,1,2676.025375
233.298523,1,2676.063002
233.298523,1,2676.100359
233.298523,1,2676.137666
290.600513,400,2678.110231
311.225454,169,2678.581928
-13.916078,12,2678.636147
-11.990151,4,2678.679078
100.221084,341,2680.613575
-15.390368,9,2680.66257
423.735973,341,2682.475447
509.599624,341,2683.211977
147.634509,341,2684.957026
89.651759,341,2686.701714
219.09329,1,2686.739904
369.892726,199,2687.074052
467.200875,300,2688.823804
124.718356,400,2690.782681
-1.377612,300,2691.333367
188.206929,341,2693.320189
83.880753,341,2694.149076
-10.042544,18,2694.219747
634.331685,324,2695.972653
57.997938,170,2696.356645
147.221677,341,2698.153149
53.954213,302,2699.876857
16.916409,300,2700.63032
284.493063,400,2702.554214
-4.923029,29,2702.647919
155.855257,400,2704.56707
60.960599,289,2705.199141
35.035885,333,2706.948082
-32.102184,400,2708.847752
46.705737,322,2710.650787
148.42147,341,2711.3003
97.451398,341,2713.050721
450.470965,341,2714.891468
159.255164,400,2715.667153
-39.58641,400,2717.618851
150.760536,341,2719.302601
445.973241,242,2719.863141
-24.275221,24,2720.009569
546.123925,341,2722.005512
898.530481,400,2723.988456
-67.986703,300,2724.757489
146.460419,341,2726.606995
312.690491,400,2728.559142
295.62848,400,2730.46954
139.04127,341,2731.113718
50.948309,303,2732.879694
511.253934,300,2733.59155
221.764191,1,2733.631768
95.88082,341,2735.386533
233.298523,1,2735.424408
353.232074,341,2737.137189
-31.759673,69,2737.353014
55.346498,173,2737.730091
315.169704,400,2739.564818
233.298523,1,2739.60253
374.616669,341,2741.45723
309.73649,270,2742.012997
238.440668,1,2742.050751
464.984804,341,2743.925075
72.400145,229,2744.483584
598.190677,341,2746.258863
233.298523,1,2746.297343
233.298523,1,2746.334663
65.542692,224,2746.840995
233.298523,1,2746.878612
51.579523,262,2748.524451
510.157841,300,2749.146545
-22.53093,400,2751.040569
448.178227,240,2752.633874
4.461818,300,2753.282956
585.975074,300,2755.141096
-18.942137,400,2757.10119
1058.873135,300,2757.696748
-2.149806,300,2759.458205
136.21611,341,2761.271821
513.09589,341,2762.030714
129.938326,341,2763.780824
33.192779,341,2765.596398
-23.06389,16,2765.655346
133.352116,341,2766.316489
-20.950825,4,2766.360139
669.452893,332,2768.153446
112.504896,400,2770.086734
233.298523,1,2770.124479
489.801243,341,2770.972901
121.578969,400,2772.859201
443.809189,341,2774.62151
-29.973559,38,2774.749016
14.032684,18,2774.812621
-105.745205,231,2775.33302
-26.4548,400,2777.213949
549.247608,341,2778.959396
740.644924,368,2779.752511
-21.242772,255,2781.26035
460.102154,341,2783.026277
-12.110066,21,2783.129068
474.136217,244,2783.73658
135.541707,341,2785.513093
120.446516,341,2787.454
113.59725,400,2788.302387
905.028713,300,2790.049313
354.67657,341,2791.918141
354.552324,193,2792.436063
-37.990437,269,2793.140044
233.298523,1,2793.177777
-20.966164,4,2793.220775
87.704275,400,2795.179119
52.78837,133,2795.478849
-30.025946,39,2796.637775
221.512309,287,2797.268168
436.001959,236,2798.868988
355.64853,341,2799.596172
152.695051,341,2801.333598
379.784366,205,2801.830014
397.925269,268,2803.498017
403.387521,209,2803.887642
916.978562,300,2805.561945
211.29664,1,2805.601058
355.12624,198,2806.03792
119.470546,341,2807.798542
537.746416,341,2809.573094
-30.714396,300,2810.230331
16.37424,400,2812.039528
-28.051657,400,2813.950465
408.108516,341,2814.633451
138.45984,341,2816.510647
115.288301,341,2818.292476
-27.214798,33,2818.377581
418.386885,240,2818.876399
-23.500078,14,2818.933516
433.889279,300,2820.586943
405.6107,217,2821.060456
137.354016,341,2822.918446
341.511198,187,2823.34112
246.480063,131,2824.681752
1046.93059,300,2825.309807
233.298523,1,2825.349791
-21.162184,300,2827.09711
140.526206,341,2827.826925
-40.742475,60,2829.017764
80.408526,341,2829.712704
-16.642248,300,2831.448371
97.886522,341,2832.106548
1064.698256,300,2833.745591
-8.30541,300,2835.555494
526.396289,341,2836.285604
134.447424,341,2838.169421
-29.407883,400,2840.067867
295.905846,163,2840.461596
119.50663,341,2842.470684
376.726303,204,2842.925877
284.315891,400,2844.879748
228.901306,1,2844.918099
-15.068863,9,2844.968597
111.007558,341,2846.788982
538.970529,341,2847.549188
22.218343,21,2847.615418
163.92017,341,2849.336659
233.298523,1,2849.374831
893.440626,400,2851.206655
-9.648841,22,2851.314115
905.181418,400,2853.268379
-38.278695,300,2853.902675
-38.429806,400,2855.823333
-121.914172,283,2856.397214
222.845345,1,2856.435274
-21.037201,3,2856.475826
-18.001144,4,2856.516798
291.174023,400,2858.320809
233.298523,1,2858.359281
-17.345462,9,2858.407921
-10.997782,16,2858.465991
212.962365,1,2858.503606
366.68094,198,2859.972632
437.581907,238,2860.514651
124.652615,400,2862.512214
132.581963,400,2864.49768
137.971239,341,2865.220449
213.899912,1,2865.258645
489.647715,249,2866.763289
4.636126,12,2866.819423
11.507831,300,2868.467042
152.566969,341,2869.25561
140.675003,341,2871.059562
475.604478,244,2871.609238
37.68647,321,2873.300261
70.485792,249,2873.9448
-21.583829,9,2873.994782
312.468331,400,2875.831083
70.861759,341,2877.608245
141.299375,341,2879.428222
406.770956,217,2879.858469
1079.40592,300,2881.655967
233.298523,1,2881.693966
377.655292,202,2882.140024
-10.006681,5,2882.182638
432.63739,300,2883.874415
64.18156,286,2884.512583
134.239542,341,2886.194942
-27.511295,300,2886.931275
226.206003,1,2886.9695
1072.981292,300,2888.624243
-37.870483,184,2888.96622
443.835564,288,2890.648239
315.849157,341,2892.46027
164.420138,341,2893.232857
-21.559231,1,2893.270329
167.836171,341,2895.158707
233.298523,1,2895.196795
162.710473,341,2897.003106
-5.979679,41,2897.132656
132.695101,341,2897.79663
100.180059,341,2899.541126
135.11032,341,2901.290493
291.560934,327,2901.997583
98.650255,341,2903.71192
879.669864,400,2905.548952
299.931561,400,2906.385838
435.870062,242,2908.066064
475.809289,300,2909.814844
911.197045,400,2910.628128
132.562734,341,2912.440289
403.827951,216,2912.947369
469.964838,300,2914.644801
-244.119486,341,2916.394513
-72.928784,300,2917.161258
-28.430931,194,2918.728741
157.82002,341,2919.535115
383.35674,207,2921.125094
152.05213,341,2921.865095
71.158948,207,2923.394329
24.071915,341,2924.085087
0.825304,300,2925.771596
-9.963924,300,2927.678963
306.592226,400,2928.615069
290.644869,400,2930.588621
147.25458,341,2932.408675
505.950508,341,2934.180993
30.072669,400,2935.004693
598.381702,301,2936.718054
349.463585,189,2937.074224
361.523482,196,2938.567524
363.892018,196,2939.083291
355.626392,193,2939.467832
1056.179946,300,2941.141982
6.693484,13,2941.198536
897.280428,400,2943.22472
383.12457,208,2943.564731
330.061061,179,2945.037158
155.896008,341,2945.723261
-16.005547,2,2945.762984
375.460835,227,2947.278384
203.211151,386,2948.212278
1073.250865,300,2949.940181
210.149144,1,2949.980551
148.046933,341,2951.926373
62.290393,289,2952.505004
893.976125,400,2954.453886
313.180357,400,2956.488131
42.244149,32,2956.570134
-104.579942,234,2957.094901
78.560198,232,2958.664477
135.06805,341,2959.416608
-37.033943,400,2961.299809
0.221817,300,2962.961966
471.483335,300,2963.682749
-23.784205,15,2963.74654
317.511687,177,2965.178717
160.926816,345,2965.991286
78.923113,247,2967.566135
-61.72411,111,2967.763686
438.390286,300,2969.524446
535.123489,341,2970.236139
479.167063,341,2971.971684
897.390199,400,2973.911486
233.298309,1,2973.949283
-25.631537,300,2974.67349
478.882153,341,2976.445764
-11.205645,300,2978.11976
-24.309238,400,2979.06818
-17.497272,5,2979.111138
158.818055,341,2980.933506
56.128112,190,2981.334562
317.753215,176,2982.810413
139.633878,400,2984.754788
320.90205,276,2985.316691
89.095563,400,2987.146136
18.154241,18,2987.209747
447.099381,341,2988.954324
880.781854,400,2989.938653
79.319292,400,2991.817706
52.031438,211,2993.274857
460.293134,341,2994.15801
-20.956246,4,2994.200749
176.070752,341,2996.071844
427.268448,300,2997.796468
-20.300544,2,2997.835158
855.889199,280,2998.398074
-49.749282,300,3000.102719
233.298523,1,3000.140409
292.595892,341,3000.903705
-23.504951,20,3000.967932
233.298523,1,3001.005433
771.862857,381,3002.965478
215.765689,1,3003.003439
135.654502,341,3004.925229
233.298523,1,3004.963009
109.355573,400,3006.935543
236.863461,1,3006.973623
456.329312,300,3007.834069
-34.30036,60,3007.982935
983.009281,300,3009.720259
444.640705,341,3011.600275
233.298523,1,3011.640039
-102.808874,241,3012.140657
132.25005,341,3014.02455
1057.399061,300,3014.747056
448.56224,341,3016.538079
233.298523,1,3016.577948
299.673982,400,3018.598691
233.298523,1,3018.637912
433.033462,300,3019.372397
151.198979,341,3021.240331
233.298577,1,3021.278431
385.15631,217,3021.725712
426.508413,229,3023.347602
233.298523,1,3023.38511
214.589294,1,3023.422597
-96.083187,300,3024.1404
-46.026986,300,3025.826682
-15.45457,9,3025.87637
1041.817769,300,3027.578643
56.807722,211,3027.926497
912.05649,400,3029.864456
396.524257,217,3030.361914
233.298523,1,3030.401104
429.011046,237,3031.928974
65.92199,230,3032.340747
1061.271302,300,3034.039454
-2.016174,29,3034.117307
204.93873,367,3036.058378
484.597619,300,3036.86643
-27.327757,28,3036.985162
-93.525006,400,3038.836456
438.698695,300,3040.541785
-98.820823,400,3041.369438
-52.37117,300,3043.163463
125.687358,282,3043.815615
242.280417,1,3043.853779
-5.102153,40,3045.011885
-84.83958,400,3045.820857
350.793347,190,3047.311237
-17.570349,300,3047.936492
76.978499,329,3049.680859
-71.839787,400,3051.541958
74.683915,310,3052.354491
471.340346,300,3054.056033
-20.142461,1,3054.094426
-32.948393,69,3054.269904
233.298523,1,3054.30957
71.676025,400,3056.241497
69.025326,341,3057.023948
233.298523,1,3057.061792
146.594336,341,3058.775021
66.183533,217,3060.270108
898.177422,400,3061.145882
1072.725738,300,3062.883836
293.472284,400,3064.831631
-17.23364,5,3064.875649
105.746664,400,3065.748098
140.762191,341,3067.4913
651.946485,341,3069.295838
8.630452,300,3069.96154
382.797677,208,3071.447523
-8.696768,1,3071.487096
-72.097909,400,3073.29431
-23.750497,24,3073.403017
233.298523,1,3073.440554
347.552381,341,3074.113624
434.385477,241,3075.726516
233.298309,1,3075.764148
-20.834906,2,3075.803497
210.768756,1,3075.840909
3.652766,300,3076.496616
-2.339918,300,3078.253323
5.615544,300,3079.99554
299.177142,400,3080.837857
378.572926,341,3082.618587
557.449839,300,3084.353395
-17.999738,4,3084.395096
-59.296935,400,3085.241619
19.48959,300,3086.918331
153.25484,400,3088.780227
62.995589,341,3089.606864
435.308318,341,3091.321547
67.257579,192,3091.778837
-67.424842,400,3093.700527
69.705491,200,3095.281018
97.806898,225,3095.69192
-40.244745,400,3097.722139
-59.139545,400,3099.674045
-52.195264,400,3100.563498
1071.014894,300,3102.219659
59.376144,341,3104.139539
389.511422,336,3104.934136
351.078278,189,3106.393193
233.298523,1,3106.433904
-64.421282,400,3107.28286
1067.470407,300,3108.909498
512.809207,341,3110.634691
559.631477,341,3111.253753
279.770987,400,3113.257529
375.52131,201,3114.777725
-197.20704,341,3115.503494
883.739883,400,3117.344116
71.709778,202,3117.755464
77.985713,232,3119.291868
-11.993772,4,3119.336545
76.800056,264,3119.961647
343.721578,186,3121.335739
1067.725425,300,3121.962177
290.860251,400,3123.865472
-38.424709,400,3125.79284
157.229897,341,3127.510909
503.337568,300,3128.211796
333.548119,182,3128.872475
-2.384983,341,3130.629219
56.22407,186,3132.099674
-25.353852,16,3132.159264
73.746372,284,3132.730284
233.298523,1,3132.768107
233.298309,1,3132.805429
488.652826,341,3134.541456
-95.061244,300,3135.282604
233.298523,1,3135.320429
131.883658,400,3137.131025
1068.087038,300,3138.831646
388.9752,207,3139.216782
860.362946,283,3140.887829
-13.930785,12,3140.941392
526.081334,341,3141.748644
-63.364296,400,3143.74429
4.064405,12,3143.801807
22.948578,21,3143.876084
341.725309,184,3145.353592
233.298523,1,3145.391232
2.135517,11,3145.441885
1072.712949,300,3146.108398
29.790126,341,3147.950657
407.089117,219,3148.384764
85.395828,266,3149.949786
372.917847,201,3150.392207
445.066734,239,3151.889378
115.12949,400,3152.765086
71.675969,338,3154.442429
-21.042426,6,3154.52276
69.206792,306,3156.179667
359.096045,199,3156.69576
574.049032,295,3158.398962
175.853742,365,3159.119325
141.713389,341,3160.873831
188.893123,378,3162.681217
233.298523,1,3162.721855
105.543008,400,3164.631734
895.679153,300,3165.221827
-31.697486,33,3165.342532
455.96475,300,3167.061713
121.514813,400,3168.863534
357.295589,341,3169.597513
34.358744,341,3171.343963
447.8077,341,3173.152525
-24.892505,20,3173.217874
-42.884303,300,3173.800733
442.181514,235,3175.363902
-19.499866,1,3175.400666
293.723881,400,3176.178402
163.942749,341,3178.024657
-23.619116,9,3178.078168
515.668896,341,3179.839355
374.002703,341,3180.495568
233.298523,1,3180.533711
82.094234,312,3182.240036
89.373995,400,3184.145922
-313.308134,341,3186.009528
150.265774,341,3186.749408
893.585953,400,3188.609455
304.586247,175,3189.034672
-59.057956,300,3190.702777
157.663413,341,3192.51569
83.011214,400,3193.454583
159.366128,341,3195.348374
135.30674,341,3197.144782
82.428015,286,3197.723055
155.484478,290,3199.424754
444.04109,237,3200.056707
397.294465,213,3201.559142
133.113802,341,3202.281892
233.298523,1,3202.319707
159.806267,341,3204.035247
146.224518,341,3205.826104
516.495174,341,3206.605083
445.643499,240,3208.33882
-35.8501,300,3209.025371
-97.141685,341,3210.719147
44.473147,32,3210.804467
427.935758,229,3212.477546
1066.926396,300,3213.073616
233.298523,1,3213.111356
142.134923,341,3214.987571
233.298523,1,3215.025391
-18.001805,300,3215.759972
1102.983973,300,3217.383915
156.896451,341,3219.286733
-40.378203,400,3220.201812
768.854234,262,3221.83979
86.741993,261,3222.439655
905.986658,400,3224.562875
448.658747,242,3226.175525
414.790277,221,3226.691686
233.298523,1,3226.729283
565.170407,341,3228.567118
558.947024,341,3230.602247
57.0578,172,3230.990596
180.736812,347,3232.830394
84.881376,239,3233.377563
494.634097,300,3235.139546
67.495265,237,3235.527736
80.43667,289,3237.219318
-48.279964,300,3237.853462
69.314765,258,3239.41165
-22.403662,12,3239.464562
-63.48543,400,3240.40549
92.797049,289,3242.078631
-73.302033,400,3243.980277
-22.504893,29,3244.094477
475.722275,243,3244.633739
286.013104,156,3246.032948
1.124567,10,3246.08265
-53.776082,400,3246.869498
-15.030636,9,3246.920085
157.214761,341,3248.738902
-70.486943,400,3250.605376
393.323595,212,3251.030709
233.298523,1,3251.068548
403.155568,270,3252.690037
119.920346,341,3254.417985
-17.495552,9,3254.467011
523.685053,300,3255.156739
910.302607,400,3257.045833
526.698079,341,3258.854051
81.215703,251,3259.460767
529.100124,300,3261.172008
375.308598,207,3261.628011
913.681618,400,3263.555939
177.22326,341,3265.489802
397.70582,216,3265.952588
-52.915776,300,3267.701433
172.259,341,3268.363303
1045.865459,300,3270.074394
233.298523,1,3270.112689
521.353398,300,3270.707691
94.998732,400,3272.653453
6.093049,13,3272.710489
45.326558,122,3272.986008
-20.067983,1,3273.023504
-15.212633,341,3274.875601
477.997979,341,3276.854136
-47.815675,400,3278.872291
-25.456171,300,3279.529919
123.285667,341,3281.343719
68.162283,261,3281.948326
-26.650799,25,3282.02487
396.202785,215,3283.487582
392.98148,341,3284.400771
149.84493,341,3286.144885
69.984773,269,3287.904542
148.334001,341,3288.922077
396.788167,218,3290.431385
469.29554,300,3291.232534
233.298523,1,3291.27485
-13.057547,300,3293.054767
406.998143,217,3293.526293
-37.79149,400,3295.474142
82.531448,341,3297.256144
-22.597604,300,3297.870477
-27.843536,30,3297.965409
90.804535,341,3299.776443
-13.404542,13,3299.835809
-20.161009,5,3299.88294
-31.218568,300,3301.561361
431.827655,230,3302.096608
511.930367,341,3303.883888
171.047229,341,3304.629211
373.350603,200,3306.116433
172.022863,341,3307.853572
74.403249,341,3308.569377
422.760667,300,3310.431299
233.298523,1,3310.473745
233.298309,1,3310.515548
26.419734,341,3311.261551
158.861174,291,3312.966659
449.877127,341,3314.744222
406.757953,300,3315.523903
-76.49855,300,3317.160434
158.552316,341,3319.019462
433.976009,300,3319.6356
1030.776381,300,3321.410203
68.72249,339,3322.200933
144.82757,341,3324.116849
-81.410884,112,3324.403851
214.920379,1,3324.446227
12.197204,17,3324.51272
1047.02968,300,3326.156813
405.460542,222,3326.89548
625.97853,311,3328.664597
333.755601,172,3329.106564
115.351952,261,3330.698001
450.065918,238,3331.246631
364.377599,194,3332.859622
55.820063,341,3333.634202
142.685735,341,3335.445418
233.298523,1,3335.489216
445.372256,341,3337.336397
-22.161779,9,3337.432478
1393.980448,294,3338.080562
8.02337,14,3338.145199
122.447894,400,3340.117979
-19.500002,1,3340.163085
-13.827887,13,3340.269205
-1.666242,300,3342.02953
233.298523,1,3342.071846
-39.065305,400,3342.883205
142.990634,341,3344.718411
130.490216,341,3346.596457
910.392026,400,3348.641211
-5.740907,23,3348.717691
440.893869,253,3349.297735
-10.471489,77,3349.49506
46.086175,400,3351.374155
154.129565,341,3353.132592
367.767496,199,3353.59428
-11.16431,16,3353.659092
-30.621572,35,3353.749546
233.298523,1,3353.791131
2.175037,300,3355.519854
449.306217,254,3356.063867
540.105476,341,3357.819982
-48.564872,300,3358.500159
-46.048095,400,3360.508099
51.8535,218,3362.049465
1044.325982,300,3362.657401
432.908039,300,3364.456193
166.590173,400,3366.516434
458.224884,300,3367.232989
144.496279,341,3369.093451
20.201863,20,3369.16465
-10.254915,300,3369.789452
776.673879,389,3371.647105
233.298523,1,3371.689188
52.775779,215,3373.239302
68.925801,172,3373.654879
1042.58527,300,3375.379309
157.818959,341,3376.211726
147.180075,341,3378.131097
-50.701985,400,3380.382605
233.298523,1,3380.425172
60.352855,217,3381.032938
233.298523,1,3381.075179
1050.298365,300,3382.825392
347.969559,187,3383.261748
628.014977,341,3385.21222
51.146717,267,3385.860917
-22.433456,11,3385.91902
-16.138154,13,3385.977714
383.185284,206,3387.430845
-24.227998,17,3387.496861
439.286233,300,3388.149263
233.298379,1,3388.191591
57.163294,218,3389.791739
-41.769325,300,3390.445883
390.586174,205,3391.935423
499.591988,263,3392.459776
20.244489,20,3392.530508
-7.233592,30,3392.694164
-30.963288,300,3394.484006
-14.91567,10,3394.539016
59.168939,211,3395.062781
-1.832325,300,3396.850779
501.410089,341,3398.726692
34.507096,27,3398.847746
147.38139,400,3399.809083
90.795653,341,3401.581564
-12.269577,300,3403.305827
141.105616,341,3404.100185
233.298523,1,3404.142761
266.488903,300,3405.900348
-28.811962,32,3406.000409
179.434123,394,3407.961668
206.120756,1,3408.004293
889.94336,400,3410.349318
132.407221,341,3411.219225
122.304415,341,3413.04245
-11.216859,300,3414.699174
-4.537043,300,3415.407847
233.298523,1,3415.450217
341.855714,184,3415.806427
1049.952639,300,3417.446072
608.553612,304,3419.20885
138.605159,292,3420.09565
378.010642,341,3421.912362
25.143418,22,3421.994801
233.298523,1,3422.036412
158.689577,300,3423.855995
116.55486,400,3424.799159
151.832852,341,3426.548581
-34.083497,400,3428.438882
-4.420952,300,3429.166323
56.721826,187,3430.592506
233.298523,1,3430.634826
-7.282867,6,3430.683128
891.936792,400,3431.660777
334.376642,180,3433.076228
144.944099,341,3434.854514
367.005939,200,3435.31879
515.387583,341,3437.13464
176.091935,300,3437.756332
-8.475166,29,3437.879675
-19.453219,300,3439.575173
141.107383,341,3440.372039
234.511496,1,3440.414516
156.336006,341,3442.34616
-13.193223,11,3442.407295
-1.831774,300,3444.078192
123.475525,341,3444.917263
124.386516,341,3446.697459
-23.360228,14,3446.762174
-22.759654,13,3446.821429
321.64095,334,3448.602343
145.643057,400,3450.553547
233.298599,1,3450.597322
84.65667,290,3451.319175
149.576866,400,3453.196463
139.159481,341,3455.243567
8.121244,14,3455.305157
1062.493359,300,3455.888473
233.298523,1,3455.930491
64.420005,236,3457.471577
233.298523,1,3457.513825
37.48206,28,3457.595076
381.745135,300,3458.317634
84.499784,396,3460.234587
-18.000343,1,3460.27577
-26.281597,20,3460.344068
-17.983858,1,3460.386878
-21.946353,6,3460.43674
175.263572,341,3462.260794
416.700631,341,3463.085402
373.328709,341,3464.878418
504.512086,341,3466.747261
155.208269,341,3467.498237
64.462908,266,3469.079515
-13.621631,14,3469.14186
151.005748,341,3471.008934
629.500304,341,3471.728004
168.250687,341,3473.500173
-33.002253,341,3475.424816
-5.023649,29,3475.508553
507.001697,300,3476.16437
-75.597918,341,3477.970735
-26.901985,28,3478.054718
-3.162713,300,3479.907819
150.936235,400,3481.009853
146.269322,341,3482.835166
-20.783828,4,3482.881432
32.008561,30,3482.965902
490.18164,341,3484.71128
365.203992,196,3485.246035
163.091017,341,3487.059897
168.738724,341,3487.809942
414.945327,227,3489.316669
-21.975911,2,3489.360776
-49.586893,20,3489.4343
501.412261,253,3490.085889
-21.507997,1,3490.127418
152.206943,341,3491.858033
-18.998566,2,3491.900916
294.898162,400,3493.74195
212.430435,1,3493.784672
-96.60789,300,3495.505344
233.298523,1,3495.547835
1056.029551,300,3496.245335
61.902447,280,3498.058169
233.298637,1,3498.10064
299.626062,400,3499.108498
-47.06729,124,3500.450061
66.140302,313,3501.144788
-20.192753,9,3501.200217
3.971228,300,3503.011693
233.298523,1,3503.053981
5.661396,300,3503.805495
160.79738,341,3505.678685
233.298523,1,3505.720948
47.493038,136,3505.998404
-16.005841,2,3506.041051
1072.612644,300,3507.734683
489.33901,341,3509.591989
-9.828021,23,3509.665184
175.44658,341,3510.427417
-71.596727,400,3512.256875
230.060397,1,3512.302097
420.464304,230,3513.859336
233.298523,1,3513.901465
233.298523,1,3513.943302
887.950751,400,3514.832284
430.612191,231,3516.410918
1057.542351,300,3517.031197
233.298523,1,3517.073416
228.778547,1,3517.115157
22.162775,22,3517.230208
117.000313,400,3519.103843
457.172358,246,3520.736587
22.071753,21,3520.80913
-17.13068,300,3521.427663
107.835448,341,3523.254214
154.118552,341,3525.027911
58.535436,223,3525.499002
76.556193,328,3527.278311
-18.006501,2,3527.321138
216.897146,1,3527.363198
112.578067,400,3529.424379
233.298523,1,3529.470004
506.508586,341,3530.143866
-89.475033,202,3531.693944
517.940715,341,3532.620264
400.456736,217,3534.167673
448.489689,341,3534.996764
121.909621,275,3536.630232
-23.023661,6,3536.681527
80.972452,252,3537.369328
551.127385,341,3539.269069
-22.768263,11,3539.327065
400.938537,215,3540.787032
521.864078,272,3541.397174
369.622613,198,3541.816045
307.055851,400,3543.794928
101.697924,400,3545.738624
-39.448689,300,3547.434207
342.030341,184,3547.925385
69.144633,242,3548.569143
165.295605,400,3550.558184
-20.503223,3,3550.603247
-22.353465,11,3550.664042
-20.213977,1,3550.704852
64.743809,221,3552.235272
-20.103116,1,3552.277925
341.628729,192,3552.680992
57.073944,204,3553.176413
54.65414,341,3554.967829
-20.069767,1,3555.009671
-49.977195,400,3557.066406
-25.374019,300,3557.744673
401.097853,215,3559.254328
-15.998627,2,3559.296747
444.783564,300,3559.909874
673.365103,341,3561.805072
290.02279,400,3563.803648
423.373678,300,3565.590495
54.270702,147,3565.849059
-67.648864,400,3567.79393
-19.500002,1,3567.835237
-6.029443,341,3568.605127
283.349063,156,3569.987384
-123.120745,341,3570.66219
279.043656,400,3572.536943
1.815867,228,3573.077618
-12.79266,13,3573.138417
-9.294562,29,3574.286193
-19.455998,1,3574.328491
310.964844,172,3574.754498
441.524611,240,3575.275295
-30.750214,300,3576.942189
-30.119658,400,3578.945622
370.223812,341,3579.778344
136.429685,285,3581.396026
1055.844484,300,3583.087963
-45.089487,198,3583.585563
-35.382816,400,3585.505064
227.974014,1,3585.547592
26.633879,22,3585.621334
145.872814,290,3586.217975
140.277948,400,3588.083941
-36.545909,47,3588.232747
435.667265,300,3590.049378
398.426162,300,3590.72773
137.748403,341,3592.423819
75.391171,326,3594.247422
85.918851,341,3594.890374
-17.947722,1,3594.932994
123.135371,341,3596.82246
251.254833,278,3598.507299
381.159111,202,3598.926309
178.322402,341,3600.765092
486.595212,341,3601.746885
71.923965,308,3603.780378
233.298523,1,3603.822706
487.69468,341,3605.704759
-52.131183,300,3606.355319
890.779656,400,3608.415112
149.873137,341,3610.231812
2.142808,300,3610.934089
233.298523,1,3610.976251
214.83005,341,3612.793991
30.609673,341,3613.551944
289.870686,400,3615.531541
41.442712,32,3615.630743
-36.403091,400,3617.503402
441.556684,341,3619.344076
135.364119,341,3620.18735
-8.40178,21,3620.261177
-32.405407,400,3622.387297
-27.293912,28,3622.479774
143.250292,341,3624.33814
431.452732,341,3626.169502
405.43155,341,3626.934512
149.478219,298,3628.683821
142.397625,341,3630.503418
493.102135,341,3631.265976
-128.872735,267,3632.843798
337.181201,341,3633.623442
869.726268,300,3635.385788
599.791674,341,3637.123797
80.578472,229,3637.724553
233.298487,1,3637.766634
390.475093,212,3639.369057
-19.348604,1,3639.410339
-19.006856,2,3639.455453
142.374618,298,3640.151632
333.938806,170,3640.62277
-5.163577,300,3642.370847
-24.612909,23,3642.454776
233.298523,1,3642.498898
387.192226,341,3644.366492
305.915524,317,3645.133824
413.519608,300,3646.745329
72.932046,223,3647.248811
-49.150907,300,3649.07364
271.376866,400,3651.10609
-18.713121,300,3651.789551
-121.233344,274,3653.590608
155.291823,341,3655.439787
-16.18039,7,3655.49196
290.659673,400,3656.417812
58.9436,202,3658.032019
62.912346,332,3658.911404
233.298523,1,3658.955366
-17.848715,1,3658.997718
-96.546275,238,3660.578207
71.20338,219,3661.022018
9.292588,341,3662.940892
233.298523,1,3662.983339
233.298523,1,3663.025463
-115.085303,302,3664.817434
-27.621879,5,3664.865456
142.480345,341,3665.538839
-106.113987,284,3667.229785
114.504596,400,3669.138195
1073.09425,300,3669.760152
172.478831,341,3671.545481
355.565086,341,3672.226675
314.389593,174,3673.673241
128.603216,341,3674.435792
302.73313,195,3675.916736
1081.886122,300,3676.539616
171.230478,341,3678.334436
-27.657596,300,3680.086507
233.462101,1,3680.128905
-101.294453,228,3680.672384
896.574246,400,3682.712998
898.387954,400,3684.775094
217.979741,1,3684.817707
150.550536,341,3685.576683
317.856558,400,3687.42961
221.090275,1,3687.472808
534.171754,341,3689.292432
233.298523,1,3689.334771
-60.553764,300,3690.114202
-22.694926,11,3690.214432
270.554384,341,3692.008112
-16.319225,300,3693.772962
233.298523,1,3693.815163
160.58575,341,3694.56874
495.943948,300,3696.308417
-118.17996,400,3698.223364
128.729876,305,3698.890563
-19.452546,1,3698.933301
31.301139,25,3699.019302
-3.281135,300,3700.735423
-16.291263,300,3702.418998
166.092654,341,3703.164866
233.298523,1,3703.209402
30.71952,400,3705.249066
299.403701,400,3707.197961
151.480369,307,3707.917999
54.108491,237,3709.542493
205.667367,1,3709.584974
168.289613,341,3710.337166
-8.790273,300,3712.106637
52.356745,341,3714.011608
-43.708896,341,3714.768553
348.319319,190,3716.236567
-14.295025,13,3716.297877
-101.427767,300,3716.986956
633.540814,341,3718.758365
-211.202699,341,3720.624361
-323.112006,341,3721.368825
1012.695895,300,3723.056262
-395.750189,341,3724.804243
-5.082869,36,3724.896564
40.398163,400,3725.816983
-19.448477,1,3725.860038
333.986228,180,3727.491629
420.663529,228,3728.071899
-15.894666,2,3728.116105
337.198714,184,3729.500283
617.960309,313,3730.141301
891.145663,400,3732.112445
389.312011,211,3732.562342
454.027245,300,3734.261179
167.464322,341,3736.123207
180.061352,99,3736.431137
333.836347,183,3736.794518
304.06683,158,3738.388344
160.813132,341,3739.270859
-21.814637,10,3739.327298
-81.659956,400,3741.274433
-20.959366,4,3741.321478
131.795186,341,3743.060654
233.298523,1,3743.102883
293.198024,400,3744.061658
81.174262,341,3745.917031
327.97844,218,3747.346594
-49.14012,400,3748.322636
31.097018,400,3750.161258
-18.896778,2,3750.207904
233.298523,1,3750.249693
391.382333,209,3751.803872
183.874446,359,3752.596001
211.367542,1,3752.638251
398.73657,300,3754.282384
-20.969136,4,3754.330178
59.963755,341,3756.261768
93.860873,341,3757.053171
-17.59053,300,3758.709792
-12.863579,14,3758.770323
-6.259619,28,3758.937623
-202.763882,341,3760.768683
505.487525,261,3761.41862
378.736311,341,3763.233798
131.860833,341,3764.13756
-26.983636,400,3765.964974
443.051511,244,3767.625639
7.291878,400,3768.545858
-57.928945,400,3770.596777
358.604859,300,3772.297994
896.849467,400,3774.417247
-19.500002,1,3774.460757
428.389122,229,3774.934946
142.554234,310,3776.916103
-13.227703,11,3776.973326
72.570687,400,3777.779352
-1.901719,9,3777.833594
1075.822469,300,3779.615458
894.279327,400,3781.572573
292.791572,341,3782.347638
71.733678,321,3784.34473
-12.01035,300,3786.042354
233.298523,1,3786.084706
-32.020628,400,3787.11406
62.593695,400,3789.046322
-21.557342,1,3789.087779
731.747232,363,3790.92753
337.944395,300,3792.656377
620.214278,309,3793.482665
233.298523,1,3793.5248
-21.65635,7,3793.578332
-2.042237,15,3793.643291
38.308904,121,3794.060491
33.906518,26,3794.145474
318.632862,300,3795.823849
373.87402,204,3796.365586
353.474404,190,3797.789527
160.805233,341,3798.599259
233.298523,1,3798.641868
162.129668,341,3800.37632
42.803119,31,3800.474061
387.596046,341,3802.332239
-12.598503,11,3802.392107
116.967741,341,3804.239879
85.31559,400,3805.143349
444.32597,238,3806.68486
-57.719418,326,3807.384295
251.576831,341,3809.209556
66.124331,400,3811.208329
58.002002,296,3811.917788
233.298523,1,3811.960136
142.147773,341,3813.809465
-23.720206,15,3813.877706
164.059576,341,3815.645944
213.326081,1,3815.690956
230.847962,1,3815.73296
-13.998032,3,3815.777305
160.037555,341,3817.559283
542.487757,341,3818.269913
74.242048,46,3818.376534
162.107281,341,3820.230393
292.661126,341,3821.971092
233.298309,1,3822.013435
74.430591,400,3822.869538
169.053829,341,3824.64107
332.629408,341,3826.480281
331.724968,341,3827.237527
233.298523,1,3827.282094
233.298523,1,3827.323878
-4.527688,300,3828.960882
444.144728,237,3829.474981
373.07668,341,3831.217647
-51.428871,388,3833.215983
227.434634,1,3833.25819
171.16495,341,3834.954035
55.377345,400,3835.802966
71.922158,400,3837.648791
159.743276,341,3839.431028
-21.215527,5,3839.481944
159.773189,341,3840.261885
-64.160026,300,3841.982722
49.887925,225,3842.445382
203.730225,108,3843.796416
-26.256326,25,3843.918067
208.643724,1,3843.960253
288.185337,400,3845.981329
-34.76323,400,3846.754716
-9.784562,20,3846.824428
19.369832,300,3848.518576
59.280757,246,3849.058987
164.944075,341,3850.957315
-80.436441,153,3851.346602
-31.603624,400,3853.173244
158.846007,314,3854.872953
899.572418,400,3856.765559
166.344045,341,3857.485524
177.17008,341,3859.254355
286.742002,341,3861.074528
383.40067,207,3861.547087
233.298523,1,3861.588994
446.328378,300,3863.261444
207.28861,114,3863.520442
-11.709033,15,3863.58236
252.967856,341,3864.333915
99.056814,400,3866.338831
157.240512,341,3868.070406
417.621555,223,3868.594773
-9.125469,300,3870.323607
281.621198,341,3872.161195
233.298309,1,3872.203729
151.796685,303,3872.835168
122.449421,400,3874.69329
564.890235,341,3876.467591
237.257217,1,3876.510383
151.399366,341,3877.226858
3.399932,280,3878.950555
151.325688,341,3880.836513
428.415629,230,3881.269268
216.450929,1,3881.311909
102.651254,341,3883.133378
-34.464726,400,3884.020787
185.867349,389,3886.068571
-31.516485,300,3887.891019
605.88771,302,3888.736675
496.732713,300,3890.545269
1083.102797,300,3892.402397
431.810693,234,3892.848822
444.9513,242,3893.443305
-24.217462,18,3893.511813
-4.593128,300,3895.352726
523.031406,341,3897.216275
409.081351,285,3897.849653
542.024386,341,3899.682521
-106.241146,400,3901.940557
233.298309,1,3901.983021
-50.77878,20,3902.052684
-18.797636,300,3902.641798
-32.50776,176,3904.155956
480.404433,300,3904.820512
429.447303,236,3906.39289
-20.517588,2,3906.437352
354.821844,193,3906.982544
-7.402657,341,3908.787706
233.298523,1,3908.82997
1037.958473,300,3909.510515
406.506109,218,3911.219467
905.238565,400,3913.23701
72.711646,234,3913.805659
168.699634,400,3915.878751
422.669939,227,3916.351253
233.298523,1,3916.395769
-73.303233,400,3918.270985
224.545289,1,3918.313407
-14.580873,341,3920.085405
721.957268,369,3921.03265
278.766672,400,3923.039635
259.380139,191,3924.562084
-49.653689,300,3925.28922
-3.27485,32,3925.390458
-23.245225,20,3925.467024
175.705766,341,3927.333089
64.877139,264,3927.893656
58.739224,237,3929.59824
410.407136,220,3930.050083
-20.000441,1,3930.091244
116.686308,341,3931.977378
8.739146,14,3932.043925
461.00362,300,3933.798315
-3.973586,9,3933.853424
-58.735599,400,3934.972631
-17.902346,4,3935.018743
698.202858,358,3936.796283
563.143427,341,3938.614923
76.461669,177,3938.970414
211.235913,1,3939.012659
400.022227,341,3940.986686
1061.231504,300,3942.021365
159.994456,341,3943.736883
413.239768,341,3945.634175
-16.689376,6,3945.684488
58.689352,196,3946.244534
69.40252,175,3946.615647
418.700422,341,3948.383385
538.793752,341,3950.263544
233.298523,1,3950.308306
39.055472,29,3950.433575
-30.900816,300,3951.123331
233.298523,1,3951.165522
-11.151304,16,3951.229719
900.157896,400,3953.211948
233.298523,1,3953.254394
491.149958,341,3954.9864
-5.718095,30,3955.070542
144.79604,341,3956.877624
233.298523,1,3956.919977
-14.655741,12,3956.977961
-18.49197,5,3957.025234
-31.970694,400,3957.963773
360.78175,200,3959.500438
62.539455,289,3960.403172
902.966694,400,3962.231282
-11.9221,13,3962.292902
233.298523,1,3962.334725
173.850495,341,3964.464841
358.177362,204,3965.072293
206.439192,1,3965.114317
748.163749,376,3967.022321
302.294323,400,3969.013326
-6.147733,27,3969.134042
-15.634996,14,3969.19423
145.33691,341,3970.96994
168.971639,341,3971.729256
-21.213888,5,3971.778193
160.021398,320,3973.482253
467.282409,300,3974.225762
172.463335,341,3976.013619
292.893664,160,3976.415971
44.322162,32,3977.571064
-54.224654,400,3978.542341
897.166431,400,3980.536242
155.141426,341,3982.374145
67.880785,267,3983.151242
279.02623,400,3985.150237
4.548338,14,3985.256764
224.478922,1,3985.298989
556.947767,299,3987.031161
-103.927056,300,3987.791304
11.793598,15,3987.898137
-8.822019,22,3987.971848
277.714876,400,3990.020557
218.95124,1,3990.062879
217.341177,1,3990.10485
35.726162,341,3992.110996
136.40798,341,3992.906332
187.026524,392,3994.859409
41.485922,30,3994.996997
412.049385,341,3996.855588
63.439578,244,3997.46705
-79.677237,341,3999.296485
-15.894636,2,3999.340762
-81.12257,400,4001.376643
38.66767,31,4001.461867
420.065006,300,4002.194323
-48.353515,341,4004.050924
-26.049508,202,4005.544507
525.776513,284,4006.288051
-70.767592,300,4008.002847
-10.921301,18,4008.070132
902.64599,300,4008.653931
332.456045,190,4010.217132
307.921995,176,4010.650925
951.01132,300,4012.366471
154.093511,341,4013.152333
317.252454,193,4014.677752
489.327825,300,4015.332694
78.119616,307,4017.034635
159.738738,341,4018.904644
77.388752,254,4019.419005
304.021722,175,4019.807107
167.119586,99,4021.110622
861.159263,400,4021.999393
759.613393,396,4023.968875
308.549573,179,4024.410115
171.135242,341,4026.237857
-43.435592,400,4028.138452
20.176315,20,4028.295142
-64.251198,300,4030.033813
-66.260528,300,4030.782612
-5.15948,33,4030.883291
294.753926,400,4032.830846
208.381776,1,4032.873266
131.297443,290,4034.687747
-1.814887,9,4034.744704
267.634277,341,4035.565629
-27.207349,21,4035.643913
302.073184,172,4037.113012
-20.477817,2,4037.15685
393.762187,221,4037.571234
209.701082,1,4037.613805
115.632647,341,4039.521626
416.071807,341,4040.324383
-115.914865,279,4042.127999
1006.143063,300,4042.928571
-18.384611,300,4044.767202
-16.916519,5,4044.815052
170.495895,341,4046.678099
822.682586,281,4047.337489
437.550261,300,4049.089713
401.517853,226,4049.655753
535.26507,341,4051.420152
122.364864,341,4053.300616
489.487312,254,4053.921232
411.513009,341,4055.740851
1042.852212,300,4056.391325
62.723293,256,4058.092585
1032.564925,300,4058.784657
77.006295,250,4060.346118
490.675847,300,4062.122563
460.112185,249,4062.625342
74.431636,232,4063.146023
-8.830449,29,4064.297905
398.897924,226,4064.796957
445.697455,243,4065.31099
-23.124496,20,4066.565409
79.860322,227,4067.124914
25.061882,22,4067.242862
224.478864,1,4067.287611
576.539443,294,4069.125608
60.707855,212,4069.572816
-20.237172,1,4069.615245
556.53133,341,4071.53939
151.162289,341,4072.514763
-120.716707,290,4074.249957
-28.92363,26,4074.331175
367.628718,208,4074.807799
36.723861,29,4074.931524
282.674549,400,4076.95629
-20.325818,1,4076.999719
1056.855678,300,4078.938459
436.670369,341,4079.815588
-47.984387,89,4081.092818
512.388359,341,4081.795456
361.852306,216,4083.424986
-49.436623,22,4083.537923
85.566638,290,4084.174963
64.364493,219,4085.645957
-77.96344,300,4086.355437
-21.185517,7,4086.407517
469.770439,341,4088.317729
1036.655404,300,4090.136256
-50.826457,317,4090.76929
539.366391,281,4092.422764
59.262709,233,4092.928578
233.298309,1,4092.971108
467.222639,341,4094.903807
-138.185591,381,4096.921531
40.258317,30,4097.056354
109.036488,341,4097.831866
1009.060493,300,4099.580359
98.075358,341,4101.470794
1043.349586,300,4102.204876
-25.97042,15,4102.312429
233.298523,1,4102.354507
-16.892535,6,4102.403102
708.209545,370,4104.308812
-11.54846,300,4106.082939
475.618676,341,4106.892507
-23.34614,14,4106.958446
108.09248,341,4108.833968
-17.561448,300,4109.547586
233.298309,1,4109.590746
21.414993,341,4111.492031
6.676681,13,4111.556139
162.620553,341,4113.362037
543.661987,300,4114.101777
-12.326266,14,4114.162364
233.298523,1,4114.204207
-145.077524,386,4116.183598
-28.783423,29,4116.280483
888.753704,300,4118.155483
233.298523,1,4118.197793
890.810758,400,4120.205641
-19.381155,1,4120.247147
-115.043528,292,4120.890736
112.949608,400,4122.965789
699.866303,261,4123.607768
-20.970945,4,4123.65553
-20.2362,1,4123.697758
212.871648,1,4124.802354
-6.020753,10,4124.857721
-21.68857,300,4125.644299
-121.675117,359,4127.602258
136.109024,287,4128.37141
-55.21414,400,4130.392186
-6.572395,26,4130.474103
484.077704,253,4132.099332
159.246163,341,4132.77364
120.249856,400,4134.719147
98.664004,230,4136.340947
81.482034,270,4136.99641
865.962046,400,4139.037874
210.134115,1,4139.080462
18.205085,19,4139.155145
233.298523,1,4139.196814
69.544076,210,4139.707708
233.298523,1,4139.749911
304.048657,169,4141.190786
141.583217,341,4141.863841
128.959894,341,4143.7125
61.56111,230,4144.212835
339.901969,187,4145.718783
233.298523,1,4145.760751
63.965095,179,4146.15439
-11.021995,23,4146.236725
-19.500002,1,4146.277627
490.874176,300,4148.040185
-17.250372,5,4148.089324
-21.285411,19,4148.195623
366.669453,341,4150.177541
233.298523,1,4150.22005
-72.272376,300,4150.88533
-116.808305,238,4152.5471
-29.576093,32,4152.676348
-7.648435,24,4152.752212
-38.293045,400,4153.554246
-38.551793,400,4155.519316
-29.799668,33,4155.611589
103.56239,246,4157.208245
233.298523,1,4157.2503
-17.880673,1,4157.290952
-68.91444,300,4157.944502
410.288042,219,4159.574137
208.827686,1,4159.616648
207.8933,1,4159.658514
588.02077,341,4160.376819
156.114669,341,4162.196258
-12.155205,36,4162.344928
1023.233789,300,4164.089737
428.963146,233,4164.745793
627.247216,341,4166.496145
211.207395,1,4166.54128
75.841742,284,4167.295904
290.958932,162,4168.724523
1159.404795,300,4169.446502
382.469142,300,4171.22073
-5.580487,30,4171.317006
233.298309,1,4171.359352
0.711508,42,4171.556475
233.298288,1,4171.599476
-17.369785,5,4171.647618
521.974106,341,4173.385305
1172.2959,300,4174.168714
-15.019289,9,4174.224544
233.298523,1,4174.266194
468.887264,249,4175.868528
429.806506,248,4176.404172
1046.611089,300,4178.361637
-16.383658,9,4178.416921
-20.893196,13,4178.47817
-80.483155,300,4180.23918
102.882078,241,4180.851222
428.999624,221,4181.314821
-43.296822,400,4183.401015
233.298523,1,4183.443177
430.74205,300,4185.114563
144.289859,341,4186.860595
-44.659473,400,4187.791607
519.834661,341,4189.656838
-30.880965,400,4191.564717
-20.162059,1,4191.60761
452.682269,234,4192.050597
-25.024204,17,4192.158567
233.298523,1,4192.200836
142.641318,341,4194.103763
426.843766,240,4194.612931
-73.220614,300,4196.325753
133.802922,341,4198.111502
-35.788897,400,4198.972337
-27.687941,400,4201.024057
68.071976,341,4203.001204
436.549294,252,4203.611295
465.962001,238,4205.202361
401.031599,210,4205.676632
-13.965433,300,4207.307613
62.620656,275,4207.994774
321.98648,179,4209.419076
147.264016,400,4210.290566
74.77249,54,4211.477029
339.389052,190,4211.962579
-33.53977,300,4213.568012
76.040573,341,4214.456584
12.846656,16,4214.530446
-20.060329,1,4214.572495
535.577069,341,4216.557084
-12.260436,19,4216.632394
96.994232,328,4218.477723
70.210167,228,4218.992437
454.936201,300,4220.75137
170.439659,341,4221.508935
275.049565,400,4223.64925
411.961949,341,4225.640526
489.054695,341,4226.295827
157.724385,341,4228.121484
288.04555,400,4230.11335
430.5157,230,4230.673149
156.394012,341,4232.482557
-36.108884,400,4234.419847
486.632066,341,4235.191733
74.53622,341,4237.019628
14.657037,300,4238.74081
53.202857,341,4239.503079
642.060305,335,4241.239872
-4.549412,9,4241.293753
39.256635,29,4241.375775
898.329036,400,4243.280631
937.462505,300,4243.954113
-29.984593,400,4246.158468
-31.499253,400,4248.140865
-36.852689,400,4250.193709
233.298523,1,4250.235889
-20.749803,9,4250.288543
-21.437867,6,4250.338192
-179.701666,341,4251.126877
225.493767,1,4251.16918
-22.974347,16,4251.232527
-20.006348,1,4251.273356
-115.837245,300,4252.918308
539.539959,341,4254.841497
10.624777,15,4254.945041
375.927218,207,4255.339872
485.989835,257,4256.995565
-20.231883,1,4257.036677
-23.39064,9,4257.090031
-11.009192,400,4258.015388
469.257378,300,4259.802899
-19.624213,400,4261.771858
-21.532997,1,4261.81593
143.574113,341,4263.81536
-18.000414,1,4263.856981
143.543525,341,4264.528588
444.644521,246,4266.082591
-77.680945,300,4266.705681
-91.286386,400,4268.663867
321.748778,177,4269.188612
233.298523,1,4269.230727
163.183889,341,4271.051039
396.332087,341,4272.898217
414.932339,341,4273.715292
532.401601,341,4275.468346
9.996737,15,4275.53075
404.59621,341,4277.296415
288.596115,341,4277.970806
-25.234141,21,4278.044197
78.547861,340,4279.793471
232.043386,1,4279.835809
396.804479,221,4281.407018
299.971846,341,4282.14593
410.865542,225,4283.716244
-29.441991,31,4283.804242
-19.45549,400,4284.682439
86.858291,188,4286.194734
163.141439,341,4287.992566
165.564152,400,4288.88896
161.029646,341,4290.719646
898.708168,400,4292.630883
-78.950126,300,4293.247581
462.023989,300,4294.918087
328.549692,185,4295.40158
1183.314621,300,4297.006124
457.771448,252,4297.690845
-17.829745,1,4297.73244
901.172321,400,4299.562507
-17.988588,4,4299.608459
-5.658931,7,4299.660135
164.727094,341,4301.533019
-23.634363,9,4301.587897
-24.510994,300,4302.249857
-44.728905,300,4303.925482
208.087033,1,4303.967854
60.36726,249,4305.52295
396.776868,215,4306.010244
921.614181,292,4307.780346
235.895898,1,4307.822922
226.444776,1,4307.864709
-20.064588,1,4307.905403
-22.19804,3,4307.95083
501.914754,341,4308.722275
156.465814,341,4310.575339
277.056475,400,4312.483747
-107.372626,316,4313.164133
162.406543,341,4314.979434
504.733412,300,4315.743268
-19.354822,300,4317.417169
-29.064382,300,4319.127923
398.863211,216,4319.60988
218.1262,1,4319.652116
478.593383,341,4321.432881
233.298523,1,4321.474955
236.206149,125,4321.771564
233.298309,1,4321.813589
-4.013269,8,4321.867153
1069.443858,300,4323.706267
1074.137713,300,4324.320301
453.942745,242,4325.859686
167.489037,341,4326.530049
391.761973,341,4328.483329
1083.140079,300,4330.224068
520.927478,300,4330.837924
516.054274,300,4332.567012
409.7434,341,4333.326014
-2.636969,28,4333.407016
-8.056641,26,4334.562013
-10.166081,16,4334.625691
24.617938,341,4335.337562
381.743667,341,4337.249985
-6.35857,22,4337.330421
75.561505,210,4337.888803
165.81234,336,4339.85646
156.14815,341,4341.894397
385.109744,209,4342.565269
138.802907,341,4344.436886
233.298523,1,4344.481896
387.790037,341,4345.234618
-17.992557,1,4345.27965
202.02288,108,4346.548851
233.298523,1,4346.591275
-21.071964,6,4346.640164
291.575926,161,4347.126884
-29.713536,300,4348.844829
-59.508834,300,4349.424028
-21.855017,10,4349.478897
-20.101638,1,4349.521298
-21.37709,5,4349.56981
311.826498,173,4349.994369
145.399454,341,4351.89135
160.575691,341,4353.852572
-8.429597,79,4354.019369
311.986485,169,4354.537005
-22.59697,14,4354.60341
397.084079,222,4356.066935
418.420362,225,4356.68408
356.415021,192,4358.237539
233.298309,1,4358.279976
363.326202,203,4358.663851
135.21894,341,4360.469001
145.024293,341,4361.346669
131.78544,285,4363.071572
479.759356,300,4363.836725
886.613489,400,4365.835204
-26.92626,28,4365.927377
-19.448612,1,4365.969905
356.939663,195,4367.620228
-18.356444,400,4368.515735
153.717536,341,4370.440524
25.200232,24,4370.526582
146.471404,341,4372.311345
940.473717,300,4372.947574
213.057035,1,4372.990206
233.298523,1,4373.031811
225.861532,124,4374.529768
1054.485534,300,4375.273244
233.298523,1,4375.315826
160.792823,341,4377.137741
185.375294,400,4379.057975
67.266437,190,4379.465481
-27.314789,17,4379.531844
163.613013,341,4381.470807
454.068605,246,4381.975852
164.979874,341,4383.731514
414.744741,229,4384.233269
-39.619547,300,4385.948512
1062.059375,300,4387.763669
-19.396373,1,4387.805296
122.923865,265,4388.444081
-112.015569,265,4390.036271
-30.1972,300,4390.772203
20.24183,20,4390.841149
292.479197,400,4392.839535
-20.498718,11,4392.901914
67.118745,273,4394.747171
30.285055,341,4395.525229
-21.963277,11,4395.584681
520.989856,264,4397.277128
142.097997,400,4399.402295
-99.49011,261,4399.956883
387.933452,313,4401.992988
169.724123,341,4402.792095
527.735522,341,4404.59993
233.298523,1,4404.642418
-7.820014,6,4404.690981
332.170925,186,4405.214564
169.182967,341,4407.039683
69.704952,259,4408.811869
-112.524689,293,4409.461372
384.435506,341,4411.416656
154.090932,341,4412.278784
44.974996,341,4413.982488
411.040137,341,4415.766081
-10.97022,400,4417.836789
177.115118,341,4418.566719
-10.698184,15,4418.631855
-24.462709,28,4418.721671
426.246495,226,4420.290972
183.373184,341,4421.08841
220.078276,1,4421.13074
1071.168154,300,4422.789535
-45.305566,341,4424.762605
79.52274,400,4425.71694
155.593878,341,4427.59389
351.983485,341,4429.416414
157.766725,341,4430.186599
357.926578,193,4431.676836
314.119826,174,4432.19529
137.716832,281,4433.93813
308.279374,166,4434.273888
-19.99505,1,4434.315965
233.298523,1,4434.357613
173.586042,103,4434.667276
-23.604903,20,4434.743025
352.077921,291,4436.450729
595.505403,298,4437.119623
-111.029141,232,4438.748444
-100.070277,234,4439.277059
78.677506,267,4440.994134
97.873266,400,4442.825078
14.621433,17,4442.93333
908.852143,400,4443.732316
360.872847,341,4445.522215
167.950695,341,4447.431409
79.195691,277,4448.035563
-93.314909,250,4449.669681
155.928553,341,4450.478192
291.37617,400,4452.346555
-81.619649,300,4454.110635
-0.162832,32,4454.197243
95.629629,128,4454.591639
148.314972,341,4456.420879
-154.114729,341,4457.14781
-20.107591,1,4457.188982
233.298523,1,4457.230579
112.585285,400,4459.288734
152.538593,341,4461.059238
-93.565071,249,4461.709111
233.298523,1,4461.751151
233.298523,1,4461.792973
360.092573,197,4463.33077
-32.299395,400,4465.307437
233.298523,1,4465.349794
894.323159,400,4466.221735
150.8711,341,4468.07741
413.360422,220,4468.548741
-20.226912,1,4468.591297
233.298523,1,4468.632936
-15.940277,300,4470.514594
10.886861,62,4470.648996
480.219092,300,4472.454765
-7.977108,6,4472.503348
898.250751,400,4474.467589
84.292506,400,4475.436202
233.298523,1,4475.478503
233.298523,1,4475.520152
-11.147516,20,4475.589293
1108.533808,300,4477.229266
894.464474,400,4479.17755
-64.74068,74,4479.426378
-24.907802,19,4479.502858
143.74739,341,4481.46265
162.543801,341,4482.337053
-50.050155,20,4482.415679
-89.741048,237,4484.019694
465.686818,300,4484.870685
475.239356,300,4486.601922
161.185256,341,4488.493837
-11.773936,341,4489.32757
481.436168,341,4491.211431
94.194436,400,4493.181302
4.100639,12,4493.280872
363.379909,197,4493.74105
362.276687,197,4495.220129
158.715536,341,4496.053472
-12.838114,14,4496.117503
-28.206368,400,4498.040566
432.941712,331,4499.86306
-20.508458,2,4499.907165
130.984708,267,4500.564621
-27.617524,30,4500.647794
233.298523,1,4500.689391
164.085353,341,4502.580607
485.549133,341,4504.388674
403.482081,298,4504.990786
233.298523,1,4505.033008
-21.259496,6,4505.082849
133.200739,269,4506.881982
-6.347321,27,4506.962335
118.804969,400,4508.88209
420.104191,228,4509.385752
148.598541,341,4511.199713
71.855166,299,4511.860462
-22.743951,12,4511.922316
69.411411,261,4513.527468
-24.968436,14,4513.588874
317.087426,341,4514.429547
569.347514,284,4516.181393
408.710907,341,4518.067227
233.298523,1,4518.109415
486.269,341,4519.00204
365.723407,341,4520.865626
429.51562,341,4522.739712
-29.048565,30,4522.826077
233.298523,1,4522.86799
430.480903,341,4523.688223
150.623224,341,4525.466288
47.55886,170,4525.840914
305.257248,341,4527.658556
233.298523,1,4527.701645
152.018732,300,4529.482989
570.246114,288,4530.307647
-11.268232,19,4530.378761
-29.739302,400,4532.389379
-37.652254,400,4534.474489
-28.525431,400,4536.474599
-26.147576,24,4536.550888
537.435212,280,4537.176349
208.097039,1,4537.21848
164.229412,341,4539.149138
415.196737,222,4539.856701
612.2078,341,4541.644664
113.130606,252,4542.158449
387.681646,341,4543.901784
-3.581942,8,4543.955411
557.431901,280,4545.684659
562.806268,289,4546.32278
580.904405,341,4548.222157
17.924164,19,4548.332571
745.78205,376,4550.234308
-0.805116,31,4550.318773
-27.353656,41,4550.505907
1028.24161,300,4551.1625
951.820731,300,4552.89689
1029.423666,300,4554.794299
233.298523,1,4554.83758
341.642405,341,4555.5974
-5.061267,27,4555.689766
178.62403,341,4557.460265
69.255682,196,4558.120359
233.298309,1,4558.162309
-150.210482,300,4559.885115
294.561715,400,4561.860196
68.314772,161,4562.36746
55.704845,183,4562.834282
310.482689,159,4564.208821
-27.310189,300,4565.028831
219.179119,1,4565.071376
-18.101236,400,4567.036418
233.298523,1,4567.078607
-7.963177,300,4568.993285
407.49081,221,4569.510767
395.374683,213,4570.051627
-58.367101,400,4572.043707
-24.995415,14,4572.110559
-20.230609,1,4572.152899
67.091408,228,4573.665433
900.274209,400,4575.720292
415.680794,220,4576.168194
413.326646,341,4578.047809
1052.323405,300,4578.794662
-11.390338,16,4578.858034
139.202603,400,4580.777711
422.673318,242,4581.34657
77.799876,239,4582.936949
171.274749,400,4585.153982
172.342306,341,4585.961736
-23.246692,300,4587.613391
233.298523,1,4587.658045
628.323288,321,4589.381424
354.086701,192,4589.82929
1028.022882,300,4591.543685
161.079029,341,4592.262154
492.559319,341,4594.028371
138.281487,341,4595.900689
111.76665,265,4596.544793
483.47559,300,4598.297636
222.943672,1,4598.342633
224.782303,1,4598.384485
233.298523,1,4598.426363
5.583287,300,4599.278346
233.298523,1,4599.320664
-9.041485,300,4601.251209
309.076223,400,4603.249354
480.503097,290,4603.963965
4.709196,300,4605.805906
-132.061376,220,4606.377774
33.370119,26,4606.469424
138.670949,341,4608.563194
-17.999978,1,4608.604532
156.159239,341,4610.559491
509.281457,341,4611.318092
233.298523,1,4611.360248
171.700325,341,4613.145011
-28.771439,157,4613.499201
-13.396868,12,4613.557165
135.023228,341,4615.297286
-59.229884,151,4615.599977
9.622949,300,4617.395455
127.594025,341,4618.173497
444.774679,300,4619.902508
233.298523,1,4619.944775
119.478441,254,4621.631804
376.272924,269,4622.275423
212.604958,1,4622.317539
18.215748,19,4622.385288
470.191668,300,4624.033415
233.298523,1,4624.075551
208.316186,341,4624.870616
436.259294,233,4626.534285
-21.533968,1,4626.577485
127.681786,341,4628.320704
579.9068,341,4629.000136
27.275961,23,4629.075273
435.006238,300,4630.820355
133.720436,282,4631.507884
857.562276,276,4633.19635
121.884906,341,4634.936081
4.439333,47,4635.085082
19.00764,19,4635.15842
-13.454779,300,4635.850257
876.082978,400,4637.692428
233.298309,1,4637.734771
536.393762,341,4639.656862
38.329118,29,4639.739939
233.298523,1,4639.781846
428.62253,300,4640.47344
-14.243946,300,4642.207718
233.298523,1,4642.250599
-3.980933,8,4642.302817
287.706755,400,4644.298061
273.625229,310,4644.975771
528.94848,341,4646.815751
85.253574,279,4648.464429
459.470071,341,4649.267352
12.847646,16,4649.337875
-7.719672,6,4649.389421
-17.881077,1,4649.430619
935.759645,300,4651.233119
81.405676,206,4651.77864
483.697054,300,4653.516904
213.21368,341,4655.463059
233.298309,1,4655.505589
8.061614,14,4655.566819
166.899009,400,4656.367315
488.236518,341,4658.159832
233.298523,1,4658.202
162.10562,341,4660.011598
73.23728,218,4660.504982
226.381824,1,4660.549237
280.797796,341,4662.374805
233.298523,1,4662.419463
-34.668793,300,4663.237326
-59.42963,300,4664.925309
-26.747373,20,4664.99694
499.142709,300,4666.729356
-24.528059,300,4667.422337
-17.904701,1,4667.463648
-20.192579,12,4667.524342
1057.37733,300,4669.313247
-27.15159,26,4669.404282
159.201238,400,4671.419258
233.298523,1,4671.461571
-18.998051,2,4671.503944
108.286672,341,4672.336403
-40.342782,289,4674.138729
310.280698,341,4675.016703
-9.159789,300,4676.727901
-37.972872,341,4678.652795
237.683269,341,4679.57272
-9.923477,5,4679.620429
257.344573,341,4681.550048
252.128032,131,4681.865878
360.126925,193,4683.307158
187.698055,400,4684.372484
-24.803289,22,4685.554528
435.960292,341,4686.235157
183.149366,400,4688.150374
436.132991,341,4689.908478
37.233152,27,4689.987927
-7.752447,24,4690.064252
233.298523,1,4690.105898
15.97481,300,4690.793626
-47.996799,300,4692.535751
496.099076,300,4694.342612
-19.461243,1,4694.385684
186.744968,341,4695.158843
-11.201203,58,4695.347286
119.578992,273,4697.009366
151.601975,341,4697.806607
259.555797,341,4699.739832
3.861916,27,4699.831795
74.663858,292,4701.514326
473.574537,341,4702.26841
226.396975,1,4702.310947
327.938278,182,4703.793307
295.74563,400,4705.873688
475.407078,300,4706.600053
4.116628,12,4706.662422
66.7156,227,4708.129632
233.298523,1,4708.173646
-23.933865,17,4708.23837
-15.408388,9,4708.292553
233.298523,1,4708.334849
474.433858,300,4708.941477
-25.844747,18,4709.17138
38.272275,29,4709.337148
514.939023,300,4711.11781
492.813008,300,4712.90611
392.546295,309,4713.653416
-19.471441,1,4713.694284
598.546581,341,4715.399502
879.805197,400,4717.279834
-34.689125,300,4717.895239
-7.859108,280,4719.532907
491.343878,300,4720.18333
147.081057,341,4721.977344
887.192585,400,4723.980304
446.768394,341,4724.720017
413.878824,227,4726.299647
-116.540032,400,4728.244115
339.770279,189,4728.6045
-3.407084,30,4728.68869
233.298523,1,4728.7305
-15.968176,8,4728.822786
176.309975,400,4730.819036
55.171245,167,4731.255635
397.296061,211,4732.85416
504.599574,300,4733.609588
58.043637,171,4734.990248
12.31052,300,4735.796958
-20.123617,1,4735.838364
881.301354,400,4737.847689
495.323693,300,4738.749325
53.088473,125,4740.116436
868.045244,400,4742.235327
-20.170217,1,4742.277118
673.692336,337,4743.004217
95.013199,394,4744.982383
46.752548,341,4746.821197
526.734585,341,4747.657634
688.510889,349,4749.546776
10.205532,300,4751.320658
232.594801,1,4751.365422
229.254716,1,4751.407434
-2.32585,10,4751.462466
370.075733,230,4752.002387
-3.949344,8,4752.098157
-111.684988,400,4753.990306
164.774484,341,4754.825065
-7.852227,300,4756.584212
233.298309,1,4756.626878
12.829917,300,4758.341106
159.784063,341,4759.100724
999.168929,300,4760.815552
980.400631,300,4761.468563
1035.55302,300,4763.160256
145.858923,341,4765.088438
-64.643413,400,4767.041094
570.563198,341,4767.760083
233.298523,1,4767.80256
416.547694,225,4769.431436
426.764806,300,4770.050078
-123.534644,259,4771.63584
10.4362,15,4771.698031
-20.199114,1,4771.740326
428.530994,231,4772.33116
-27.748888,300,4773.975748
-9.752445,126,4774.298346
310.105115,400,4776.367143
133.565978,341,4777.112451
223.278348,1,4777.155581
127.632405,341,4779.016104
480.409409,341,4780.831623
-4.526011,44,4780.977405
-37.141812,12,4781.035034
125.841846,400,4783.085891
457.66177,341,4783.763604
-5.818128,7,4783.814013
233.29828,1,4783.855749
161.089941,341,4785.755476
294.633452,400,4787.718853
278.355013,341,4789.521537
123.031466,259,4790.032382
-10.446511,17,4790.097876
-26.103373,300,4791.782894
-18.000004,1,4791.823921
-25.969866,24,4791.938165
233.298309,1,4791.980534
445.284232,245,4792.62984
434.413704,232,4794.21601
459.531863,300,4794.940514
150.291429,341,4796.731705
189.933439,371,4798.689386
-93.200612,177,4799.003547
198.022289,107,4799.19901
233.298523,1,4799.240921
123.651758,259,4800.930299
208.031048,1,4800.97258
884.732132,400,4801.909369
128.818588,341,4803.64601
153.007193,346,4805.516835
-19.244783,300,4806.222494
337.472133,182,4807.728125
171.116258,341,4808.469665
411.36878,227,4810.089896
54.320438,270,4810.656655
-13.965437,11,4810.718436
440.291108,300,4812.366246
-3.73543,300,4814.113447
-8.323353,1,4814.156282
883.919052,400,4815.118425
536.853031,341,4817.029215
159.053575,341,4818.901295
-20.646934,300,4819.60579
162.272308,341,4821.393204
296.927614,400,4823.326191
210.295451,1,4823.3685
-17.946182,1,4823.409648
-54.242348,400,4824.262916
113.784202,260,4825.975122
129.325415,341,4827.801751
438.334847,300,4828.457794
315.736517,172,4830.051472
415.927774,224,4830.624819
709.370028,252,4832.201092
233.298523,1,4832.24313
96.805144,341,4833.066567
-25.647709,21,4833.13732
385.694398,341,4835.042814
498.965923,341,4836.916408
303.411199,400,4837.776566
146.88224,341,4839.652662
217.263764,1,4839.695335
-34.428983,300,4841.492522
461.297625,341,4842.201499
233.298523,1,4842.246166
-1.526987,9,4842.302367
885.290837,400,4844.359652
-13.360425,12,4844.423746
111.566578,400,4846.320433
-17.797313,400,4848.420133
544.687747,269,4849.173674
442.053889,235,4850.780368
91.287146,259,4851.370427
-26.519476,300,4853.132581
-69.890372,300,4853.997673
132.63253,341,4855.850725
233.298523,1,4855.892972
-4.52298,47,4856.02262
-15.755902,300,4857.810707
-24.235487,17,4857.87757
-42.752955,300,4858.577365
210.71094,1,4858.621161
129.671269,341,4860.467538
186.180114,390,4862.416776
167.102032,341,4863.224339
127.103315,341,4864.952728
406.527533,341,4866.906179
171.41815,341,4867.669414
470.671401,341,4869.475395
-13.500984,1,4869.517965
405.381147,212,4870.057014
-25.511355,300,4871.824992
-24.411926,12,4871.92943
68.534789,287,4873.633413
405.114729,300,4874.247086
398.33454,341,4876.101163
162.132548,316,4876.783909
579.060315,341,4878.652846
465.411324,247,4880.288635
456.793214,234,4880.763646
457.66816,300,4882.420751
176.116909,341,4883.342671
123.060475,256,4884.881539
125.577043,341,4886.698722
563.249679,341,4887.419828
463.688958,341,4889.24465
134.933973,303,4889.874516
-3.950772,8,4889.926711
471.291007,341,4891.758952
233.298523,1,4891.801598
-45.574926,300,4893.652491
233.298523,1,4893.695029
82.393444,341,4894.518352
233.298523,1,4894.561636
-20.354645,2,4894.604767
102.063279,400,4896.544827
642.832384,323,4898.33249
182.402322,341,4899.182462
-20.170479,1,4899.224302
-26.098263,341,4901.006182
892.92619,400,4902.9761
882.973777,400,4904.96809
125.273432,341,4905.817736
84.405868,341,4907.600659
48.180136,132,4907.991196
-15.998627,2,4908.033741
135.9117,341,4909.777926
161.196122,341,4911.518145
1047.622851,300,4912.390088
149.810527,341,4914.133191
413.532494,221,4914.703622
765.463708,384,4916.527224
74.005686,279,4918.246547
66.132564,289,4918.890303
-31.298865,400,4921.041667
408.169329,300,4922.802951
219.888255,1,4922.847862
615.616526,341,4923.695891
159.231871,341,4925.573541
363.900223,195,4926.095645
233.298523,1,4926.137545
544.378301,341,4928.023258
-62.165859,400,4930.078898
304.123869,165,4930.412879
445.467316,300,4932.241369
-18.893869,2,4932.285744
-111.788341,300,4932.946562
-20.236996,1,4932.989403
-16.126899,7,4933.121089
46.475491,367,4934.980017
174.917744,341,4936.828296
195.349068,384,4937.728598
19.716197,300,4939.519982
-19.501066,1,4939.561707
233.298523,1,4939.603304
-69.762793,400,4941.752164
123.864422,341,4942.696683
278.116401,341,4944.546736
69.200871,178,4944.95348
21.555447,300,4946.73951
-26.479426,32,4946.826897
483.905668,300,4948.526465
143.705457,341,4949.204861
112.504971,74,4949.358916
210.061369,341,4951.191864
-19.486716,1,4951.232856
-20.967094,4,4951.279564
152.675131,341,4953.240528
121.205637,341,4954.083262
145.333135,341,4955.864547
-9.18088,27,4955.953494
233.298309,1,4955.995265
963.197652,300,4957.799211
10.650461,300,4958.573764
385.354258,208,4960.035169
233.298523,1,4960.077151
-93.520472,294,4960.636775
383.811482,207,4962.215652
157.558315,400,4963.072771
233.298523,1,4963.11508
-27.721539,195,4964.611905
-98.462208,252,4965.130376
-95.057868,300,4967.012556
233.298523,1,4967.054693
-106.142232,300,4968.784281
387.772057,212,4969.303364
135.77905,400,4971.259217
1057.387548,300,4971.868183
-19.504282,1,4971.910899
39.75324,341,4973.71779
178.382369,351,4975.513066
-36.105311,400,4976.404487
221.03522,1,4976.446996
160.840266,341,4978.26911
350.871007,341,4980.139274
-22.795117,400,4982.116013
293.955588,341,4982.793242
-70.218523,300,4984.546793
340.918425,341,4985.231925
165.542257,341,4986.971747
129.946792,400,4988.845923
-17.48024,5,4988.893224
-20.23719,1,4988.935332
1018.517375,300,4990.668023
153.990898,341,4991.468259
155.265938,341,4993.296219
-114.111088,300,4994.100803
509.253612,341,4995.841486
-3.738808,32,4995.969947
138.504085,400,4997.882694
1055.963027,300,4999.530912
160.916086,341,5000.262205
233.298523,1,5000.304799
-66.521426,300,5002.031419
123.47906,400,5003.923812
51.302295,341,5004.626084
461.516548,341,5006.394016
-7.822625,22,5006.509976
-21.319497,7,5006.561779
37.204481,27,5006.641798
-20.170121,1,5006.685004
-97.634527,239,5007.147279
78.116977,248,5008.898345
176.092377,341,5010.786742
338.018182,341,5011.61701
272.706329,341,5013.551576
302.910486,400,5015.834715
484.124734,300,5016.45689
230.557447,341,5018.19833
177.919422,341,5020.133717
474.109423,341,5021.021848
-108.215677,238,5022.609479
-96.662028,300,5023.327963
47.521126,137,5024.722561
906.021592,400,5025.606834
233.298523,1,5025.650159
79.899391,340,5027.47085
-16.138709,7,5027.522244
-112.578004,259,5029.226786
96.663613,341,5030.059289
395.875276,341,5031.881555
221.990024,341,5033.613333
233.298523,1,5033.655913
428.008599,341,5034.406816
353.45739,341,5036.225644
246.240374,341,5038.230888
-94.307042,235,5038.817101
215.631185,1,5038.859272
131.514262,268,5040.538504
28.750736,23,5040.612268
147.684547,400,5041.492949
-6.242275,24,5041.568086
495.518156,341,5043.523121
78.392133,263,5045.300253
-9.300438,18,5045.372401
293.628392,400,5046.38057
-20.337341,2,5046.426538
-83.358197,300,5048.137186
969.16767,300,5050.122662
1012.591734,300,5050.914491
174.677562,341,5052.676834
180.794495,341,5054.521765
84.949139,275,5055.092349
-16.142723,7,5055.144406
-99.172038,266,5056.72478
-20.201983,1,5056.768161
218.240834,1,5056.810065
-19.471653,1,5056.852906
57.716912,217,5057.255767
-100.855346,278,5058.903202
162.481775,341,5059.629642
-17.810392,1,5059.673019
548.954414,300,5061.495351
-85.231732,300,5062.294077
402.713692,341,5064.192916
392.016488,341,5065.956628
237.724482,1,5066.000138
233.298523,1,5066.042013
99.188968,400,5067.912841
98.229682,400,5068.901133
457.000096,300,5070.618153
66.972753,205,5071.007789
215.807025,1,5071.049796
390.665058,214,5072.555848
453.197194,341,5073.286459
149.927537,341,5075.275771
547.226491,300,5076.988451
-29.931537,300,5077.68462
185.533053,341,5079.562608
583.885316,292,5080.20753
6.621421,13,5081.330204
233.298523,1,5081.372216
-20.237776,1,5081.414298
290.514041,151,5081.800026
412.911202,341,5082.660425
463.883509,341,5084.444038
155.585853,341,5086.278756
233.298523,1,5086.321058
-42.242232,135,5086.592761
34.60398,341,5088.376153
73.236426,331,5089.253221
-21.434998,300,5090.96762
-111.156612,360,5092.86006
233.298523,1,5092.902552
509.37864,256,5093.636887
233.298523,1,5093.679276
472.715247,341,5095.458853
-19.456237,1,5095.502294
233.298523,1,5095.543987
68.389259,266,5096.166752
81.954864,307,5097.842719
89.613898,182,5098.438171
-18.000492,1,5098.47935
-21.482535,6,5098.530418
67.643617,212,5099.982071
340.507945,183,5100.50126
319.958883,174,5100.847381
-10.280397,19,5100.915685
280.124344,400,5102.811167
-59.1726,101,5103.073214
58.643918,313,5104.963847
4.49729,12,5105.026614
66.094563,266,5106.77606
152.96819,341,5107.682317
10.819402,15,5107.745722
-20.27737,1,5107.787693
211.724977,1,5107.829928
375.877399,200,5109.31728
340.460893,183,5109.727736
135.072531,341,5111.56794
285.590698,154,5111.93182
385.735563,209,5112.400677
-3.836503,31,5113.557756
424.265378,300,5114.263755
892.292039,400,5116.377213
405.967074,300,5117.193796
-44.666975,400,5119.146334
123.604705,400,5120.997664
153.814772,307,5122.741755
353.910786,192,5123.194655
233.298523,1,5123.236851
361.61814,196,5123.707582
233.298523,1,5123.749567
36.424134,28,5123.830911
-7.651571,300,5125.725937
-11.838376,16,5125.793401
168.770102,341,5127.642986
310.097446,167,5128.058369
-10.595782,17,5128.170133
-48.393331,400,5130.196132
-29.852216,33,5130.295941
460.3726,300,5132.123814
-23.644099,15,5132.227062
885.272458,400,5133.148332
-113.498695,266,5134.777138
-16.3075,400,5136.78143
-13.999305,3,5136.825719
318.18489,174,5137.370484
32.481409,139,5137.825449
138.0961,341,5139.726853
18.994811,19,5139.797923
-20.337623,300,5141.557493
-19.479485,1,5141.603751
312.253819,172,5141.945423
-27.724944,300,5142.772761
233.298523,1,5142.815134
342.119491,186,5144.462807
318.336659,175,5144.956149
129.833023,341,5146.79569
233.298523,1,5146.838216
514.161087,267,5147.473398
883.461526,400,5149.452536
299.551705,400,5151.578017
219.163023,1,5151.620704
287.520523,159,5152.030791
324.183737,177,5153.525244
152.229992,339,5154.387925
56.200034,329,5156.165906
291.356724,151,5156.51244
-5.818899,33,5156.612544
163.12183,400,5158.618279
59.590923,208,5159.187927
-20.188582,1,5159.22958
234.558864,1,5159.271732
37.459357,28,5159.357023
338.131076,183,5160.832049
154.021253,341,5162.828604
1044.845488,300,5163.479247
148.388987,400,5165.530215
177.461087,341,5167.278619
141.326691,341,5167.947612
-5.505845,28,5168.072771
169.313073,341,5169.806016
-59.003701,400,5171.773103
136.278872,400,5172.706207
162.845892,400,5174.625666
289.048236,400,5176.640615
28.267566,28,5176.732889
-20.232327,1,5176.775736
349.649327,190,5177.132258
153.262722,341,5178.997613
1059.064245,300,5180.920654
0.357731,300,5181.680485
-15.991997,3,5181.725945
136.584052,400,5183.645519
424.877758,300,5185.662145
63.269731,196,5186.203086
1054.77325,300,5187.978302
216.694852,1,5188.021667
196.18375,400,5189.119157
-26.078822,30,5190.313373
-18.347626,210,5190.673279
146.170159,400,5192.734765
233.298523,1,5192.77702
-20.140274,1,5192.818156
-23.195494,13,5192.919851
-55.679177,23,5193.032208
1067.296054,300,5193.702558
-13.799516,10,5193.757676
55.722239,183,5195.256488
-2.532964,300,5195.997236
341.793025,184,5197.423178
75.588626,197,5197.877632
-22.500309,400,5199.736157
-20.104711,1,5199.778578
898.36352,400,5201.773052
-19.447039,1,5201.815601
454.513334,300,5202.53333
233.298523,1,5202.575997
-29.535129,300,5204.394508
208.040071,1,5204.437371
-29.246262,300,5205.224569
1045.548566,300,5206.878953
158.090155,341,5208.848353
-21.862733,1,5208.891302
-11.699207,15,5208.995034
-9.401861,5,5209.042345
-37.532225,300,5209.846604
1062.586814,300,5211.585568
-74.694355,122,5211.892059
236.241095,1,5211.934162
-121.608227,374,5213.823707
2.707093,300,5214.395256
207.023664,1,5214.440958
389.83305,208,5215.979431
-16.094192,59,5216.148005
-16.460669,7,5216.19801
907.086836,400,5218.240252
-24.041619,20,5218.435688
182.650581,400,5220.484081
-20.170314,1,5220.526502
-8.759854,300,5221.287703
393.604444,210,5222.834321
-22.262315,9,5222.890421
-17.898928,1,5222.931789
211.368072,1,5222.97364
171.373909,400,5223.955788
892.307139,400,5226.000625
-21.062617,400,5227.994694
128.630216,341,5229.802877
26.627826,22,5229.879535
-25.118324,300,5230.507825
1049.605383,300,5232.243324
316.493364,171,5232.665107
-52.523728,400,5234.652561
63.186269,211,5235.287756
3.796866,98,5236.555488
-23.053949,2,5236.597687
-51.711621,400,5237.649853
348.727757,191,5239.160079
158.562457,341,5239.999404
167.717674,341,5241.7601
-39.696236,400,5243.692655
373.686467,200,5244.154025
-25.439625,300,5245.832514
174.419861,366,5246.729907
1060.003456,300,5248.449211
208.747708,1,5248.491965
412.498755,226,5250.033115
-54.35827,300,5250.657553
-39.9458,400,5252.743145
-23.04629,300,5253.408411
-13.759323,400,5255.399122
132.313605,341,5257.32483
-22.225834,3,5257.370896
136.203832,341,5259.218329
403.245538,300,5259.798713
77.673738,253,5261.509951
0.813275,189,5261.876026
-21.344953,300,5263.629021
233.298523,1,5263.673835
197.379746,400,5264.512617
419.063225,300,5266.566417
205.692257,400,5268.538583
188.708017,341,5269.377011
-13.93319,11,5269.435348
1071.891684,300,5271.322849
433.544252,341,5273.210159
180.093551,346,5274.121889
-131.775291,392,5276.078898
207.320929,1,5276.121268
334.354102,181,5276.629267
87.506369,301,5278.26883
1085.526466,300,5280.169783
-13.382338,12,5280.22911
908.177917,400,5281.235996
233.298523,1,5281.278395
325.917778,180,5282.732152
-24.583036,16,5282.795455
45.712214,31,5282.879873
-3.954891,8,5282.931005
-17.987686,4,5282.976295
32.984324,25,5283.052195
213.759239,1,5283.094026
341.356294,188,5283.660566
295.344584,400,5285.702004
144.037855,341,5287.505339
349.735563,193,5288.025995
59.127565,227,5289.612363
342.612844,341,5290.475039
302.008073,166,5291.91242
140.708516,341,5292.692102
186.164439,341,5294.60129
-1.604437,300,5296.415692
325.708375,176,5296.909912
470.796144,341,5298.774635
300.375261,162,5299.238219
128.379923,341,5301.154631
-23.541798,400,5302.097795
161.633652,341,5304.008637
20.194055,20,5304.085213
-8.683586,300,5305.86714
20.123434,20,5305.937004
-16.388968,9,5305.99005
233.298309,1,5306.031977
125.546315,341,5306.947884
-8.385698,21,5307.021565
-7.808256,300,5308.77292
386.978279,300,5310.454398
183.232591,341,5311.135847
124.088881,341,5313.068067
-15.016812,11,5313.125949
-24.754391,23,5313.202727
147.370465,400,5315.063741
142.427051,341,5315.860314
16.157704,18,5315.931012
0.901624,300,5317.751198
233.298523,1,5317.793593
-97.61099,292,5319.643096
370.256523,199,5320.24049
443.628156,228,5320.710874
125.369897,341,5322.490612
233.298523,1,5322.53527
132.119178,400,5324.526643
233.298523,1,5324.569141
657.974161,324,5325.401597
897.445296,400,5327.432222
159.15895,400,5329.401716
9.868319,300,5331.214227
127.955809,341,5332.021254
1075.296189,300,5333.793906
170.435833,400,5335.757057
-84.17895,184,5336.12385
-21.046918,6,5336.173257
-99.11203,295,5337.804026
530.575952,341,5338.671751
910.518839,400,5340.619591
898.234583,400,5342.528934
144.072121,341,5344.27766
117.563307,341,5345.025074
1059.523284,300,5346.856
-11.636004,20,5346.925909
490.147519,300,5347.538378
-24.397875,16,5347.603477
210.970372,1,5347.64536
533.277763,341,5349.435142
353.7896,193,5349.967372
-20.937019,4,5350.014274
1008.727447,300,5351.880255
-4.865629,29,5351.973509
-20.219603,9,5352.028965
715.962283,268,5353.713759
445.96007,300,5354.480952
496.76934,341,5356.403543
185.172485,400,5358.430897
226.018729,1,5358.473397
23.085754,300,5359.072454
193.589716,341,5360.905713
545.986565,341,5362.613191
1072.144562,300,5363.345588
-16.44243,400,5365.353342
460.30072,341,5367.141711
516.789236,341,5367.967716
353.220278,190,5369.393946
233.298523,1,5369.438447
233.298523,1,5369.480292
-8.932314,20,5369.629703
329.228659,175,5370.037982
207.176929,1,5370.080442
56.731054,164,5370.470268
-17.968529,1,5370.51426
379.640859,206,5371.989375
-94.497613,300,5372.721171
-27.91523,26,5372.802194
289.713248,400,5374.761274
56.011597,212,5376.303487
455.363467,300,5376.960679
469.721324,300,5378.759532
233.298523,1,5378.802001
233.298309,1,5378.843639
-94.109083,194,5379.287365
315.490312,175,5380.870139
351.728905,192,5381.366903
-21.624853,7,5381.419481
63.808499,203,5381.839089
-31.193998,35,5382.059269
52.441025,199,5383.616787
351.428077,223,5384.196146
4.047729,12,5384.296873
-16.900421,5,5384.34458
62.71441,247,5385.996255
-8.742183,300,5386.715793
200.158941,400,5388.747231
494.550273,341,5390.610766
-76.694459,300,5391.340227
-35.327491,10,5391.397755
-86.288255,400,5393.627174
32.141054,26,5393.715587
-59.309947,300,5395.500582
313.950054,170,5395.882416
210.088156,1,5395.924822
-21.016846,2,5395.967064
12.855246,16,5396.03411
-4.844837,31,5396.159951
45.952357,341,5397.97367
65.249879,230,5398.603809
478.720896,341,5400.344629
233.298523,1,5400.386825
77.904893,341,5402.311708
87.753685,341,5403.210018
447.804456,300,5405.053794
-19.497019,1,5405.095498
83.6423,181,5405.447312
506.36407,341,5407.263741
-26.645725,4,5407.310174
233.298523,1,5407.351872
-78.533929,300,5409.129659
233.298523,1,5409.171745
21.031519,20,5409.284577
-24.834072,21,5409.356551
-5.99426,7,5409.406729
215.316078,1,5409.449023
158.900748,400,5410.342606
132.017081,283,5412.095323
211.355738,113,5412.42259
233.298523,1,5412.464864
233.298523,1,5412.50662
-18.067508,300,5414.252934
453.116178,300,5414.896447
164.031972,330,5416.785804
52.071903,207,5417.173729
297.566882,171,5418.621562
498.170151,341,5419.359108
114.113161,400,5421.504579
-9.982768,5,5421.554151
-134.013623,382,5423.543027
233.298523,1,5423.585307
1058.44931,300,5425.352815
226.949247,341,5426.307709
299.674156,400,5428.25484
759.765255,393,5430.261215
1082.611196,300,5430.997674
633.206331,333,5432.788775
675.834003,347,5434.626539
224.478864,1,5434.670887
233.298523,1,5434.712551
1043.407222,300,5435.42768
448.857394,341,5437.250107
-98.411929,300,5438.996441
404.217749,222,5439.456253
172.132126,341,5441.234531
131.609155,341,5442.024873
170.478969,341,5443.892631
69.449935,269,5444.558414
175.117628,341,5446.312745
264.69135,341,5448.168533
299.881438,400,5450.140637
-17.000141,7,5450.192328
896.246126,400,5451.095291
211.346363,1,5451.137804
-17.51425,400,5453.037129
282.075115,400,5455.011126
1002.310122,300,5456.839469
233.298523,1,5456.881613
442.433716,341,5457.797321
437.278527,341,5459.44488
57.247959,157,5459.992722
72.123371,260,5461.69581
-12.415249,15,5461.758263
233.298523,1,5461.800019
329.114644,187,5462.274329
-17.988588,4,5462.321442
233.298309,1,5462.363135
84.449695,341,5464.143259
386.750825,341,5464.9498
492.583538,341,5466.688682
403.531777,341,5468.488764
489.750432,341,5469.363817
-5.021034,29,5469.487145
-22.715751,300,5471.165732
419.857934,300,5472.954115
78.44456,400,5473.901554
313.061925,400,5475.780267
558.46011,341,5477.695433
-1.87183,36,5477.791028
911.120418,400,5479.78375
142.328723,341,5480.455557
1013.574882,300,5482.256512
50.039949,241,5482.832394
-30.925128,36,5483.990904
517.041617,272,5484.604142
224.478864,1,5484.646429
219.375812,1,5484.688312
233.298523,1,5484.729851
316.122061,176,5485.293278
449.043825,300,5486.997607
330.48426,217,5487.478373
394.433155,219,5489.033691
-134.321274,247,5489.655464
1031.660627,300,5491.385354
31.970195,29,5491.468608
-68.353549,300,5493.12635
59.742771,306,5493.791548
233.298523,1,5493.833728
122.469708,286,5495.586861
60.271594,341,5496.328351
55.724553,200,5497.894084
-130.896452,359,5498.839937
50.988665,400,5500.801779
105.32279,400,5502.751778
