#{"t_start": 1765854108.7637842, "env_id": "None"}
r,l,t
224.478864,1,68.561121
-167.224899,400,69.30034
87.587171,400,71.269141
-102.414244,300,73.02309
68.119183,341,73.810603
-22.021682,341,75.598622
-1.912196,33,75.696331
-79.731336,300,77.519656
-32.691455,341,78.253122
228.670511,1,78.291705
-80.745765,400,80.171654
-24.046727,341,81.992935
6.891993,341,82.70227
227.942741,1,82.740551
-49.081015,400,84.654813
-70.885811,400,86.532831
86.779994,341,88.272146
499.888066,400,89.18485
559.47904,300,90.991365
16.893664,42,91.14475
4.948315,400,93.066429
422.215824,341,94.899905
-56.913674,400,95.639526
-45.563193,341,97.374181
233.298523,1,97.412087
-35.005732,341,99.18333
-48.519229,341,99.858327
594.298309,400,101.731375
334.566164,261,103.365986
-31.348476,341,104.028154
122.385134,341,105.797064
-9.087105,300,107.401998
128.854132,341,108.261035
-20.846724,400,110.271952
-52.378246,341,112.075649
-70.90935,294,112.651715
-65.977165,341,114.307055
-23.542559,12,114.436335
-3.319158,300,115.135922
57.864122,341,117.075525
-15.364272,300,118.742872
839.698712,400,120.675145
-14.191257,300,121.25818
360.93645,222,122.825747
414.984887,262,123.444723
-3.544069,300,125.178805
-45.707743,341,125.806033
577.339608,341,127.621363
-23.077978,341,129.355755
-47.04544,341,130.056241
-14.926215,300,131.718824
-80.386801,176,132.121511
-5.588651,300,133.8079
945.126617,300,134.466359
-58.441046,341,136.205703
-10.386074,300,137.877273
351.916157,207,138.297867
-53.789804,106,138.564363
-53.159889,243,140.106592
-34.726902,341,140.87844
-23.670544,341,142.719886
233.207351,1,142.759837
-44.144949,341,144.518461
-33.28434,341,145.20985
-17.230664,300,146.909989
-43.028039,341,148.677723
-94.527102,273,149.236052
410.493848,231,150.78151
0.06245,300,151.460307
380.421119,224,152.979416
-34.892837,341,153.608355
397.424658,242,155.195546
233.298523,1,155.233672
868.205346,400,157.167172
102.090381,400,158.133656
-54.005435,234,159.742685
-19.993552,341,160.406187
720.394346,400,162.22605
232.871054,1,162.264339
232.757865,1,162.301414
-10.313552,341,164.067584
44.330734,341,165.863286
11.071684,341,166.535642
233.298523,1,166.573879
-84.402624,254,168.207179
233.298523,1,168.24527
349.723821,191,168.562232
-126.837621,341,170.407405
361.157892,201,170.870697
-45.266582,213,172.372466
-24.362128,400,173.261234
-13.251058,300,174.94689
379.939417,212,175.442663
32.287761,300,177.160488
-91.904053,269,178.787119
160.387971,400,179.588429
888.547191,400,181.445052
-12.191245,300,183.257532
-5.297197,400,184.125342
241.777897,1,184.164157
233.298523,1,184.200957
387.494617,216,185.746551
32.133953,300,186.389447
-9.047223,400,188.215156
-8.482036,300,189.963651
-38.539548,300,190.599216
-9.191287,341,192.33401
-32.082124,341,194.189737
233.298523,1,194.227597
49.759397,300,194.888274
431.006918,217,196.391102
233.298523,1,196.429423
486.507536,231,196.941595
-34.777315,341,198.74933
13.020799,400,200.633222
68.890307,341,201.432057
233.298523,1,201.469893
495.9973,236,203.042518
694.581787,400,205.030747
-31.399153,300,205.619433
-88.204275,263,207.289847
-51.411906,341,208.062267
800.668963,300,209.780907
-49.482675,234,210.28532
50.899386,300,211.998841
706.62482,363,213.903897
-20.556817,400,214.725762
943.770662,300,216.357864
-11.912101,4,216.400181
-44.081682,341,218.207923
6.674521,400,219.128909
493.575028,249,220.699789
1035.273703,300,222.443727
233.298523,1,222.482625
-21.096668,300,223.111169
-11.4155,341,224.919008
-14.530723,341,225.560781
-13.80081,400,227.425432
535.778851,341,229.231136
391.114423,218,229.704855
706.699607,341,231.56914
-123.754614,341,233.426414
1052.182946,300,234.066984
35.037344,300,235.784474
0.493507,400,237.702896
-9.683763,341,238.455072
335.725914,194,239.990117
39.538414,29,240.070527
-51.00717,104,240.296505
6.420712,400,242.295463
228.224523,1,242.335403
-14.989507,400,244.284933
-110.280315,341,244.939958
-129.179433,341,246.711571
-130.194333,296,247.362412
938.673661,300,249.179304
75.053548,341,251.000746
220.764472,400,251.827177
-20.081551,341,253.719121
-32.256149,341,255.541199
443.417341,231,256.037514
29.504428,341,257.836138
149.868349,341,259.634277
-188.171825,341,260.406213
452.269796,341,262.227698
448.70123,251,262.829582
-43.015022,341,264.644376
403.059785,220,265.181877
-143.317913,341,266.976052
1055.36401,300,268.713768
451.981479,251,269.336214
411.214149,269,271.034307
2.060245,11,271.122186
98.102753,300,271.814419
233.298523,1,271.852702
561.024456,341,273.683681
178.153748,300,275.513752
26.072188,341,276.205938
220.718617,1,276.244633
-25.077008,27,276.319878
-38.236837,341,278.071864
-159.405472,341,279.836128
-26.071734,25,279.947033
233.298523,1,279.984838
162.894433,300,280.641896
208.150443,113,282.053155
-29.736819,341,282.667159
233.298523,1,282.705534
703.141295,400,284.780499
-28.243823,400,287.083715
-19.648278,300,287.784003
-30.361972,300,289.788937
122.118464,341,291.972862
233.298523,1,292.010992
229.081411,1,292.047777
-24.429039,18,292.146389
233.298523,1,292.184187
75.983563,247,292.756591
-28.050901,400,295.026397
72.207819,341,297.141636
1061.399226,300,297.769002
247.593376,400,299.97179
1063.878308,300,301.922526
431.109912,234,302.416419
0.827147,400,304.517114
83.003219,300,305.120202
-12.099467,400,307.322132
-19.859498,300,309.302632
-5.81837,306,309.941234
-60.485588,206,311.902899
211.56684,300,312.540058
233.298523,1,312.579396
233.298523,1,312.616996
0.113254,291,314.413735
231.945515,1,314.454511
1059.467954,300,315.258767
575.571109,341,317.448075
-12.37124,400,319.354366
-112.695789,251,319.916573
-9.562032,400,322.053535
-19.264171,400,324.552003
62.961387,341,326.860786
644.39017,334,327.536784
51.182024,341,329.768255
1015.994864,300,331.503896
656.589035,341,332.157479
233.014555,1,332.195861
88.559876,195,333.639326
-44.909264,300,334.234876
233.298523,1,334.273215
-44.618512,400,336.155813
-38.556319,300,337.870761
233.298523,1,337.908736
547.471489,341,338.588435
363.045054,341,340.345594
-47.532095,400,342.343891
888.785987,400,343.197896
-47.94598,300,344.862203
452.772933,341,346.637709
13.96281,295,347.319873
17.179141,337,349.084597
441.759603,300,350.723121
-122.770914,270,351.429823
233.298523,1,351.467662
600.267805,341,353.307731
554.967482,253,353.837446
381.157176,300,355.555418
75.964314,341,356.264451
-67.127004,300,357.978221
-110.647026,271,359.69142
-115.407298,249,360.20597
-99.553199,261,361.84253
115.956148,341,362.54677
509.665117,341,364.305045
87.393726,341,366.079757
-107.345131,270,366.620558
718.993541,364,368.424017
27.891256,341,369.176713
27.958143,302,370.840509
415.568077,235,372.534986
164.251445,336,373.316532
881.834955,400,375.444178
42.923367,341,377.272653
-29.916072,300,377.88467
233.298523,1,377.922717
113.344707,341,379.70437
70.519857,341,381.471639
-35.867747,300,382.097118
722.999564,341,383.841072
89.109918,341,384.640096
367.998134,341,386.496049
22.329444,252,388.149492
415.2883,300,388.849818
233.298523,1,388.887893
-40.267553,341,390.665101
32.790182,310,391.279976
236.447419,1,391.318336
-15.986297,16,392.449116
-55.408494,400,393.375126
342.582574,195,394.902428
232.920232,1,394.940176
80.47814,341,395.709112
-46.489036,400,397.633923
-45.406925,400,399.578801
903.565607,400,401.535925
-57.694815,300,402.167125
620.326831,341,403.977127
-47.902948,400,405.947411
51.516578,236,406.480312
616.116802,341,408.26518
-38.795559,300,408.936464
-20.477966,2,408.97651
-48.491415,300,410.659629
-56.621539,400,412.552397
210.629727,1,412.590642
-39.747539,400,414.517347
-92.676349,230,415.003387
625.211341,341,416.84285
-15.671301,7,416.888832
521.255099,341,417.571207
233.23068,1,417.611214
7.684484,341,419.40365
-129.882963,332,421.152437
117.43194,341,421.84264
123.809118,341,423.653221
-13.998127,3,423.693709
996.742789,300,425.405803
433.984152,300,426.150396
59.632783,341,427.943279
689.290887,351,429.780907
-127.286316,334,430.419531
-56.490695,300,432.103458
233.298523,1,432.142257
129.82684,283,432.781985
421.986748,227,434.274175
-72.351484,400,436.236506
228.332551,1,436.274793
-2.58284,32,436.397671
233.006688,1,436.435556
72.734612,341,437.117168
233.298523,1,437.155234
171.931354,341,438.955464
898.343393,400,440.887201
233.298523,1,440.925206
70.065403,341,441.57548
218.22403,341,443.336888
-38.186703,300,445.027645
-6.387977,29,445.140928
-51.624386,300,445.805196
453.764878,300,447.479173
233.298523,1,447.517243
484.359492,341,449.335035
131.316942,341,450.030592
1037.059644,300,451.73329
233.298523,1,451.771387
233.298523,1,451.808258
453.788688,248,452.358029
233.298523,1,452.395905
406.110968,220,453.870612
484.266424,300,454.469611
403.753919,221,456.049957
-51.059781,300,456.717182
-15.998622,2,456.755933
292.300966,400,458.620532
234.238009,1,458.661083
-45.545065,300,460.391477
381.148715,205,460.808802
-128.171889,368,462.575823
139.501514,341,463.287169
-39.751852,400,465.31678
233.298523,1,465.355456
575.710827,341,467.159659
310.425372,400,469.164874
-39.353567,300,469.829584
987.326169,300,471.459195
56.922956,253,472.009645
515.990094,341,473.793333
233.298309,1,473.831557
68.18452,341,475.608698
294.973154,400,477.53458
233.298523,1,477.572533
40.006004,341,478.403836
233.298523,1,478.441888
-43.487087,400,480.397396
233.298523,1,480.435849
417.648428,227,481.010679
133.630429,300,482.702212
421.635528,226,483.28861
-35.608111,400,485.151287
291.587001,400,487.217093
808.575367,400,489.120477
384.692472,208,489.596301
596.73694,262,491.234479
3.122698,341,491.89273
-15.676309,10,491.944062
505.962337,300,493.630245
233.298523,1,493.668465
233.298523,1,493.70541
427.233217,230,494.258604
-23.156622,326,495.997293
558.79929,341,497.799505
55.654255,294,498.43226
1037.835805,300,501.097319
128.579318,340,502.856131
-46.221502,400,503.701253
897.200188,400,505.556384
439.059407,300,507.315215
-6.764941,25,507.389706
882.957961,300,508.098403
275.659541,341,509.818539
303.552831,400,511.71353
-42.905966,300,512.360234
898.586037,400,514.22887
62.877305,220,515.781334
625.525293,341,516.452408
-277.314347,341,518.253199
9.059446,341,520.081366
233.298523,1,520.119457
27.220647,23,520.225127
291.554006,400,520.966313
1041.024867,300,522.69222
562.337866,300,524.438894
-51.377646,300,525.04162
55.383996,229,526.582826
362.665593,201,527.046545
1037.050711,300,528.853176
70.398957,251,529.340647
105.0708,341,531.071658
233.298523,1,531.109937
-49.436695,400,533.00354
365.933248,200,533.448677
-39.272716,400,535.338507
1056.980657,300,535.973921
44.443044,117,537.287905
309.258812,400,538.252788
415.901853,224,539.785245
-332.590925,341,540.56556
22.503679,341,542.319464
897.286216,400,544.185878
-30.992038,300,544.800771
-111.304741,289,546.454166
18.397347,341,548.196327
23.742721,250,548.709968
10.637002,226,550.221803
233.298523,1,550.261606
447.521491,240,550.789878
-47.284329,111,551.022269
60.476844,341,552.763856
415.789559,227,553.248979
143.934592,326,554.956333
-35.831471,300,556.622552
-29.206762,300,557.363768
207.994367,1,557.402224
47.126734,238,558.996035
85.319764,341,559.708384
19.02366,19,559.778291
892.918712,400,561.68042
411.388989,231,563.229826
843.370728,400,564.067316
-29.212176,400,565.898349
414.36443,221,567.539086
-23.936913,300,568.097588
337.58385,182,569.583582
312.265783,341,570.29816
142.993727,289,572.091503
597.209124,341,572.835063
424.962683,341,574.555858
-95.890652,251,576.185803
-89.248321,224,576.657042
554.613194,282,578.31468
447.329849,300,578.87505
454.046962,300,580.621053
295.094673,341,581.273371
-32.464965,300,583.020153
129.878131,341,584.751555
-41.684531,400,585.690876
419.553574,341,587.593013
-37.308631,296,589.300101
-29.633444,300,589.919854
233.298523,1,589.957643
-43.254282,300,591.724004
398.580064,216,592.225909
53.957925,186,593.654209
123.745368,341,594.426575
255.004927,400,596.345777
233.298523,1,596.383702
-38.582736,400,598.302368
156.722537,341,600.114655
456.302892,245,600.576506
1059.734615,300,602.338148
-204.603164,341,603.021221
112.83195,400,605.050002
29.316791,341,606.851359
46.535466,341,607.513005
116.291593,341,609.288039
134.303918,341,611.019453
429.157108,341,611.711642
54.065014,37,611.801599
414.681244,221,613.316777
1074.645873,300,613.907332
235.728796,1,613.945608
452.303556,249,615.535619
455.735199,300,617.201645
-33.492139,152,617.49567
1059.975835,300,618.13502
-22.192159,13,618.193392
730.925566,341,619.964311
-51.535448,341,621.757785
-85.097572,400,623.719588
-25.23929,341,624.402702
111.366418,341,626.226337
133.214195,341,627.999408
233.298523,1,628.037295
307.28009,400,629.001793
233.298523,1,629.039766
494.326674,300,630.629665
888.406561,400,632.632088
-13.700838,19,632.703541
516.888969,300,633.421975
139.592492,341,635.145869
510.104299,300,636.932867
-31.828652,300,637.597902
-37.967932,400,639.448237
878.678745,400,641.355744
1045.03433,300,641.968596
-72.052426,300,643.637552
285.866858,400,645.580473
119.251335,341,646.253042
436.984253,244,647.94934
-33.186261,400,649.937027
-11.051372,21,650.003943
351.309051,341,650.70852
-62.231929,30,650.829947
48.915381,308,652.477584
233.298523,1,652.515502
42.000556,341,654.317031
-33.545046,300,654.944598
402.676908,300,656.68598
444.614361,246,657.187997
396.082591,213,658.722198
-66.362469,341,659.535697
403.684968,221,661.011679
54.735696,263,661.575363
233.298523,1,661.613097
-31.923923,300,663.337067
-20.929154,400,665.196244
705.797627,341,665.988673
-20.041767,300,667.635001
-18.760598,2,667.675983
291.023417,400,669.677085
-103.384495,341,670.315037
-32.797598,400,672.188761
-20.879608,400,674.125813
-9.613181,400,676.047733
61.690974,341,676.692806
-44.649753,300,678.326159
481.557824,341,680.186435
-18.000479,1,680.223609
434.43986,341,680.988178
898.697641,400,682.858125
518.473158,341,684.592417
384.981324,213,685.052051
-7.285154,400,687.085483
436.481075,243,687.676014
406.958486,229,689.12871
1048.295163,300,689.813713
408.998608,232,691.44354
-61.957604,300,693.192765
-61.903878,300,693.783744
232.676946,1,693.821734
-23.026984,300,695.523985
233.298523,1,695.562004
-147.827157,341,696.268965
233.298523,1,696.307297
76.234797,251,697.899084
264.258122,341,699.621201
414.34817,226,700.07114
-21.276167,400,702.042098
436.47022,341,702.830612
412.141602,222,704.358672
27.091652,289,704.989233
52.115109,341,706.775861
1050.925541,300,708.551437
145.818695,341,709.30805
975.21759,300,711.060035
68.730361,341,712.779668
264.962467,341,713.457895
1055.048698,300,715.199376
975.61107,300,715.853371
-25.237113,30,715.972594
224.706047,1,716.010312
-13.775886,400,717.911981
481.538947,341,719.749614
233.298523,1,719.787541
233.298523,1,719.824296
1064.921998,300,721.464234
-27.417631,29,721.578315
277.334172,400,722.368913
233.298523,1,722.406835
-90.023938,400,724.331494
1067.550545,300,726.179788
417.325499,325,726.848716
417.441435,229,728.3387
-72.523711,341,729.072825
-22.606915,300,730.809283
1051.233896,300,732.437054
616.09185,315,733.098401
108.598322,341,734.818098
440.520482,341,736.541888
387.443075,211,736.999569
282.096035,400,738.844779
476.189725,341,739.605561
-120.508375,288,741.248138
379.416851,209,741.67065
233.298523,1,741.70893
561.317397,300,743.473883
-26.726496,400,745.40378
233.298523,1,745.441887
419.862564,229,745.928532
911.254755,400,747.872578
-9.98671,5,747.915629
-20.31326,12,747.968744
233.298523,1,748.006158
-33.62746,300,749.728102
378.278449,341,750.583272
897.498813,400,752.492177
-130.68246,341,754.306008
301.399659,341,754.922054
-14.503019,10,754.973989
176.830905,360,756.839658
233.298523,1,756.878137
233.298523,1,756.91503
-78.212354,140,757.21138
-77.174992,400,759.214737
374.762109,208,760.6648
6.34907,341,761.376986
233.298523,1,761.41543
598.532212,341,763.211087
281.203988,400,765.138505
382.532999,207,765.554013
597.286428,300,767.253845
36.9715,265,767.797361
1.394565,341,769.518979
-25.29058,24,769.626258
541.98854,300,771.362711
148.362751,317,771.984621
521.902835,341,773.720959
900.576222,400,775.724637
526.303682,300,776.406771
194.193595,103,776.615863
-20.05782,1,776.652323
216.3989,1,776.689194
386.029143,341,778.490181
293.559036,400,780.352361
-32.097811,300,780.975938
233.298523,1,781.013984
-19.447,1,781.051324
-122.9447,270,782.676
516.63949,341,784.478276
306.66196,400,785.252774
911.059289,400,787.194152
-64.535746,300,788.914009
474.991716,341,789.561322
1037.12131,300,791.268708
238.859794,1,791.307266
432.655576,236,791.820793
-58.562941,300,793.49624
454.357176,249,795.176928
-31.087302,300,795.92904
126.201571,341,797.682396
-23.574615,12,797.737933
487.765608,300,798.393142
-62.876337,400,800.206107
172.706569,341,802.119594
317.267504,177,802.569668
-37.233294,44,802.678984
233.298523,1,802.716595
-55.835892,300,804.40523
-33.553139,300,804.932023
754.270304,300,806.632235
889.367529,300,808.319511
-14.462752,400,809.176119
-80.915574,300,810.828136
-17.234287,5,810.872727
417.498269,234,811.468931
-89.20384,300,813.187457
-9.986475,400,815.235612
2.029909,341,817.072089
-32.015714,300,817.755576
55.1854,258,819.322545
-62.471588,400,820.317632
1082.559949,300,821.992674
-113.730274,400,823.923951
-29.224098,300,824.625199
377.355508,218,826.113374
-13.454714,400,828.147414
398.504763,225,828.628058
-70.505609,300,830.354908
-17.999422,1,830.392532
26.366103,23,830.459619
40.800738,327,831.117188
233.229468,1,831.15504
43.933605,268,832.747919
365.064787,199,833.220125
288.444522,400,835.114394
292.826647,400,836.978729
-64.346935,300,837.602508
-43.628306,300,839.331268
233.298523,1,839.369752
228.253641,1,839.406764
401.667979,222,839.864712
684.438207,341,841.739933
353.071006,191,842.15018
-79.59809,300,843.823984
-39.974039,400,845.722941
1053.756316,300,846.476839
385.185271,208,848.012633
1063.935193,300,848.705617
896.558247,400,850.554758
26.418939,341,852.371136
-22.573675,400,854.213825
507.363982,300,854.820973
-191.172139,341,856.556365
-26.502271,42,856.653748
406.920412,222,857.159102
21.727696,341,858.907242
-61.722794,300,860.564781
43.783716,341,861.272266
233.298523,1,861.310199
233.298523,1,861.347326
299.36687,400,863.193823
-301.743457,341,864.960022
35.509375,341,865.620644
16.031628,17,865.680887
-254.277201,341,867.478982
357.779299,197,867.909683
233.298523,1,867.94761
-19.968544,400,869.870771
-43.683093,300,871.577454
-296.444084,341,872.371475
74.941481,235,873.90403
-78.319689,300,875.637532
301.265337,400,876.405402
380.693173,205,877.957871
-41.559875,400,878.795606
233.298523,1,878.833679
-17.531171,4,878.874249
314.150898,400,880.805022
229.822078,1,880.843044
-13.275658,400,882.733743
1064.527927,300,884.438872
179.067392,341,885.148575
570.916512,341,887.030338
419.615044,226,887.511271
233.298523,1,887.549502
-71.549335,300,889.249329
55.886579,341,891.161344
233.298523,1,891.199674
-14.645782,400,892.005638
848.300708,300,893.672392
112.693254,341,895.46613
897.015449,400,896.280627
-23.231442,341,898.001451
233.298523,1,898.039755
899.605575,400,899.972071
-170.193429,359,901.7465
-62.638952,300,902.362152
233.298523,1,902.40037
69.102729,341,904.171221
60.340396,341,905.931064
13.604192,341,906.641793
61.368163,341,908.440754
1059.380962,300,909.126515
892.473193,400,911.030844
452.676472,300,912.722864
-11.67453,400,914.611862
-22.401801,10,914.663568
-11.522968,4,914.704144
448.055358,300,915.330186
1058.001438,300,917.056589
-25.614314,300,917.738299
437.24763,225,919.29694
-26.829909,300,919.972278
73.934808,220,921.537897
883.79006,400,923.375522
-8.614315,1,923.409034
110.420043,341,924.133849
359.607224,194,925.628802
295.694522,400,926.478465
896.288444,400,928.353514
474.876629,300,930.054904
-16.083047,400,931.953688
43.365915,341,932.605359
472.075313,300,934.376062
-35.280826,341,936.242516
-25.51441,300,936.865304
55.923876,341,938.643753
7.91316,341,939.267543
71.938748,220,940.824215
-27.900843,300,941.462152
-95.426802,183,942.833721
-35.55977,300,943.561758
341.436221,187,945.019772
216.568316,1,945.052938
125.37364,341,945.771062
233.298309,1,945.804216
120.284703,341,947.52746
38.869873,244,949.156727
312.246795,400,950.036208
387.681922,325,951.779941
233.298523,1,951.813416
-7.491791,400,953.660345
422.192951,253,954.180604
206.311357,1,954.214373
-32.279449,300,955.910371
-33.749863,300,956.501547
421.046099,244,958.09049
-35.754672,300,959.84367
233.298523,1,959.876866
233.298523,1,959.909544
112.792997,341,960.58512
905.504996,400,962.39014
448.809651,244,962.929741
-12.283306,300,964.733274
123.661228,341,966.489884
71.066472,341,967.129771
0.448064,10,967.177709
-22.403718,300,968.878291
-13.642042,3,968.913647
557.803756,341,970.684135
63.958771,193,971.090474
233.298523,1,971.12359
75.524917,244,972.818969
329.702086,179,973.18752
-52.245748,238,973.651322
440.405324,341,975.440919
-31.020753,400,977.407335
-58.897106,263,977.937346
-17.501201,5,977.977169
58.686135,341,979.728402
116.146911,341,981.467554
522.375342,264,982.133547
127.893231,341,983.900854
388.856557,208,984.266917
101.580178,341,986.06426
-29.34724,400,987.941123
116.648355,341,988.690046
-15.176633,400,990.60844
1070.660616,300,992.226368
161.893359,341,992.903793
233.298523,1,992.937351
233.298309,1,992.976732
458.578915,341,994.662365
-22.268198,8,994.74213
158.646631,341,996.464304
94.145146,341,997.089685
570.847703,244,998.688038
295.76213,400,1000.622386
-29.914166,400,1001.522227
1057.372844,300,1003.163492
-22.929507,300,1004.897485
-40.937528,300,1005.558036
146.031203,341,1007.315192
-41.758658,300,1008.068786
-56.16594,300,1009.852617
713.095009,251,1010.409238
407.490454,223,1011.963464
11.969533,18,1012.025194
374.450852,341,1013.855817
28.517669,341,1014.57379
233.298523,1,1014.607552
467.73869,341,1016.415374
119.928383,341,1018.098904
312.669182,400,1019.0259
30.107291,28,1019.096896
193.350762,341,1020.917153
-26.120389,300,1022.575437
-18.96941,400,1024.449162
361.50955,195,1024.800012
296.915437,400,1026.842148
471.512654,300,1027.528902
513.919296,341,1029.225297
-21.185801,400,1031.139127
440.268438,233,1031.554996
48.185637,263,1033.212608
-1.27838,400,1034.067571
106.722387,341,1035.789793
-16.416642,300,1037.47365
347.734912,188,1037.914625
-23.685126,300,1039.68666
121.75669,341,1040.352204
87.207236,341,1042.149517
537.243475,341,1043.93716
131.708777,341,1044.536167
434.194395,230,1046.106055
418.476575,222,1046.60004
1058.247384,300,1048.316333
-78.637744,300,1048.890119
399.107445,214,1050.448273
312.235974,400,1052.35622
533.182439,277,1052.866739
422.739554,224,1054.432211
449.254602,341,1055.067986
313.436761,341,1056.839473
363.365866,341,1058.572348
-25.765922,300,1059.078779
-32.480906,400,1060.952036
105.59968,341,1062.70468
265.569598,341,1063.404321
-30.852945,400,1065.259322
114.011544,341,1067.008624
233.298523,1,1067.041831
748.116093,263,1067.5592
74.815361,203,1069.081739
-21.576983,1,1069.115256
435.828317,341,1069.735347
456.513527,341,1071.41536
1039.506329,300,1073.062711
233.298523,1,1073.095846
891.762723,400,1073.93712
68.090651,198,1075.405407
-6.64177,400,1076.195836
578.790627,341,1077.894979
300.414678,400,1079.696853
-6.56831,400,1081.550617
233.298523,1,1081.584209
-10.139811,400,1082.506744
1028.604447,300,1084.183145
477.693477,244,1085.77803
51.542237,341,1086.406834
440.903589,341,1088.16056
414.211734,341,1089.942536
374.898572,341,1090.591912
-28.829374,400,1092.448088
18.015337,28,1092.585951
128.016492,341,1094.350206
453.399865,243,1095.013641
233.298523,1,1095.046737
90.621387,341,1096.759169
210.005257,1,1096.793003
-54.330041,300,1097.435879
28.733269,23,1097.502665
115.983901,341,1099.249851
233.298523,1,1099.28328
-16.133219,400,1101.129715
39.287016,111,1101.418067
135.498503,341,1103.24162
1070.588695,300,1103.877383
913.089198,400,1105.705414
3.736843,400,1107.569952
233.298523,1,1107.603184
502.828235,300,1109.237666
376.797637,202,1109.596044
471.467704,300,1111.20615
-42.571281,300,1111.778466
-79.408253,400,1113.761405
361.24547,341,1115.559328
-76.933357,300,1116.271045
233.298523,1,1116.304232
141.810627,341,1118.088981
54.219316,252,1118.623659
115.95675,341,1120.308199
233.298523,1,1120.343093
343.730614,186,1120.80787
373.45444,203,1122.328984
116.217501,341,1122.996853
479.099033,300,1124.657222
370.848807,341,1126.431511
233.298523,1,1126.466511
241.495511,1,1126.499675
435.801384,243,1126.998024
-30.032945,300,1128.644579
455.866662,242,1129.0915
-25.734884,400,1130.971502
78.669268,237,1131.461385
74.564523,267,1133.070138
79.607931,341,1134.920038
233.298523,1,1134.957681
925.165757,400,1135.753572
59.606222,341,1137.560496
127.341615,341,1139.381232
898.389709,400,1141.325419
126.194814,341,1142.084955
-239.398323,341,1143.832633
327.215772,179,1144.241236
45.568306,189,1145.693638
-44.838906,300,1146.472123
372.308805,341,1148.316469
-230.330083,341,1149.067456
6.114649,13,1150.194155
144.905455,341,1150.956171
-67.804609,300,1152.732275
376.509136,341,1153.42312
-35.524145,400,1155.27968
70.335557,233,1156.8188
38.442969,324,1157.618763
169.87276,362,1159.571707
62.98557,246,1160.134187
-29.758973,300,1161.802135
525.809899,341,1163.758579
-4.224647,400,1165.60087
-25.834381,400,1166.570495
233.298523,1,1166.608451
65.320377,207,1168.17536
638.563192,318,1168.903652
476.957606,341,1170.686467
223.956325,1,1170.726389
-30.413958,300,1172.55724
21.08757,20,1172.629466
-15.119518,9,1172.679893
504.131994,300,1173.448431
-11.980058,4,1173.491183
-30.491137,400,1175.415471
318.314309,331,1177.30444
41.122922,124,1177.568216
138.855412,341,1179.46628
-21.685361,7,1179.512976
436.51337,341,1180.192319
-24.966361,25,1180.273892
106.668528,341,1182.153557
82.515164,197,1182.578527
421.07078,341,1184.488508
-22.767051,8,1184.538696
100.27256,341,1186.367484
-111.84343,247,1186.845833
50.450232,341,1188.643104
-36.382458,400,1190.45779
-29.51372,400,1191.371238
-22.121905,13,1191.426968
10.077727,15,1191.48389
347.712109,294,1193.218149
19.791733,341,1195.000709
-45.988675,300,1195.632822
119.124043,341,1197.453882
339.339766,341,1199.34052
233.298523,1,1199.378124
-10.683889,27,1199.4882
-76.046437,341,1200.28954
-125.768408,281,1201.89223
20.258565,341,1203.691616
-29.031245,300,1204.32221
888.278241,300,1206.026861
233.298523,1,1206.064509
-76.506097,400,1208.016598
480.394959,245,1208.605588
233.298523,1,1208.642963
24.303569,341,1210.46818
439.917366,235,1211.01025
57.214377,341,1212.799195
115.351744,341,1213.551451
-121.461162,300,1215.280299
450.492181,231,1215.895192
-24.085971,32,1217.050341
527.943994,300,1217.678
233.298309,1,1217.715505
572.456374,300,1219.397323
942.879062,300,1220.072404
899.838154,400,1221.986509
-56.344924,400,1223.925854
56.352617,186,1224.413708
59.057074,194,1225.905523
78.039648,242,1226.40923
233.298523,1,1226.448364
313.123453,400,1228.306685
-23.905203,24,1228.414362
155.226115,341,1230.225483
55.912378,195,1230.643561
233.298309,1,1230.680934
264.363939,289,1232.420787
-9.728015,20,1232.485125
50.886572,320,1233.113107
288.00325,400,1235.109049
1013.115492,300,1236.878298
55.36194,181,1237.224371
-19.436935,1,1237.260572
-24.538029,300,1238.99236
233.298523,1,1239.030297
924.014404,400,1239.867558
290.410756,341,1241.625106
-50.161644,400,1243.646481
111.368514,341,1244.37632
-20.340388,1,1244.415961
233.298523,1,1244.453012
-52.455468,400,1246.319548
68.721502,243,1247.832544
836.569806,300,1248.499462
-44.825298,300,1250.217706
-2.250171,32,1250.300001
233.298523,1,1250.339147
45.966166,341,1252.170494
590.782433,300,1252.807311
233.298523,1,1252.845968
490.662995,299,1254.52302
77.352687,341,1255.209716
326.974434,341,1256.972188
-74.398727,400,1258.865442
-109.260092,300,1259.47181
559.409933,341,1261.268327
858.559703,300,1262.990797
370.648481,341,1263.726608
233.298523,1,1263.764089
912.937865,400,1265.615636
-25.81685,18,1265.75367
-287.306413,341,1267.579963
528.371373,300,1268.199697
506.174785,341,1269.969085
382.541809,341,1271.712162
76.20354,211,1272.229879
233.298523,1,1272.26746
480.948556,341,1274.113733
555.219954,300,1274.745404
394.419368,341,1276.479668
119.272443,341,1278.223732
66.624484,262,1278.790384
475.651536,341,1280.555513
-39.48004,400,1282.485385
-96.880766,300,1283.078243
415.13434,222,1284.623049
8.738928,14,1284.680199
513.757494,341,1285.44749
233.298309,1,1285.485085
89.146193,341,1287.280493
224.454381,1,1287.318625
1071.829504,300,1289.134669
149.354274,341,1289.898672
357.403615,191,1291.387064
513.923754,300,1292.113236
233.298523,1,1292.150899
67.918625,217,1293.797245
1036.375579,300,1294.447927
-104.47427,300,1296.329165
14.104342,17,1296.398556
346.421974,185,1296.811665
270.551215,218,1298.352139
-20.789153,1,1298.389649
406.280855,217,1298.821608
16.954987,18,1298.884665
-26.487928,33,1298.968717
194.346752,103,1299.22927
544.253794,300,1300.864723
475.242393,341,1302.627914
233.298309,1,1302.665781
233.298523,1,1302.702846
476.084097,243,1303.442989
67.554182,265,1305.024066
548.745994,300,1305.71365
75.21447,238,1307.277478
-20.708893,3,1307.320389
233.298523,1,1307.357477
-15.585626,8,1307.440413
98.442033,233,1307.938
60.52229,149,1309.386607
913.50711,400,1310.268462
424.725712,230,1311.880595
-13.716477,17,1311.946208
224.478864,1,1311.983379
105.150487,341,1312.823188
580.213924,300,1314.491413
336.815289,176,1314.853959
533.518603,341,1316.632533
547.223698,341,1318.437479
-22.176938,9,1318.489449
588.668101,300,1319.216328
233.298309,1,1319.254277
-98.277353,300,1320.947143
-275.916889,341,1322.818594
-20.236996,1,1322.85688
221.358488,1,1322.894217
227.852784,1,1322.931365
590.328469,300,1323.634613
-57.101722,300,1325.387678
77.965623,233,1325.886801
233.298309,1,1325.924324
125.753957,276,1327.682903
326.066228,177,1328.078671
328.0552,341,1329.930538
235.805164,272,1330.560177
-91.85726,341,1332.41499
545.70192,300,1334.086554
-21.814557,11,1334.139317
217.47775,1,1334.17668
-62.532621,400,1335.007304
-51.865418,400,1336.957131
14.899335,17,1337.092196
-109.707972,300,1338.826827
-1.164081,400,1340.709219
309.904507,169,1341.119511
593.177794,341,1342.991513
501.467396,263,1343.591566
-20.68281,23,1343.667288
415.080539,222,1345.353369
76.07055,182,1345.700746
29.73069,400,1347.682104
54.697801,239,1348.184018
4.090184,12,1348.238553
66.305018,234,1349.778889
415.952754,224,1350.262945
68.107288,341,1352.159857
735.013955,367,1353.108416
390.612581,341,1355.036456
-1.523383,9,1355.088611
460.271194,341,1357.068892
-16.687527,6,1357.11631
425.047548,227,1357.675678
441.009423,341,1359.416718
480.097567,341,1361.182865
505.971027,341,1361.797457
1055.142886,300,1363.478807
894.988002,400,1365.486068
-49.558815,80,1365.64254
53.240993,139,1366.000603
50.855139,341,1367.757846
-28.723192,400,1368.716043
77.218455,241,1370.378275
291.958193,400,1372.344452
121.427663,341,1373.056853
1049.990289,300,1374.724513
134.423051,341,1376.625035
401.049578,341,1377.299088
-21.552662,9,1377.349921
233.298523,1,1377.3871
1041.938794,300,1379.215738
-27.060194,400,1381.231715
357.49139,192,1381.655901
406.471783,221,1382.137034
-45.59176,400,1383.956943
-107.347695,300,1385.846961
46.505367,33,1385.946669
-27.534269,300,1387.712651
-27.208569,300,1388.317698
-8.807527,400,1390.212493
379.68992,341,1391.994476
121.911695,341,1392.789597
407.165093,218,1394.411361
233.298523,1,1394.449061
-40.308627,300,1395.170604
348.129134,188,1396.608194
418.653502,222,1397.115105
233.298523,1,1397.152769
436.155236,232,1397.715571
1068.728221,300,1399.50771
485.283761,300,1401.179002
146.417751,341,1401.84768
81.675168,253,1403.459027
375.53013,203,1403.844854
233.298523,1,1403.882257
140.335002,341,1405.64894
-53.106691,400,1407.55797
-98.149904,223,1408.03856
-104.208859,300,1409.679398
70.473921,212,1410.209392
801.117206,271,1411.929813
228.435188,1,1411.967214
1066.839758,300,1412.7624
233.298523,1,1412.799937
-60.27286,300,1414.530442
3.136323,400,1416.429036
434.99266,341,1417.18692
487.795178,341,1419.00133
555.4526,341,1420.732398
526.575103,300,1421.411487
12.09588,16,1421.47491
231.980303,1,1421.512427
-92.248697,300,1423.175878
166.091429,341,1423.867512
-15.826223,10,1423.917533
383.561949,204,1425.478872
-17.947699,1,1425.517594
233.298592,1,1425.555051
-94.897211,300,1426.184565
224.478864,1,1426.222434
1082.090223,300,1427.902388
337.311896,341,1429.724725
409.487094,219,1430.118764
123.656556,341,1431.845538
130.665956,341,1432.593819
233.298523,1,1432.631383
169.297149,329,1434.548233
431.772272,220,1436.151254
233.298523,1,1436.188635
141.542166,341,1436.840431
302.735184,400,1438.694086
-7.697447,6,1438.740057
1075.275769,300,1440.445466
397.251843,214,1441.051935
-22.964011,12,1441.109537
167.258474,322,1442.892439
-36.298997,300,1443.583092
-16.835983,400,1445.389257
-26.987008,28,1445.466511
900.593174,400,1447.413199
43.393485,278,1448.079034
1067.72912,300,1449.823952
-46.557396,18,1449.889611
502.866842,300,1451.761363
893.972925,400,1452.701154
-23.074685,300,1454.49001
-27.524313,28,1454.578278
233.298523,1,1454.61568
-27.838849,400,1456.497312
209.064097,1,1456.535046
233.298523,1,1456.572201
74.096922,227,1457.197819
404.822816,215,1458.809115
416.102612,223,1459.251734
34.903192,400,1461.095509
-89.583458,300,1461.815607
67.945678,257,1463.525979
502.611375,300,1465.28114
-23.113035,13,1465.337744
-38.125647,400,1466.286515
-26.252156,24,1466.401337
233.298523,1,1466.438754
40.554923,322,1468.1537
223.625373,1,1468.191307
141.430507,341,1469.928279
1058.802642,300,1470.611874
493.845722,341,1472.40809
221.181496,276,1474.136646
233.298523,1,1474.173979
105.578441,341,1474.830227
62.077173,188,1476.332868
213.187288,1,1476.372425
-30.526638,400,1477.123429
237.28256,1,1477.16349
110.977896,341,1478.926292
444.400677,235,1479.431439
428.639517,232,1480.962993
265.947715,341,1482.727737
130.258987,341,1483.42196
233.298309,1,1483.461841
520.547641,341,1485.189448
230.339905,1,1485.227146
52.824302,36,1485.352905
-20.284591,1,1485.390555
384.000295,210,1485.851875
-7.939982,6,1485.896392
563.016724,289,1487.523731
510.541491,300,1489.240771
-19.380337,1,1489.279474
518.973784,300,1489.976923
1060.914586,300,1491.691168
317.021525,341,1492.430077
3.731582,28,1492.509429
-11.994177,4,1492.552491
502.021405,341,1494.28423
315.053897,400,1496.109755
402.75985,341,1497.921982
521.878955,300,1498.514418
63.442178,263,1500.055776
476.457234,341,1500.71131
512.626895,300,1502.394375
384.957086,341,1504.226496
233.298523,1,1504.264619
900.715993,400,1505.065364
375.99984,341,1506.831101
150.004012,341,1508.698612
-70.207371,400,1510.767991
-23.87622,300,1511.465283
1063.228325,300,1513.192013
350.020529,188,1513.506062
109.558982,341,1515.270855
59.742436,302,1515.898582
234.161638,1,1515.936519
17.142816,341,1517.665243
78.691679,268,1518.261775
233.298523,1,1518.299222
125.282232,341,1520.031262
73.358593,239,1521.567628
31.438767,341,1522.267709
63.372645,163,1523.704153
233.298523,1,1523.741944
-56.363542,400,1524.519603
896.330016,400,1526.37163
241.520975,1,1526.411744
528.950882,300,1528.108078
293.850698,400,1530.063925
-65.124175,300,1530.68486
41.59239,30,1530.810405
-52.658921,400,1532.744358
111.062618,341,1534.578728
-18.775986,2,1534.617775
322.250249,175,1534.981037
-15.757814,341,1536.705961
215.674032,1,1536.745946
300.606778,400,1537.634904
233.298523,1,1537.672585
336.220774,181,1539.127002
348.283317,187,1539.515431
-44.442681,60,1539.642966
-13.79692,300,1541.354638
233.298523,1,1541.39342
311.000719,400,1543.346541
914.960701,400,1544.255972
41.457924,29,1544.334172
38.998545,400,1546.150739
39.211002,400,1548.061445
-28.517024,300,1549.765278
541.199384,300,1550.404634
129.852093,341,1552.216607
543.705301,300,1552.982915
-13.409736,13,1553.042237
559.35672,300,1554.769619
81.553048,261,1556.493434
207.298403,1,1556.532579
181.527138,341,1557.269314
-140.21266,341,1559.095376
904.845281,400,1561.051892
55.515458,341,1561.725107
476.369148,341,1563.496703
72.889183,229,1563.946995
233.298523,1,1563.984335
-48.716797,300,1565.700002
514.217047,269,1567.356563
206.839572,1,1567.394052
565.677982,341,1568.052795
14.150982,17,1568.154023
494.870687,300,1569.866817
66.92146,273,1570.385221
1071.461108,300,1572.11118
351.550432,188,1572.505568
138.138985,341,1574.218732
-21.502905,9,1574.268665
31.112528,341,1576.084501
72.15411,275,1576.63412
403.13087,216,1578.168585
511.603576,341,1578.820773
-25.511636,23,1578.890475
394.167679,211,1580.412336
113.190535,341,1581.142944
296.851221,341,1583.06602
126.889587,341,1584.993399
99.476717,341,1585.738432
117.565677,341,1587.510872
6.060668,400,1589.441935
-6.426168,26,1589.552062
218.171664,148,1589.902106
49.127994,223,1591.427941
233.298523,1,1591.465569
-13.031187,13,1591.521851
111.842274,341,1592.198647
-28.694799,33,1592.293778
402.84608,215,1593.924914
449.393226,300,1594.583845
1020.588725,300,1596.286553
-21.686353,7,1596.333879
-14.467584,10,1596.387995
144.014915,327,1598.127294
130.309387,341,1599.095711
430.559431,229,1600.59251
97.339578,341,1601.46139
146.816906,341,1603.325066
206.747813,1,1603.362859
473.278588,341,1605.178914
233.298523,1,1605.21661
233.298523,1,1605.253799
227.982422,341,1606.061856
131.762649,341,1607.789369
68.496555,220,1609.386886
110.499239,238,1609.883535
416.136285,341,1611.705972
233.298523,1,1611.743891
63.803151,213,1612.266676
233.298523,1,1612.306133
321.541422,400,1614.228244
-1.980301,9,1614.277798
293.22532,400,1616.201868
-24.629699,341,1616.900896
379.343143,203,1618.425036
37.661644,109,1618.688295
134.524969,276,1620.379609
560.402593,300,1620.947994
-21.66355,1,1620.985131
-24.74359,16,1621.049872
135.314725,296,1622.838451
69.22189,258,1623.456195
128.775377,341,1625.283761
60.55326,325,1627.050098
912.098257,400,1627.912946
60.692716,271,1629.624852
-44.00992,400,1631.575647
178.529693,341,1632.274973
250.941146,341,1634.034417
220.987507,1,1634.072091
471.878794,300,1635.740378
-38.56437,400,1636.62526
279.479414,341,1638.434089
-76.066238,300,1640.202615
233.298523,1,1640.240371
148.179795,341,1640.9885
137.346493,341,1642.856546
436.077484,300,1643.529445
-87.028637,300,1645.200444
137.495473,341,1646.976023
2.048616,11,1647.027325
-51.085546,300,1647.851816
148.392306,329,1649.640657
222.440499,1,1649.678466
297.611601,400,1651.618147
-22.485236,11,1651.671373
-8.010375,6,1651.715577
468.580618,341,1652.455657
1059.389069,300,1654.14601
141.023352,341,1656.00858
-42.622852,400,1657.878907
131.849962,341,1658.642061
132.725502,341,1660.433033
146.422037,295,1661.163716
73.378944,213,1662.724714
145.944757,341,1663.440994
233.298523,1,1664.538973
51.054184,150,1664.835073
-80.60202,147,1665.14537
149.544308,341,1667.041085
467.604898,341,1667.860716
397.090667,212,1669.341215
63.861765,209,1669.944374
894.427333,400,1671.794274
342.208053,341,1673.554628
233.298523,1,1673.592293
464.52629,300,1674.263999
62.996825,204,1675.776994
312.678203,400,1676.704925
233.298523,1,1676.744755
-5.639678,28,1677.88143
-23.173188,12,1677.936226
49.492344,269,1678.483421
-31.137001,400,1680.442727
5.122452,400,1682.334679
-37.750258,300,1682.934853
897.089652,400,1684.796061
464.669017,300,1686.506807
28.282741,341,1687.320199
-29.109503,400,1689.309411
409.429246,219,1689.769806
889.90998,400,1691.650127
-27.900716,400,1693.685715
454.916524,341,1695.52517
124.399193,341,1696.363865
38.806004,400,1698.311839
-43.546602,400,1700.24544
227.445501,1,1700.283342
399.146652,212,1700.764709
79.058185,201,1702.279485
210.717755,1,1702.317439
1061.839868,300,1702.918554
124.374038,341,1704.699875
299.602212,400,1706.619009
-30.204832,400,1708.549521
233.298309,1,1708.587186
70.908123,208,1709.190082
-52.942417,300,1710.877934
372.537487,202,1711.397782
233.298523,1,1711.435528
532.076747,341,1713.26845
293.765415,341,1713.944274
580.181287,289,1715.644359
507.278142,300,1716.255066
-394.336873,341,1718.060512
139.40564,341,1719.775952
68.998414,276,1720.451596
122.420971,341,1722.243006
-24.688176,23,1722.316445
-37.716204,130,1722.584327
-21.860919,400,1724.505026
426.298347,226,1725.051041
121.681152,341,1726.761071
473.869985,341,1728.553295
482.453707,341,1729.347934
505.995471,254,1730.903496
594.711038,302,1732.603596
-33.622929,400,1733.479288
-23.357515,16,1733.53942
276.089335,142,1734.959278
73.165393,327,1735.622834
142.995929,341,1737.373834
19.798829,400,1739.238364
381.295691,205,1739.650346
-75.935654,341,1741.411812
571.690689,341,1742.28668
260.850465,300,1743.904712
37.275826,27,1743.982227
233.298523,1,1744.019561
140.505615,341,1745.865366
303.522268,400,1747.812969
896.188757,400,1748.713605
391.8308,300,1750.376336
372.6254,203,1750.853754
598.907807,341,1752.640576
334.104001,182,1753.022303
110.14443,341,1754.830547
40.712952,400,1756.636863
118.66979,341,1757.288724
899.368303,400,1759.253675
-59.162589,300,1760.909938
30.503272,25,1760.987418
-33.11619,40,1761.133337
-20.472125,2,1761.172656
208.551184,1,1761.210101
-56.993856,238,1761.792178
641.659254,341,1763.629473
-35.816614,341,1765.415426
394.841401,300,1766.005154
383.418264,211,1767.637396
355.229046,196,1768.039226
374.624913,202,1769.471589
-75.580334,300,1770.067563
284.937553,400,1771.989761
1061.43888,300,1772.650442
235.927312,1,1772.688211
359.218984,300,1774.377239
26.450103,400,1776.319491
120.811252,341,1777.102565
420.196353,245,1778.693353
327.844337,177,1779.101645
233.298523,1,1779.139194
211.15701,1,1779.176589
233.298523,1,1779.213707
-47.484571,300,1780.829328
1064.859726,300,1782.527098
-5.845485,8,1782.576426
34.653928,400,1783.442185
114.92991,341,1785.456387
420.534392,341,1787.23617
658.55836,332,1787.915697
-30.765348,40,1788.092283
-26.166634,24,1788.171232
-45.283919,300,1789.804793
-48.726863,300,1791.56093
233.298523,1,1791.600705
-7.004923,25,1791.674943
-17.088459,7,1791.721568
648.082355,328,1792.566259
305.974804,400,1794.379072
527.523242,341,1796.197618
-81.658775,300,1796.820523
49.112853,341,1798.570406
297.257452,400,1800.481522
-17.314771,400,1802.410117
233.298523,1,1802.44786
-13.265149,15,1802.507936
147.301146,341,1803.221002
471.107096,341,1804.975811
-53.293659,241,1805.476878
307.642178,400,1807.386901
-9.776914,5,1807.43171
2.375601,400,1809.300363
-39.707041,300,1810.99417
232.961671,1,1811.031849
89.36074,341,1811.659141
138.623733,341,1813.456097
59.632071,400,1815.409373
-36.609769,300,1816.112116
133.02734,341,1817.891981
346.848381,300,1818.591249
283.974964,400,1820.628282
270.044975,341,1822.499105
233.298523,1,1822.536698
233.298523,1,1822.57393
913.440884,400,1824.558318
118.388169,341,1825.440042
-20.346763,300,1827.101241
407.988358,221,1827.646248
-14.5112,400,1829.55365
-20.46518,400,1831.47796
402.733163,216,1831.958635
233.298523,1,1831.996199
-16.573474,400,1833.872895
530.594559,341,1835.663581
37.507924,264,1836.200486
423.460875,300,1837.970174
233.298523,1,1838.008122
1057.267984,300,1839.731311
233.298309,1,1839.769081
-22.286469,14,1839.860395
1059.339096,300,1840.517627
495.974881,341,1842.267475
889.042856,400,1844.193918
233.298523,1,1844.231949
338.419781,341,1844.954447
31.009447,252,1846.633208
143.370757,341,1847.469686
236.742921,341,1849.346718
-13.928932,300,1850.983754
233.298523,1,1851.021935
-12.540256,19,1851.087309
171.069933,341,1851.734637
68.540474,252,1853.471251
461.836683,341,1855.233931
448.919972,283,1855.957345
401.632866,211,1856.374646
561.853307,341,1858.238085
435.310627,300,1859.897818
900.631055,400,1861.791829
-9.604893,28,1861.872121
56.157205,400,1862.928072
49.535453,400,1864.989637
338.276339,341,1866.713922
314.886303,400,1868.562658
10.023285,15,1868.621314
-8.272054,300,1869.219251
123.657192,341,1870.975194
419.348192,300,1871.66331
52.544327,400,1873.6245
206.810732,1,1873.662203
43.770436,296,1875.381869
-29.111491,300,1876.098727
222.830456,117,1877.445081
-38.87072,54,1877.562294
41.634936,400,1879.513148
370.323319,341,1880.221187
409.207602,341,1881.993724
418.972218,300,1882.634475
927.291719,400,1884.631665
148.295277,341,1886.593432
410.82833,300,1887.358333
298.183459,400,1889.23646
44.59601,216,1890.798454
-105.530725,233,1891.25336
108.689421,266,1892.892127
426.601286,229,1893.30572
177.96258,362,1895.197637
29.675376,105,1895.428658
420.436483,223,1896.01774
233.298523,1,1896.055332
233.298523,1,1896.092464
21.050526,20,1896.158574
125.71399,341,1897.91296
-48.067341,400,1899.755088
30.561408,119,1900.137105
-79.525749,148,1900.449673
341.957457,184,1901.895442
913.262532,400,1903.697814
57.202768,400,1904.70734
217.692155,1,1904.745497
129.078215,341,1906.583401
135.966157,341,1908.400684
375.67876,201,1908.811588
-31.764421,400,1910.688257
-24.833778,300,1911.252765
371.070945,200,1912.721725
233.298523,1,1912.759232
587.587608,341,1914.53517
42.572076,289,1915.155357
1071.163169,300,1916.926868
233.298523,1,1916.964618
581.548025,341,1917.686437
53.649691,341,1919.417705
343.693363,187,1919.847753
-13.884817,300,1921.524354
-19.502116,1,1921.563961
416.570344,221,1922.069295
-21.197229,5,1922.113949
-17.954937,1,1922.151724
898.390682,400,1923.989748
404.097827,219,1925.55802
65.343722,341,1926.306363
125.214113,341,1928.195793
34.933752,400,1930.158516
148.214375,341,1930.941336
347.760201,189,1932.389111
368.320444,197,1932.929771
-22.64581,10,1932.984611
558.28965,341,1934.754731
1070.343093,300,1935.449775
42.432377,31,1935.540632
4.087109,300,1937.191025
352.370486,341,1938.948422
119.989421,341,1939.718247
34.435112,400,1941.598124
-28.44477,32,1941.684342
233.298309,1,1941.721469
1064.769133,300,1943.346154
168.151492,341,1945.147198
-15.071496,8,1945.193996
400.730325,217,1945.704614
211.811894,1,1945.742153
120.941365,341,1947.578371
187.065954,371,1948.57936
486.01579,341,1950.288599
201.697786,341,1952.078507
217.900353,115,1952.358358
386.328448,289,1952.909392
341.468172,300,1954.662582
322.522641,300,1956.375316
886.723019,400,1957.241617
233.298523,1,1957.27917
292.831454,300,1958.942285
895.347522,400,1960.841072
-43.359121,265,1961.451107
354.937372,300,1963.105815
66.751702,262,1963.565587
92.731112,341,1965.384128
156.941495,308,1967.190955
-17.366738,300,1967.818078
233.298309,1,1967.855999
-15.48778,27,1967.93404
346.103986,187,1969.347484
170.263537,351,1970.089736
322.355964,400,1971.960541
61.186246,400,1973.903415
324.239453,176,1974.320466
-12.002655,4,1974.361974
359.754051,194,1975.902339
123.881909,341,1976.649166
411.578767,341,1978.560964
374.668255,300,1980.243929
129.838441,341,1981.008674
153.300516,341,1982.725619
124.280282,341,1984.587036
297.695733,400,1985.332314
515.25201,266,1986.966637
36.251438,400,1988.92424
166.919319,350,1989.728441
-20.563749,1,1989.765721
341.518971,186,1991.183794
33.228151,400,1992.216083
94.064276,341,1994.041358
11.183523,17,1994.101181
110.856384,341,1995.83212
166.211565,341,1997.654582
216.286622,1,1997.692405
-7.981411,6,1997.738716
385.329605,208,1998.34019
-12.805279,400,2000.300122
889.334964,400,2001.099286
-25.55382,300,2002.758832
-33.677579,300,2004.39503
233.298309,1,2004.432708
409.702518,300,2005.129033
-52.652439,232,2006.732931
-8.001408,300,2007.441564
351.575136,191,2008.908563
233.298523,1,2008.946249
315.802093,173,2009.350774
-1.531411,33,2009.446871
300.412133,341,2011.264846
219.442859,115,2011.557351
-22.839828,10,2011.611766
-45.975483,215,2012.100641
288.386822,400,2014.054953
140.63259,341,2015.913838
360.671188,190,2016.382064
398.307567,341,2018.204605
418.658551,221,2018.777785
122.855501,341,2020.652274
233.298523,1,2020.689902
137.820666,341,2022.469761
138.689235,341,2023.295832
597.13082,341,2025.089828
907.991468,400,2026.96311
-20.855388,5,2027.005669
159.030253,341,2027.703414
351.919174,190,2029.232801
-15.735867,300,2029.859012
1059.036326,300,2031.521852
-53.156095,300,2033.266221
-1.952034,9,2033.317424
-21.723256,7,2033.366976
62.224747,282,2034.025731
341.762652,184,2035.527714
-39.39132,300,2036.14179
568.516686,341,2037.882519
233.298523,1,2037.920087
317.716224,171,2038.248761
-45.457845,300,2039.940404
447.426069,300,2040.464514
599.173142,341,2042.209885
-25.823668,400,2044.134843
-24.532983,28,2044.215121
60.377408,265,2044.679153
-5.667271,7,2044.726366
-19.446737,1,2044.764045
233.298523,1,2044.802154
6.092018,400,2046.762934
60.345842,208,2047.241287
478.903298,300,2048.915616
233.298523,1,2048.953327
581.173241,341,2050.811455
-156.998567,341,2051.542406
-5.967284,300,2053.292292
77.273996,277,2054.893905
294.702928,400,2055.642007
63.238845,341,2057.393969
-35.064951,300,2059.066351
409.993222,341,2059.865546
391.243533,210,2061.483011
39.652363,106,2061.701701
103.60989,237,2062.382949
424.5907,227,2064.041108
267.573772,400,2066.012254
233.298523,1,2066.050237
-9.933025,300,2066.702974
59.922331,201,2068.273012
321.04588,341,2068.945159
489.405106,300,2070.611076
521.741896,260,2071.189012
455.119668,261,2072.791911
233.298313,1,2072.829312
-20.991725,300,2073.565741
374.375942,341,2075.239264
-111.364419,273,2077.05811
488.392252,300,2077.771585
168.428986,341,2079.508481
-27.633592,33,2079.595551
893.654483,400,2081.678331
-30.29895,118,2081.913044
245.341589,153,2082.326968
144.320223,341,2084.041331
233.298523,1,2084.081665
233.298309,1,2084.119097
312.391392,400,2086.050418
-25.638159,400,2086.935194
-52.001106,381,2088.89301
345.401824,190,2090.428793
127.001852,341,2091.194226
508.181163,341,2093.002878
233.298523,1,2093.040372
905.229966,400,2094.975867
355.558597,191,2095.371796
167.918686,341,2097.079332
371.173342,193,2097.432229
-42.026735,400,2099.32071
438.406356,233,2099.864564
493.130401,300,2101.567543
1076.594401,300,2102.321052
503.346853,300,2104.024498
233.298309,1,2104.062312
489.177633,300,2105.822286
405.427614,217,2106.253263
-19.476595,1,2106.291637
50.699766,400,2108.207182
233.298523,1,2108.245048
355.735542,190,2108.632742
18.250569,19,2108.698347
367.488394,196,2110.191493
130.350621,341,2110.863137
-42.212458,400,2112.870576
463.637171,341,2114.65576
322.062237,174,2115.047411
147.316937,341,2116.922297
1071.83463,300,2117.778535
532.631381,341,2119.543047
124.709029,341,2121.495281
59.50716,231,2122.014063
511.389057,341,2123.865194
389.345038,341,2124.614195
430.546001,341,2126.379026
430.007154,341,2128.19567
233.298523,1,2128.235507
388.735842,253,2128.874345
-5.554805,300,2130.615128
508.303744,300,2131.269226
369.699438,199,2132.699512
171.263958,341,2134.459438
-37.767153,400,2135.480631
63.086089,400,2137.429979
-1.054384,265,2139.172172
-45.724567,400,2140.131698
233.298523,1,2140.169446
478.967505,341,2141.847952
72.966914,267,2143.7161
541.667329,272,2144.264354
-48.291595,400,2146.138067
-44.237982,400,2148.097288
293.65521,400,2148.872948
-4.04967,300,2150.521547
514.032885,341,2152.245244
-35.950563,53,2152.363662
292.177006,400,2154.378569
-30.123754,300,2155.095889
42.815928,341,2156.892766
417.910432,225,2157.404717
156.383831,341,2159.173064
86.872964,341,2160.853862
409.353962,341,2161.60938
150.206413,301,2163.295425
-156.060792,341,2165.134469
609.568809,341,2165.783277
233.298523,1,2165.821084
526.567935,341,2167.588804
571.054334,341,2169.423549
399.081369,214,2169.818239
-6.289019,27,2169.928603
488.31572,341,2171.781333
501.044958,341,2172.526326
-11.617194,300,2174.149765
233.298523,1,2174.187302
410.334562,341,2175.959883
294.629676,400,2176.778391
-8.692908,24,2176.851773
-20.310882,1,2176.889424
233.298523,1,2176.926375
-118.328277,249,2178.576981
510.699786,341,2180.326927
163.658527,341,2180.978081
138.050837,341,2182.847118
-22.812567,18,2182.914704
-22.826128,19,2182.984442
211.979229,1,2183.022156
314.175794,400,2184.942131
452.730363,341,2185.710407
233.298523,1,2185.748314
499.030609,341,2187.510377
300.683378,400,2189.465986
59.584153,182,2189.803727
57.501443,196,2191.301381
0.03051,10,2191.353312
233.298523,1,2191.390755
62.79011,400,2192.237005
-40.95029,300,2193.928995
468.383609,341,2195.832926
207.084605,1,2195.870621
407.534862,300,2196.523458
126.211078,341,2198.257974
78.953098,400,2200.088838
158.056755,314,2200.940504
445.834023,300,2202.557919
446.728796,300,2204.284862
475.433456,341,2205.091007
233.298523,1,2205.1292
-27.255208,29,2205.219535
116.11484,341,2206.982807
195.807717,381,2209.060511
-6.097809,35,2209.183337
601.699318,341,2209.820001
489.230303,341,2211.615635
77.797193,263,2213.237576
-34.937949,400,2214.131907
6.038353,15,2214.228543
233.298523,1,2214.265994
148.51988,341,2216.033983
233.298523,1,2216.071888
370.994556,341,2217.853369
204.458905,111,2218.160376
370.019185,341,2219.927942
408.733668,229,2220.377647
480.62564,341,2222.253537
866.536605,300,2222.841956
27.3449,400,2224.687935
107.910705,341,2226.403629
489.955178,341,2227.170112
156.274202,341,2228.970452
403.996475,300,2230.634588
165.736564,341,2231.297419
40.330625,400,2233.37666
371.864791,206,2233.829159
279.670377,148,2235.192763
169.266936,341,2235.990306
-33.85191,300,2237.772599
25.169367,22,2237.847866
233.298523,1,2237.885073
1029.268226,300,2239.631376
437.103372,341,2240.428946
-136.810272,341,2242.267681
937.777077,300,2243.998985
564.580223,285,2244.580229
233.298523,1,2244.617833
44.782698,261,2246.263857
899.840884,400,2247.039583
26.321789,23,2247.108759
-38.532533,300,2248.837248
236.097446,1,2248.875187
-26.311288,26,2248.958663
7.870114,400,2250.800079
-17.881115,1,2250.83754
67.415141,260,2251.448499
-25.190673,27,2251.59551
-69.222599,400,2253.50838
294.955444,400,2255.440877
-59.47943,400,2257.468006
19.667533,400,2259.422472
-11.523868,4,2259.465983
339.660065,187,2259.933177
467.985553,341,2261.688243
160.171633,341,2262.416091
170.188543,341,2264.196049
-20.343622,2,2264.23516
418.449843,223,2264.675242
443.805677,242,2266.277377
121.747962,341,2268.193217
-85.777349,300,2268.833031
-84.645319,300,2270.577043
27.066141,400,2271.385483
514.701979,300,2273.075578
172.414311,341,2274.868104
1039.739471,300,2275.583411
-39.152597,300,2277.337959
296.525406,400,2279.28349
431.96413,232,2279.741582
890.130863,400,2281.6536
229.650575,1,2281.691598
412.221107,231,2282.24585
140.878731,341,2284.070601
-29.340812,300,2285.735712
-27.402227,300,2286.439054
394.285339,217,2288.006864
371.019304,206,2288.4459
-48.723287,192,2288.859825
331.95883,181,2290.2694
913.14151,400,2292.191166
212.476078,1,2292.229042
164.613314,341,2293.062145
284.282121,400,2295.030078
527.668136,341,2296.827325
-3.885782,35,2296.913891
233.298523,1,2296.951304
328.423557,183,2297.417449
-16.492495,7,2297.465024
-34.294303,35,2297.562223
573.784517,341,2299.294516
-21.527297,300,2299.960811
233.298523,1,2299.99833
207.363637,1,2300.035567
380.783459,219,2301.717774
-19.343336,300,2302.472068
474.634343,341,2304.286112
64.642037,304,2306.046018
293.000347,154,2306.349175
68.416184,237,2306.909254
67.461266,204,2308.386127
1073.321055,300,2309.068181
4.718538,400,2310.942675
233.298523,1,2310.980272
-27.717757,48,2311.16326
233.298523,1,2311.200591
212.309972,1,2311.23807
1043.197558,300,2312.902062
-23.808067,15,2312.960469
366.388526,201,2313.304029
-20.236996,1,2313.341916
227.189892,1,2313.379178
-73.434538,400,2315.396223
78.210467,221,2317.081044
233.298523,1,2317.119099
1029.380413,300,2317.715318
564.380548,300,2319.453684
233.298523,1,2319.491984
308.57771,400,2321.469429
-15.298524,400,2322.40307
350.577191,198,2323.919135
22.505715,21,2324.021475
231.572324,1,2324.059144
421.841752,307,2324.651313
306.891497,173,2326.0906
233.298523,1,2326.12839
67.224287,280,2326.840723
233.298523,1,2326.878181
1.689111,400,2328.691786
412.857659,228,2329.186569
-22.733934,11,2329.243737
1050.2544,300,2330.983644
75.716404,255,2332.616736
284.295654,341,2333.311583
-88.934816,300,2335.010259
289.356144,163,2335.352346
547.569813,300,2337.063329
1042.346566,300,2337.815684
80.789236,287,2339.532522
233.298523,1,2339.570668
499.464901,341,2341.435928
-344.443559,341,2342.207278
85.140159,341,2343.991159
525.073011,300,2344.588167
-92.764068,300,2346.278739
328.100162,186,2346.697312
17.492334,400,2348.643659
155.249748,341,2350.465138
286.808548,188,2350.820111
-92.107818,300,2352.510807
75.134933,256,2353.171759
-90.829808,341,2354.980038
-99.546061,300,2356.818572
357.00486,331,2357.413608
10.303359,15,2357.472199
71.929933,253,2359.01682
954.269685,300,2359.642313
233.298523,1,2359.679962
93.123019,341,2361.602307
-15.974335,2,2361.640986
198.062975,163,2361.98824
137.192888,341,2363.831468
615.810013,341,2365.584338
311.304147,171,2365.952484
233.298523,1,2365.989953
219.574506,1,2366.027431
63.851924,271,2366.65078
-25.950483,25,2367.785444
281.382256,158,2368.12162
233.298523,1,2368.160134
537.28295,341,2369.980626
74.813211,290,2370.662626
313.245302,180,2371.075367
-21.427007,6,2371.120861
-49.550546,183,2372.591162
233.298523,1,2372.628673
-83.550727,300,2373.297314
143.5537,341,2375.133565
958.508884,300,2376.91625
-23.168502,33,2377.0082
240.477148,1,2377.045952
282.579445,161,2377.483408
291.990879,400,2379.497646
233.298523,1,2379.535332
157.134057,341,2380.312427
141.370733,341,2382.132309
2.046259,11,2382.184043
-40.315575,176,2382.547812
71.098505,238,2384.167319
325.143364,400,2386.045516
-44.888891,206,2386.563569
319.558902,179,2387.057806
404.433598,242,2388.586433
147.272262,341,2390.491236
397.392624,341,2391.192641
-51.438577,300,2392.961528
-43.596411,178,2393.49966
226.598698,1,2393.53719
466.716285,239,2395.186123
14.177481,17,2395.246871
544.383795,300,2396.072585
-19.380094,1,2396.109477
-57.773042,300,2397.93798
83.624969,400,2399.881456
328.738917,182,2400.264469
136.177074,341,2402.037633
54.973247,400,2402.898105
311.217054,400,2404.780101
71.126101,308,2406.514546
145.40274,291,2407.215324
74.913292,288,2408.853533
233.298523,1,2408.891107
27.420488,400,2410.805912
233.298523,1,2410.843789
38.237588,30,2410.922807
80.533445,225,2411.455552
80.804295,247,2413.173564
-58.99006,400,2415.237948
-51.204416,124,2415.49395
142.378644,341,2416.289026
891.349082,400,2418.203396
-52.395774,400,2420.051055
-97.356559,300,2421.721045
10.780826,15,2421.779631
66.391253,197,2422.286334
539.166316,300,2423.957444
211.203806,1,2423.995419
-60.829489,400,2424.889112
233.298523,1,2424.926725
528.027025,341,2426.737539
233.298523,1,2426.775335
-24.771216,20,2426.918417
233.298523,1,2426.95581
366.06071,341,2428.741949
-67.548102,300,2429.45383
-39.901167,400,2431.349149
212.959192,1,2431.387105
154.354168,341,2433.241419
79.208089,196,2433.741732
513.208019,341,2435.541484
60.931258,175,2435.969612
91.162123,400,2437.912145
71.093283,231,2438.471326
-0.990077,300,2440.089432
233.298523,1,2440.127105
114.664229,400,2442.097151
62.264293,293,2442.772503
-2.295469,300,2444.458913
323.611555,177,2444.85564
57.766038,186,2446.321337
56.852825,176,2446.695942
471.78013,300,2448.57072
64.632143,321,2449.254549
492.308113,248,2450.793441
233.298523,1,2450.830905
233.298523,1,2450.867985
233.298523,1,2450.905104
152.892154,341,2451.728659
-54.637206,245,2453.443984
-220.747281,341,2455.375853
357.445844,193,2455.730213
56.078985,183,2456.229584
1010.376871,300,2457.979488
501.866261,300,2458.743656
-34.557039,300,2460.473031
461.071273,245,2461.062431
4.949066,300,2462.836531
233.298523,1,2462.874304
398.29452,219,2464.570423
233.298523,1,2464.607866
489.487747,300,2465.252839
233.298523,1,2465.290698
495.123444,341,2467.133879
165.617975,341,2467.939697
361.4625,322,2469.600665
58.706242,255,2471.220592
109.643489,400,2472.053972
233.298523,1,2472.091555
896.498547,400,2473.953423
59.071117,195,2475.51299
63.117992,188,2475.863788
420.297685,341,2477.608194
13.896696,16,2477.667598
67.310336,200,2478.069614
67.140312,202,2478.440787
10.79217,300,2480.143541
-6.15352,27,2480.229789
-20.386141,400,2482.177155
-32.391296,300,2482.806641
48.620894,183,2484.229808
64.362398,194,2484.592518
-16.018652,4,2484.63381
49.682796,204,2486.158585
-59.8511,300,2486.75607
39.631543,161,2487.10404
-19.447505,1,2487.142299
-42.929333,300,2488.795837
418.251635,226,2489.280999
233.298523,1,2489.31834
150.786577,341,2491.077763
233.298523,1,2491.115643
452.24612,286,2492.712647
74.752307,208,2493.15659
455.271026,341,2494.929183
506.180779,341,2495.580128
169.188436,341,2497.360728
-8.756897,22,2497.429011
233.298523,1,2497.468429
5.302462,300,2499.127212
174.466348,341,2499.85771
58.356418,197,2501.252167
233.298309,1,2501.291764
-47.375851,300,2502.045109
185.281776,357,2503.889406
87.09295,254,2505.509341
227.513994,121,2505.798572
362.922312,207,2506.245666
370.91634,189,2507.763072
493.132606,341,2508.478813
1061.295292,300,2510.199189
291.08575,400,2512.013499
1076.483596,300,2512.637074
902.815027,400,2514.530929
69.837997,202,2515.031704
345.973853,189,2516.521097
-43.503535,62,2516.683898
1071.847223,300,2517.331704
-5.264788,300,2519.028159
1075.925911,300,2520.717497
-21.323797,8,2520.764826
-26.906885,26,2520.874472
4.403259,12,2520.929652
-13.35911,12,2521.019169
-29.237536,400,2521.865844
-23.285812,300,2523.570329
74.588128,55,2523.687549
110.818728,400,2525.598059
83.615376,271,2526.215862
236.371613,124,2527.670702
5.238658,300,2528.386185
-10.591236,300,2530.041718
-24.00645,21,2530.107243
522.297239,300,2531.800683
100.792407,400,2532.57129
-0.533029,300,2534.249324
264.72324,138,2534.833041
909.199008,400,2536.655373
55.356984,171,2537.015247
176.616794,341,2538.795653
56.355729,264,2539.375365
233.298523,1,2539.412943
75.229186,253,2540.921989
-49.50518,300,2542.626153
563.662735,341,2543.482499
233.298523,1,2543.520281
233.298523,1,2543.557773
924.457252,400,2545.564458
94.638156,341,2547.402949
319.778374,173,2547.736774
-23.33672,35,2547.8239
-12.806808,18,2547.885094
312.861106,400,2549.700886
315.810007,400,2551.768636
-43.8093,206,2552.250122
42.889116,400,2554.11302
-35.631793,300,2554.824513
375.501135,201,2556.338065
-29.067129,6,2556.385172
-17.220258,300,2557.092818
-23.222751,300,2558.788891
893.939289,400,2560.707333
442.22833,300,2561.359718
-26.769268,400,2563.280611
353.755169,192,2564.854653
-14.631701,300,2565.483331
-11.191044,300,2567.273781
29.275574,24,2567.346993
108.95133,341,2568.215618
-20.170103,1,2568.252423
-45.849097,215,2569.834535
551.604994,277,2570.41376
-19.860508,195,2571.800288
132.034154,341,2572.447962
-25.30132,300,2574.113446
1111.289466,300,2575.814203
355.632236,195,2576.247849
58.273576,189,2576.6773
151.198487,341,2578.427021
233.298523,1,2578.464985
-37.158696,300,2580.193932
59.628256,191,2580.617752
508.246826,341,2582.456731
136.587825,341,2583.178229
-19.500002,1,2583.214953
144.220989,341,2585.099948
393.727909,211,2585.529669
187.383991,375,2587.375151
898.360088,400,2589.329343
233.298523,1,2589.369195
66.506428,153,2589.703012
385.384566,208,2591.167211
-44.711719,300,2591.89036
-10.099166,13,2591.947519
-72.17556,299,2593.804979
73.271774,210,2594.297176
139.033051,341,2596.019839
61.452116,203,2596.390211
107.959588,341,2598.214255
222.292859,341,2599.956637
188.784331,341,2600.79443
516.41194,341,2602.536163
215.778035,118,2602.86249
58.950907,180,2604.288085
-17.12084,400,2605.379515
316.082836,172,2606.737505
886.907053,400,2607.669803
353.766724,192,2609.055001
233.298523,1,2609.092227
56.343967,169,2609.507797
-21.86233,11,2609.563934
233.298523,1,2609.601405
1.756546,300,2611.358895
-9.367717,21,2611.426729
891.460861,400,2613.302092
515.779138,300,2613.930547
115.05901,341,2615.697212
892.54765,400,2617.579524
-23.257913,341,2618.25316
336.235493,181,2619.739333
510.760627,300,2620.412991
36.708349,114,2620.649134
419.241463,341,2622.446446
135.142061,341,2624.210922
357.298212,193,2624.640843
133.750771,341,2626.38544
407.111076,341,2627.128583
207.886244,1,2627.166722
233.298523,1,2627.204078
379.58317,203,2628.709586
911.481316,400,2630.640765
60.316692,214,2631.035233
509.897121,341,2632.82484
99.597417,224,2633.520425
233.298309,1,2633.558012
-18.494199,3,2633.597872
-21.331587,18,2633.667321
131.841684,341,2635.526219
233.298523,1,2635.563926
233.298523,1,2635.601056
141.382207,341,2637.379578
304.243821,166,2637.741617
283.562546,400,2639.767959
319.268332,175,2640.164218
98.403965,400,2642.112596
320.014723,173,2642.475956
144.654193,341,2644.17511
136.80437,341,2644.854249
742.717809,367,2646.800607
1073.622867,300,2648.456649
1066.183393,300,2649.171516
429.139627,231,2650.834523
539.430624,341,2651.652916
95.158282,194,2653.105007
56.466282,172,2653.558365
312.073326,171,2654.11637
293.78784,400,2656.036384
-51.122344,21,2656.107487
233.298523,1,2656.144892
-17.787353,4,2656.187238
295.393262,400,2658.044049
222.747499,1,2658.081917
395.047227,213,2659.694736
-21.014672,400,2660.664739
-20.813273,4,2660.707542
-21.522603,1,2660.744138
233.298523,1,2660.781247
32.333865,27,2660.8561
51.902239,159,2662.190446
233.298631,1,2662.228209
145.168024,341,2663.044672
300.142416,164,2664.421196
365.82981,198,2664.819978
378.63866,341,2666.537969
525.761032,300,2667.196344
84.595366,322,2668.957914
174.540988,341,2670.807125
145.714183,341,2671.616866
418.877381,341,2673.469259
293.877541,400,2675.427154
143.961003,341,2676.264776
375.34873,202,2677.69958
-9.021597,29,2677.778139
366.215396,195,2678.332554
24.310459,22,2678.408526
-38.456363,15,2678.468821
162.228016,343,2680.344066
209.738346,1,2680.382467
132.8907,341,2682.298423
233.298523,1,2682.339126
411.567084,219,2682.776159
-3.416192,30,2682.858528
681.140524,338,2684.610978
314.026824,170,2685.003089
2.063305,11,2685.054855
48.152054,284,2686.60655
1071.102472,300,2687.363034
743.546535,372,2689.16542
-7.142355,300,2690.868244
138.683149,341,2691.533376
62.280591,148,2692.926296
-11.188969,21,2692.992199
-20.533998,10,2693.042401
-15.91149,2,2693.082024
55.873553,211,2693.577354
54.100081,341,2695.49083
-32.964388,400,2696.41122
-8.279941,23,2697.543948
82.872003,341,2698.25259
55.852692,177,2699.671576
479.069078,341,2700.472113
146.755109,400,2702.323947
-15.693578,12,2702.417294
382.887929,341,2704.299425
476.144029,300,2704.955717
1066.66007,300,2706.695268
87.206466,277,2707.287867
1065.634137,300,2708.932095
-20.445683,16,2708.993631
519.939207,300,2710.72592
465.939478,341,2711.409714
-17.971353,8,2711.45698
389.955828,341,2713.138884
57.326134,169,2713.512682
-86.977606,300,2715.204793
507.668286,300,2715.831112
1068.232105,300,2717.488867
-37.507109,400,2719.368836
233.298523,1,2719.406589
398.657464,213,2719.813536
520.072588,341,2721.84176
207.552904,1,2721.879551
233.298523,1,2721.91674
60.61994,198,2722.420393
210.978269,1,2722.458337
305.790403,327,2724.240464
233.298523,1,2724.278655
532.222408,300,2725.009481
153.639659,341,2726.820709
-29.29381,400,2728.774158
120.350341,400,2730.646482
313.796836,400,2731.45355
-18.02119,300,2733.30213
956.74499,300,2735.033448
571.632307,341,2735.682073
373.790387,203,2737.194781
27.348911,23,2737.264682
126.319684,282,2737.908605
148.84911,341,2739.660321
1069.097608,300,2741.347147
-13.222139,15,2741.405411
4.475827,300,2742.117836
377.148637,205,2743.636329
138.319479,341,2744.404878
66.342745,193,2745.883215
-50.390876,300,2746.634465
-25.90435,22,2746.710974
885.56917,281,2748.397192
-22.645521,15,2748.454225
162.607436,314,2749.059057
3.769036,300,2750.797323
4.576814,300,2752.523326
60.601663,199,2752.937866
51.954958,231,2753.444897
-49.087204,300,2755.320999
69.436451,237,2756.943042
550.571639,341,2757.597614
53.51872,253,2759.21984
18.096725,19,2759.291231
59.865222,204,2759.777418
-19.501613,1,2759.814329
116.008051,267,2761.468977
472.569547,341,2762.212325
125.712534,341,2763.904135
-18.498388,3,2763.944358
233.298523,1,2763.981573
-40.242217,171,2764.345506
-53.189051,300,2766.027474
63.867402,257,2766.629978
160.818761,319,2768.371858
159.045134,341,2770.186166
443.190525,242,2770.723114
-53.034573,23,2770.79829
-9.630397,261,2772.494493
163.561443,341,2773.191508
290.468653,400,2775.139006
157.886473,341,2776.928303
96.393515,400,2778.795355
288.635876,400,2779.531764
58.014705,38,2779.661039
233.298523,1,2779.698475
-21.028407,400,2781.564918
440.351004,341,2783.330268
82.19358,400,2785.332137
338.492169,341,2786.217443
162.573643,341,2788.017291
-21.338455,300,2789.721845
-25.627447,300,2790.432227
165.845606,341,2792.282968
-16.01027,3,2792.323685
-19.502921,1,2792.360126
-106.48166,289,2793.101635
-100.354559,251,2794.72838
-22.807165,10,2794.814895
215.54849,1,2794.852491
459.024757,240,2795.387681
296.502951,400,2797.404605
-36.989475,300,2799.054824
123.645573,254,2799.654348
142.943643,341,2801.428586
-20.273115,400,2803.298223
-13.056731,300,2803.979022
155.418575,341,2805.777409
585.965761,341,2807.541189
148.495717,341,2808.222351
493.28902,341,2809.996573
-21.24555,7,2810.042815
233.298142,1,2810.080159
167.386131,341,2811.799472
158.430604,341,2812.46184
-119.341955,271,2814.132421
82.0618,400,2816.006644
233.298523,1,2816.044437
233.298523,1,2816.08167
515.100642,235,2816.634558
325.39921,178,2816.959419
309.119486,169,2818.417321
385.332878,210,2818.801991
879.371872,400,2820.715573
472.799142,242,2821.260041
287.846492,158,2822.696747
-5.727287,7,2822.746361
121.193212,341,2823.481969
382.94519,204,2824.991845
233.298523,1,2825.030379
171.556962,353,2826.865974
-21.456531,14,2826.920938
357.976267,194,2827.311052
233.298523,1,2827.34849
108.936602,400,2829.23751
298.055094,400,2830.053965
103.950185,341,2831.809741
298.793115,155,2832.161783
-24.244347,400,2834.021604
111.150375,341,2835.902389
435.26099,239,2836.441896
315.084818,184,2837.900366
231.543444,123,2838.232136
409.519998,223,2838.727338
145.923721,341,2840.525614
489.586071,300,2842.397612
304.101795,164,2842.76939
66.267407,241,2843.364797
220.532245,1,2843.403898
119.36953,248,2845.025716
207.219264,1,2845.063548
139.368503,341,2846.847507
-25.09906,300,2847.403779
-11.997239,4,2847.446285
-17.966511,1,2847.484052
543.796169,274,2849.138713
445.766686,238,2849.672653
912.670672,400,2851.510995
-25.263282,21,2851.580241
-21.930401,8,2851.628035
356.410321,306,2853.365676
547.221803,277,2853.972233
46.609778,315,2855.686451
-26.209309,300,2856.244447
-54.950201,400,2858.198643
467.587664,300,2860.033733
453.818381,244,2860.5947
160.824391,341,2862.412411
-19.196818,300,2863.084372
323.437222,400,2865.01297
193.010289,341,2866.862471
480.986583,300,2868.507354
7.951057,300,2869.150231
143.560671,341,2870.955285
478.490124,341,2871.740013
142.363385,341,2873.454506
-17.83377,4,2873.497161
-13.477098,13,2873.554628
138.922504,341,2875.354383
212.738965,1,2875.3927
-47.998293,300,2875.995834
155.070342,341,2877.766231
473.386475,341,2879.619411
399.189172,212,2880.07624
108.585235,259,2881.778553
497.011647,341,2882.504973
-3.576945,8,2882.55568
742.794491,376,2884.314646
233.298523,1,2884.354303
-19.488559,1,2884.391183
907.758199,400,2886.271441
635.36435,311,2887.057807
-20.465259,300,2888.712189
21.611229,341,2890.459119
902.890002,400,2891.307487
512.058776,341,2893.090333
-28.521754,300,2894.878178
18.42701,21,2894.952032
-34.531439,49,2895.110852
357.778023,195,2895.608775
472.066805,300,2897.324811
-4.907842,300,2897.952333
122.597466,341,2899.672426
212.59022,1,2899.710409
1059.805718,300,2901.36002
482.336512,300,2901.954845
-24.826043,16,2902.050708
126.320187,400,2903.853863
880.426932,400,2905.69466
312.68228,400,2907.598687
-305.99804,341,2908.406972
419.051166,225,2909.991139
674.2121,339,2910.72441
233.298309,1,2910.761982
-43.277238,300,2912.395556
391.075805,210,2912.889589
464.677258,300,2914.589393
196.561725,341,2916.305765
233.298523,1,2916.343683
381.05476,208,2916.940376
-18.0773,400,2918.953002
473.16553,300,2919.672162
18.267712,19,2919.734657
-13.799407,10,2919.78457
233.298523,1,2919.82178
-84.535874,181,2921.293758
-15.456633,400,2923.193718
1053.49097,300,2923.74584
1069.846251,300,2925.521364
248.888747,129,2925.817434
233.298523,1,2925.854782
-17.408342,400,2927.913339
474.685523,341,2928.734296
64.620053,328,2930.475516
242.917162,1,2930.51413
296.107275,341,2932.303632
233.298523,1,2932.341315
-24.747426,400,2934.27289
0.007439,300,2934.854207
399.649634,216,2936.423687
233.298523,1,2936.46179
149.40626,341,2937.117037
8.037349,300,2938.888221
102.704529,341,2940.746152
-34.263692,300,2941.352466
85.742484,292,2943.059541
4.615693,300,2943.646594
-13.899206,11,2943.699398
420.050102,229,2945.214285
-17.939009,1,2945.252633
233.298523,1,2945.289802
1101.482486,300,2945.877095
390.962679,216,2947.373168
233.298523,1,2947.412828
400.111731,212,2947.836354
-24.113517,16,2947.898072
0.005766,11,2947.951096
363.653938,195,2949.560077
-41.817802,400,2950.358233
233.298523,1,2950.395881
77.774295,265,2952.132162
483.609199,341,2953.924912
63.763723,205,2954.332884
402.848165,217,2954.93731
379.532333,207,2956.444252
56.802215,207,2956.943256
375.308237,341,2958.800409
-37.653536,264,2959.323614
1062.335073,300,2960.988901
342.832354,285,2962.709032
18.979074,300,2963.30372
-11.786993,15,2963.364185
-21.143243,10,2963.413745
443.412821,300,2965.122722
443.714134,238,2965.738727
491.922356,341,2967.489349
-39.584182,167,2967.841739
233.298523,1,2967.879359
300.69657,400,2969.822698
-34.479591,400,2971.707129
497.4131,341,2972.460168
287.889261,400,2974.362173
-13.449434,13,2974.423197
509.699715,341,2976.227258
295.352229,400,2978.156756
-19.464793,1,2978.195087
-49.332546,300,2978.790271
-30.682189,7,2978.837798
233.298309,1,2978.875134
161.035926,341,2980.752901
164.862141,341,2982.553399
497.903792,300,2983.191093
-64.43894,300,2984.945649
65.723611,341,2985.578478
488.803328,300,2987.283756
442.0969,341,2989.028464
233.298523,1,2989.066228
128.892894,341,2989.8566
148.509391,341,2991.645093
605.069118,309,2993.322559
233.298523,1,2993.360154
143.664265,311,2994.050394
344.810461,197,2995.68879
378.905119,206,2996.17746
42.373365,193,2996.595287
503.521535,300,2998.283499
162.513482,341,3000.045915
464.695062,300,3000.769614
370.426639,341,3002.680622
118.820536,400,3004.679344
-29.074506,400,3005.742272
284.452954,341,3007.737907
159.865399,341,3009.594393
-21.987684,11,3009.647924
322.266001,341,3010.462078
425.245572,341,3012.320648
87.381049,263,3013.982613
574.030518,341,3014.87952
487.694188,341,3016.71639
233.298523,1,3016.754252
51.91743,187,3017.13697
475.840986,341,3019.013612
208.751334,1,3019.051621
227.779521,1,3019.088919
900.590181,400,3021.062459
898.167378,400,3023.017738
233.298523,1,3023.055422
55.625769,185,3023.568234
-20.293759,1,3023.606266
-24.022873,4,3023.648062
320.720428,400,3025.487624
-89.664156,400,3027.4792
327.302192,341,3028.151719
417.630052,341,3029.942857
543.156779,341,3031.731738
887.073647,400,3032.562883
562.130813,291,3034.257177
-12.114705,21,3034.323619
187.391594,341,3036.159543
-22.111632,10,3036.210008
227.504156,1,3036.24732
73.066137,260,3036.924334
143.950665,288,3038.534829
500.41154,341,3039.276578
320.958894,400,3041.176763
393.768073,341,3043.009872
308.650896,400,3045.092758
77.532921,293,3045.636134
233.298523,1,3045.673921
345.151408,191,3047.092792
431.199873,239,3047.668781
389.109469,208,3048.084766
438.553929,240,3049.621436
-18.702743,300,3050.268338
-40.720693,201,3051.868685
165.369866,323,3052.576749
233.298523,1,3052.614522
601.783673,310,3054.418596
372.96475,201,3054.902618
458.927787,245,3056.438947
-17.881027,1,3056.475566
403.910408,221,3056.92428
1062.094586,300,3058.591298
124.918267,341,3060.375804
83.342137,400,3061.268145
4.967801,341,3063.151705
564.662524,341,3064.94888
459.57725,243,3065.409268
210.432443,1,3065.449115
-12.929154,13,3065.502983
361.760718,196,3067.00175
-21.807839,300,3067.582283
573.298253,294,3069.245703
393.354751,212,3069.708121
-96.256261,300,3071.402767
893.927567,400,3073.248357
297.957885,400,3074.197871
-15.895602,2,3074.237879
1065.357033,300,3076.073029
407.296938,217,3076.534739
233.298523,1,3076.572371
-20.199503,1,3076.609205
145.62343,341,3078.403411
326.789792,400,3080.282841
14.993146,341,3081.012236
890.356579,400,3082.918749
897.609678,400,3084.823031
-16.900407,5,3084.866712
-21.064383,18,3084.928188
376.717196,207,3086.479018
422.564421,223,3086.872737
151.281263,400,3088.73349
1030.552999,300,3089.416235
150.60961,400,3091.37599
886.477493,400,3093.249578
161.323041,341,3095.114145
233.298523,1,3095.152067
-24.776695,19,3095.215719
885.234247,400,3096.032593
233.298523,1,3096.070467
67.509431,193,3097.608552
-41.650584,162,3097.918
12.317107,16,3097.976213
-39.794998,300,3099.748697
168.028982,341,3100.437294
-20.623199,4,3100.479416
-24.130679,300,3102.142057
68.792949,203,3102.606453
362.365932,198,3104.300778
157.283674,400,3105.157337
516.939687,300,3106.848265
62.003517,189,3107.238521
736.33911,364,3109.031742
507.204561,341,3110.76238
-36.730599,341,3111.420556
22.394652,20,3112.548505
404.982168,216,3113.024687
893.372427,400,3114.955011
-17.947696,1,3114.993199
-81.422516,300,3115.616781
441.824637,236,3117.106665
82.250769,308,3117.713852
-26.883276,400,3119.699121
158.054592,317,3121.415555
82.563371,318,3122.078226
120.647176,400,3123.98198
-62.152713,99,3124.24157
1061.101433,300,3125.890168
147.530919,341,3127.611709
233.298744,1,3127.651681
-22.430299,14,3127.709863
-52.539236,300,3128.338321
-57.116639,120,3128.832267
161.646927,341,3130.586244
416.438638,225,3132.224002
145.285359,341,3132.95604
155.170082,341,3134.726379
118.035665,400,3136.713301
-30.247533,300,3137.275597
507.65802,300,3138.977277
650.081412,329,3140.719561
294.496931,400,3141.567864
213.267263,1,3141.606059
233.298523,1,3141.64326
323.123659,178,3143.201897
351.956478,189,3143.514543
450.015484,238,3144.17866
1051.636517,300,3145.977849
-42.224516,300,3147.692589
1071.676147,300,3148.315037
139.725971,341,3150.062374
-100.461149,300,3150.65113
-99.325506,300,3152.317016
319.686732,174,3152.705495
-31.685828,400,3154.634897
110.893252,400,3156.508525
-21.625383,1,3156.545696
521.146036,341,3158.304024
270.110425,144,3158.630032
886.017044,300,3160.31953
-21.482081,1,3160.356792
45.869274,341,3161.008298
177.276162,361,3162.824686
184.182502,382,3164.746328
-32.477564,300,3165.299565
-45.562878,300,3167.019055
833.272086,289,3167.591044
-64.641832,146,3168.945251
463.142974,300,3169.508215
150.033241,341,3171.290706
348.441311,191,3171.715342
334.522186,223,3173.314708
139.360748,341,3173.95908
171.053445,341,3175.793265
79.77222,243,3177.326002
1074.467703,300,3177.973583
24.494277,341,3179.776467
331.865053,181,3180.152972
416.645733,341,3181.905487
69.080347,341,3182.665135
348.040195,190,3184.082795
365.758182,198,3184.485787
233.298523,1,3184.525826
367.773378,198,3186.102705
233.298523,1,3186.142441
-103.459148,300,3186.709184
-4.540704,34,3186.830289
142.521446,341,3188.533265
466.784412,291,3189.247248
471.707777,300,3190.942951
-39.285708,300,3192.622122
164.980595,341,3193.327414
-7.71938,6,3193.374146
119.495204,267,3195.059187
-23.424567,19,3195.127996
377.454235,202,3195.640414
62.796101,271,3197.291889
865.753821,280,3197.875774
12.76878,16,3197.940087
233.298523,1,3197.977345
233.298523,1,3198.014583
149.396791,341,3199.760805
-2.024078,29,3199.852419
-15.906722,2,3199.891899
-76.608287,400,3201.831188
-26.639128,25,3201.905081
299.665405,400,3203.747052
159.020815,341,3204.467188
556.03817,280,3206.102056
-12.252736,14,3206.161482
233.298523,1,3206.200868
485.713128,300,3207.931249
-3.978856,8,3207.979552
7.554553,13,3208.034264
-13.842066,3,3208.075507
-21.043359,4,3208.118455
391.567708,209,3208.553147
354.208373,191,3208.988775
294.151095,400,3210.878477
299.792539,400,3212.804349
116.966463,400,3214.779835
353.729452,191,3215.328028
-68.59848,142,3215.63386
900.191707,400,3217.573789
64.625673,240,3219.230118
310.299754,400,3220.109162
234.652922,1,3220.147141
157.181715,341,3221.993814
433.79234,341,3223.948352
426.198011,230,3224.48409
1.814202,29,3224.606809
146.986125,341,3226.36566
370.548429,202,3226.917306
-62.889122,300,3228.685085
233.298309,1,3228.722937
-24.876419,18,3228.791728
409.036312,257,3229.462757
-76.920066,131,3230.840953
-12.001381,300,3231.539091
170.867085,341,3233.32559
-81.117455,300,3235.05619
233.298523,1,3235.094074
296.513511,341,3235.780154
300.58972,400,3237.673841
302.589696,400,3239.556651
164.521351,341,3240.337457
-8.360702,21,3240.405322
532.418752,300,3242.133339
885.821753,400,3244.032685
873.981786,400,3245.935577
174.895681,366,3246.69972
312.499925,400,3248.684175
449.655317,300,3250.404813
108.472024,400,3252.291424
908.758772,400,3253.025804
53.297619,341,3254.891245
488.833702,341,3256.764138
-28.10461,300,3257.365766
76.837835,289,3259.097864
64.83034,214,3259.58598
-42.574322,400,3261.468589
82.185486,324,3263.206975
4.161788,341,3263.965316
-60.616108,76,3264.284022
127.634986,400,3266.258018
292.079892,400,3268.109397
1064.655102,300,3269.869882
74.620688,236,3270.366751
427.821441,341,3272.064407
1050.826504,300,3272.831683
181.202555,341,3274.702374
120.987055,341,3276.668305
29.269389,24,3276.74118
67.885946,214,3277.313572
459.81933,341,3279.168517
478.669935,300,3279.787069
964.051642,300,3281.545324
-47.16644,173,3281.874954
299.207913,400,3283.771983
233.298523,1,3283.8145
158.014698,341,3285.714523
506.348889,341,3286.423133
-5.995999,8,3286.47737
66.036043,42,3286.592732
21.052926,20,3286.703332
1033.243493,300,3288.610565
-32.237517,400,3290.592143
14.487398,17,3290.660158
63.493405,217,3291.332288
233.298523,1,3291.374793
-18.121955,300,3293.115373
588.575083,299,3293.794524
433.452426,300,3295.423495
1000.495726,300,3297.064172
-23.4265,16,3297.128487
496.562846,300,3297.773018
-35.946012,63,3298.008315
387.04546,207,3299.499461
475.286994,341,3300.247677
-61.830181,400,3302.253236
334.968974,341,3304.016404
233.298523,1,3304.058523
228.036436,341,3305.866724
1067.855853,300,3306.482554
1034.177865,300,3308.157
306.53991,261,3308.763745
208.111619,1,3308.805739
-4.943103,29,3308.895704
48.44614,34,3309.03633
158.966048,341,3310.864073
193.019154,390,3312.743436
-17.485291,5,3312.790224
1024.791997,300,3313.43955
100.708007,400,3315.314563
233.298523,1,3315.356618
236.595678,1,3315.398385
-18.056293,7,3315.448286
489.401525,341,3317.265937
-39.144936,400,3319.217317
443.125574,244,3319.705783
-17.848877,1,3319.747323
503.423663,341,3321.546351
159.771313,341,3322.35027
-13.959786,12,3323.471146
-20.236979,1,3323.513114
146.939676,332,3324.257624
-44.092892,400,3326.344373
224.478864,1,3326.388845
-20.143603,1,3326.429717
-20.084973,1,3326.470624
451.930142,300,3328.25977
-16.037605,6,3328.308827
145.035806,341,3328.991393
-58.742021,300,3330.76966
119.973525,341,3331.521219
-67.272087,300,3333.348261
152.187238,341,3335.192792
-59.985393,400,3336.148583
-84.963549,300,3337.894104
233.298523,1,3337.936629
1033.138088,300,3339.726468
1071.53208,300,3340.528021
206.332474,1,3340.570139
140.441592,341,3342.354269
-30.011181,23,3342.431006
426.287857,238,3342.950889
513.148554,341,3344.792137
68.03498,285,3346.500105
493.77812,341,3347.244288
-17.945352,300,3349.111022
362.263992,204,3349.61799
445.221732,248,3351.180621
504.641053,341,3351.876817
379.201832,203,3353.412673
385.332181,208,3353.96711
-22.022631,12,3354.026927
1050.868529,300,3355.675786
-28.491021,29,3355.761598
575.783996,341,3357.551792
1049.010104,300,3358.131936
394.18182,300,3359.91334
96.518916,400,3361.868636
601.387652,341,3362.567813
-13.016274,300,3364.294347
-22.715331,11,3364.35213
233.298523,1,3364.393713
474.812446,300,3365.117003
233.298309,1,3365.159418
233.298523,1,3365.201004
-20.71362,3,3365.24648
-46.540854,400,3367.135181
215.468487,1,3367.177721
140.79832,341,3369.039617
306.132219,400,3371.000984
4.588151,300,3371.580756
161.569696,341,3373.437212
233.298309,1,3373.479239
58.01325,185,3373.957555
1083.974617,300,3375.601367
177.890346,400,3377.638674
-19.447,1,3377.681316
-5.933791,27,3377.842667
58.714463,182,3378.263805
217.297533,1,3378.30599
809.11165,274,3380.040813
16.159828,18,3380.114244
233.298523,1,3380.15583
233.298523,1,3380.197339
38.926692,29,3380.290226
139.408641,341,3381.29754
13.468341,300,3383.052564
267.660486,341,3384.960907
407.527453,219,3385.484148
396.293532,300,3387.286843
561.312407,341,3388.040781
412.787046,220,3389.684479
-8.968353,300,3390.335779
380.437266,206,3391.828491
112.195974,341,3392.590455
207.023301,1,3392.632879
-4.393939,32,3392.759855
416.786013,222,3394.354638
293.998004,156,3394.78822
233.298523,1,3394.830337
111.007417,341,3396.579648
165.006689,337,3397.480602
-24.1091,294,3399.280028
895.378736,400,3401.215809
62.427841,341,3402.015473
-28.265814,300,3403.697301
209.805315,1,3403.73953
890.489548,400,3405.705481
-100.470439,209,3406.297551
215.802904,1,3406.339783
163.523585,323,3408.364321
124.63571,341,3410.245944
233.298523,1,3410.288072
121.273883,261,3410.965216
461.194857,341,3412.778261
233.298523,1,3412.820305
155.634543,400,3414.753893
-31.802004,400,3415.651202
144.228843,400,3417.517888
123.680828,341,3419.339564
221.30139,1,3419.382035
395.401914,210,3419.974431
-23.389114,14,3420.040272
-16.418935,8,3420.095541
894.362052,400,3422.143587
358.303813,341,3424.05189
337.782448,182,3424.409879
-25.087089,12,3424.472429
121.012244,341,3426.265902
412.32117,341,3426.944945
555.204509,341,3428.808796
875.031002,400,3430.853484
41.549121,30,3430.941355
-12.977771,300,3431.604402
152.469375,341,3433.337401
277.329796,400,3435.373026
74.2726,341,3437.189272
1064.570744,300,3437.809541
143.691428,341,3439.656274
130.005598,341,3440.528212
-7.11967,300,3442.268269
-36.78819,400,3444.272762
-20.319859,1,3444.315973
323.19058,175,3444.71834
130.405909,341,3446.46917
282.589837,300,3447.181123
146.509626,341,3448.998664
8.087951,14,3449.05931
233.298523,1,3449.101054
63.290812,216,3450.657493
431.14272,241,3451.142301
218.572101,1,3451.184703
-12.736887,300,3452.91185
211.609645,1,3452.953966
351.459746,189,3453.361339
111.890422,278,3455.148108
-20.06226,3,3455.195221
376.278735,300,3455.819946
874.079145,400,3457.851871
145.982408,341,3459.756559
-7.743353,6,3459.806654
4.166087,300,3460.575218
-5.163514,7,3460.625375
73.556664,211,3462.090744
141.281813,341,3462.857853
43.633711,31,3462.958524
44.429872,126,3464.298408
926.175564,400,3465.206221
166.015917,341,3467.042355
121.382478,259,3468.672212
169.213835,381,3469.455406
-38.189317,56,3469.639235
636.546065,341,3471.401512
212.421683,1,3471.44432
416.919133,225,3471.903834
667.710801,334,3473.707474
47.588198,33,3473.918085
908.295975,400,3475.888007
876.48357,300,3477.52068
-20.46009,3,3477.565908
233.298523,1,3477.607398
-187.55449,341,3478.355809
467.905052,300,3480.169742
-20.928643,9,3480.224534
-22.074017,9,3480.279678
233.298523,1,3480.321548
-19.335893,1,3480.36203
8.076488,14,3480.424874
233.298523,1,3480.466667
-20.269469,1,3480.508836
447.920222,300,3481.136483
-32.087707,75,3482.437854
136.284646,341,3483.154026
2.03407,300,3484.839209
206.253654,1,3484.881497
113.878916,341,3486.659628
233.298309,1,3486.702605
637.447419,341,3487.450065
-19.455402,1,3487.491208
58.963448,282,3489.15406
637.296271,323,3489.961236
-18.000492,1,3490.002143
161.792012,341,3491.773686
178.950674,341,3493.562129
406.917847,217,3494.096009
211.827679,1,3494.1383
467.196576,300,3495.860469
-6.947084,26,3495.941072
893.18093,400,3497.970704
6.341668,44,3498.16104
377.092664,202,3498.62089
904.730445,400,3500.625153
141.382565,341,3502.565243
61.946937,229,3503.192924
76.667608,240,3503.689924
29.999349,341,3505.558593
-7.505,300,3507.403775
379.420878,206,3507.843205
294.991335,400,3509.824014
-61.118035,400,3511.740058
147.452444,341,3512.468503
-61.667265,400,3514.519033
-10.198846,300,3516.240744
911.106385,400,3517.179709
137.862158,341,3518.921113
-121.479987,273,3520.595793
388.744557,213,3521.118363
293.983792,163,3521.492212
380.880901,211,3523.003413
46.988607,35,3523.095298
11.499717,300,3523.704813
119.934571,341,3525.455812
148.020196,341,3527.414892
138.676995,305,3528.145418
31.326446,25,3528.224721
-44.42512,400,3530.097365
-21.855017,10,3530.193246
499.610668,300,3532.012326
-66.738126,400,3534.046433
160.857312,341,3534.861432
913.387334,400,3536.88409
233.298523,1,3536.926158
-21.450169,8,3536.980058
233.298523,1,3537.021465
-111.714235,245,3538.616304
27.584305,25,3538.693168
429.322017,230,3539.199955
-1.215769,300,3540.911398
-41.332622,400,3541.755213
529.307872,271,3543.447489
112.347812,341,3545.258634
-39.073747,300,3545.965888
233.298523,1,3546.00781
504.04622,300,3547.710787
233.298523,1,3547.752809
-22.673713,300,3548.370005
-23.183052,18,3548.477571
233.298523,1,3548.519402
505.730764,255,3550.089087
-24.447263,16,3550.152459
151.158838,341,3552.108865
128.06725,400,3553.086946
112.143741,400,3555.100616
58.605411,210,3556.732158
232.457502,341,3557.48178
289.458814,400,3559.431819
20.124119,19,3559.502065
293.785635,400,3561.350349
1033.362448,300,3562.139287
-23.620704,14,3562.204678
124.392826,341,3564.015342
361.878326,196,3565.540189
-126.976057,341,3566.251889
324.006029,179,3567.70039
360.014799,194,3568.203257
627.938106,341,3570.031449
150.452472,341,3570.706206
151.168378,341,3572.371424
427.434051,341,3574.390441
-25.722531,300,3575.006211
696.475893,358,3576.839565
107.860063,400,3578.846219
107.270222,341,3579.636481
-20.347167,1,3579.678138
127.440168,400,3581.556329
-36.400513,300,3583.244011
233.298523,1,3583.286072
361.240332,195,3583.758621
-26.698894,20,3583.835672
112.896465,400,3585.806915
106.331999,341,3587.540043
-28.407202,400,3588.389829
233.298309,1,3588.431975
26.379889,23,3588.505221
-36.643479,400,3590.4628
218.836481,341,3592.234568
160.285773,341,3592.974972
383.748494,207,3594.513473
277.91775,400,3596.462106
-26.776615,400,3597.336829
370.774071,207,3598.794824
106.896316,341,3600.631661
124.665555,341,3601.52313
28.174673,24,3601.607521
-17.233619,5,3601.657259
103.000255,322,3603.873108
444.538414,239,3604.398639
483.804165,341,3606.218414
13.440588,336,3608.117866
14.870525,17,3608.190912
-43.136973,400,3609.062333
136.204937,341,3610.892913
144.797359,341,3612.750994
26.626381,22,3612.868443
146.301567,341,3614.682663
300.404641,341,3615.419175
-38.011986,400,3617.329162
455.375964,341,3619.195293
79.501606,245,3619.812149
233.298523,1,3619.85411
401.746629,341,3621.724265
0.541472,10,3621.783148
-21.220998,7,3621.83614
952.668119,300,3622.602943
305.86075,400,3624.607396
403.557548,341,3626.406327
-0.0212,300,3627.086953
210.521889,1,3627.129376
337.933047,341,3628.958043
130.723849,271,3630.599158
86.931417,263,3631.15546
149.997969,341,3632.928618
367.559039,341,3633.714678
-19.499984,1,3633.75822
-19.502146,1,3633.79906
433.455471,341,3635.536362
155.032199,335,3637.304328
818.837809,273,3638.012478
435.14711,341,3639.996129
-32.939039,400,3642.036775
884.501309,400,3644.055368
54.422673,289,3644.749811
442.33084,341,3646.581746
113.232821,263,3647.14534
403.298953,218,3648.802458
1051.016115,300,3649.513434
215.548832,1,3649.555745
368.716796,265,3651.208326
112.827055,341,3653.021302
-98.843897,243,3653.722133
903.859196,400,3655.730662
323.60114,341,3656.646505
233.298523,1,3656.688682
485.300158,300,3658.364559
226.21112,1,3658.407012
174.852552,341,3660.327948
1053.269879,300,3660.932562
-10.090031,1,3660.975151
111.629858,272,3662.749398
233.298523,1,3662.791576
389.642747,341,3663.583272
63.301919,260,3665.319
116.119398,400,3667.180653
502.466927,341,3667.877276
-69.638513,135,3669.282034
114.097037,341,3670.011598
-108.26637,303,3671.695559
-25.6152,300,3673.378341
545.253898,275,3673.915805
-23.644776,300,3675.68216
326.408067,400,3676.489548
-57.070687,103,3677.797305
-26.227142,24,3677.873614
85.933239,400,3678.719653
79.694632,400,3680.814382
399.132256,217,3682.421738
-129.887399,400,3683.42567
-19.39182,1,3683.467539
454.183134,300,3685.227162
-15.164576,300,3686.993001
78.358479,325,3687.714575
153.420691,341,3689.496543
233.298523,1,3689.538543
898.259197,400,3691.53594
332.698455,341,3692.30655
6.753481,341,3694.193146
173.399435,363,3696.088028
233.298523,1,3696.129973
481.775391,300,3696.780821
-75.704496,300,3698.423502
38.026295,400,3700.428082
516.361743,341,3701.189119
421.967059,314,3702.919971
14.912492,17,3702.987108
138.266675,341,3704.78062
30.201649,25,3704.856773
233.298523,1,3704.89849
444.493572,237,3705.519278
333.952582,185,3706.956489
61.119565,317,3707.638948
447.763283,219,3709.206698
-106.708003,400,3710.211505
428.174299,229,3711.872454
505.525373,300,3712.615154
6.38645,300,3714.374788
6.107733,300,3716.043072
341.768085,186,3716.4516
233.298523,1,3716.494431
761.406936,371,3718.386923
-387.254855,341,3719.193374
158.369176,341,3720.965495
526.997714,341,3722.746789
72.597053,250,3723.288856
439.566902,341,3725.06565
1037.776568,300,3725.592579
215.773126,1,3725.63643
36.413035,28,3725.761208
-14.350265,13,3725.900964
479.99655,300,3727.758296
-256.294553,341,3729.611696
550.452481,341,3730.388112
484.852636,300,3732.034019
466.831281,300,3733.760725
466.863351,300,3734.461688
583.841646,341,3736.302446
136.530596,284,3737.107945
24.198042,22,3737.180288
-30.09553,300,3738.821808
387.163046,209,3739.506664
500.325708,300,3741.136208
161.300749,341,3742.958449
-1.188921,53,3743.285468
56.282968,400,3745.2208
-51.651445,300,3745.871553
119.058686,341,3747.69085
383.665549,213,3748.057004
-14.413625,300,3749.820089
136.147574,341,3750.639477
382.352101,300,3752.32939
505.950706,257,3753.987873
282.781063,341,3754.771491
895.141874,400,3756.809287
204.784879,1,3756.851395
907.490917,400,3758.770225
64.16192,271,3759.434803
397.36895,341,3761.345166
310.93539,400,3763.35206
393.408892,217,3763.883799
-18.894713,2,3763.927994
233.298523,1,3763.969512
893.093885,400,3765.803947
889.938983,400,3767.812288
463.902551,300,3768.466593
0.632648,300,3770.281515
124.72272,283,3772.010578
-24.0383,17,3772.075613
353.537786,341,3772.910569
233.298523,1,3772.95262
233.298523,1,3772.994149
388.348564,212,3774.545248
1050.708128,300,3775.182501
-28.580283,400,3777.323685
57.429582,400,3779.312397
435.56202,300,3780.046861
1052.717247,300,3781.76335
572.895827,341,3783.597145
233.298523,1,3783.639223
-18.001321,1,3783.680001
-16.953572,6,3783.728734
156.066274,341,3784.552889
62.228267,237,3786.257723
-21.583939,1,3786.299954
16.885185,18,3786.371079
894.205062,400,3788.308406
-77.520424,400,3789.224117
146.695112,341,3791.028134
329.891229,300,3792.86902
-20.190579,7,3792.923566
121.76628,341,3793.848102
207.21866,1,3793.890203
357.859549,341,3795.697982
326.503153,341,3797.58526
34.551175,144,3797.920372
127.332951,400,3799.88206
142.750773,341,3800.621188
73.183036,400,3802.750449
177.989432,367,3804.575068
1070.958725,300,3805.277206
44.269722,341,3807.055606
169.02664,341,3808.758897
233.315898,1,3808.80115
6.06486,13,3808.86125
129.864909,341,3809.62289
-19.486993,1,3809.665532
233.298523,1,3809.707078
227.682974,341,3811.50186
-24.804979,19,3811.577482
-23.259958,400,3813.562966
379.580715,204,3814.100473
495.85437,341,3815.971125
170.514915,341,3817.711322
233.298523,1,3817.753169
156.786019,341,3818.460181
168.47897,341,3820.31372
153.586192,341,3822.094035
76.715095,268,3822.622905
-9.858307,5,3822.674686
155.316245,341,3824.415439
-17.947696,1,3824.458339
443.822122,239,3824.944004
57.347554,160,3826.339603
151.413032,341,3827.138199
45.924226,400,3829.088889
50.661182,400,3830.958382
522.365447,341,3832.799601
-18.002833,1,3832.841207
296.825311,400,3833.643941
-53.482571,400,3835.516899
172.830557,341,3837.314623
163.450526,341,3837.99044
233.298523,1,3838.032585
88.018935,400,3839.953994
211.741118,1,3839.99634
-27.338275,6,3840.046683
14.157248,300,3841.78446
221.074974,341,3842.501354
165.241795,341,3844.402222
-18.00048,1,3844.443435
-0.931726,77,3844.641798
233.298523,1,3844.683927
99.874635,400,3846.51391
176.514385,341,3848.298748
84.858334,400,3850.315246
-16.387314,9,3850.371328
-14.419841,9,3850.424202
451.826671,239,3850.900005
70.860614,213,3851.456672
92.449506,400,3853.328828
-38.25493,400,3855.160222
375.002494,341,3856.922278
-13.284219,400,3857.797376
171.311544,341,3859.533998
233.267101,1,3859.576251
221.249591,1,3859.618139
461.880538,300,3861.256426
-21.495334,1,3861.297702
564.694668,341,3862.009874
233.298523,1,3862.051989
105.197274,400,3864.015374
-20.694791,4,3864.062124
709.99433,252,3865.652723
149.876626,341,3866.464164
145.245443,341,3868.237891
207.005752,1,3868.279984
383.601076,205,3868.707063
-4.41983,30,3868.794253
497.87998,341,3870.529649
54.631128,216,3872.100232
147.634507,289,3872.743044
56.400744,191,3873.143321
296.080012,400,3875.05114
-32.103046,8,3875.103123
306.776047,400,3876.977144
414.868174,220,3878.487532
-27.202221,28,3878.569306
-1.386427,300,3879.256058
233.298523,1,3879.298253
-24.466872,18,3879.372048
-12.752027,300,3881.083625
-12.149852,300,3881.778712
62.388375,294,3883.454506
36.244054,300,3885.219009
401.256609,214,3885.761883
-27.594559,30,3885.857697
489.243682,341,3887.776021
1041.289195,300,3888.521425
-5.831942,7,3888.574304
64.943137,226,3890.144347
893.906491,400,3891.147242
233.298523,1,3891.189217
212.388907,1,3891.230917
0.351168,300,3892.980997
461.400843,341,3894.815801
155.108095,341,3895.718534
397.224433,213,3897.324209
588.899861,341,3898.133839
-0.954689,9,3898.188768
514.67894,341,3900.044851
51.258892,197,3901.717349
-107.635658,400,3902.575321
159.320991,400,3904.609735
301.16749,156,3904.991355
439.631446,243,3906.625685
-39.860027,300,3907.390941
66.381747,266,3909.063468
-19.447036,1,3909.105873
295.306161,257,3909.639362
20.214792,20,3910.812416
434.639152,341,3911.680975
-24.206998,15,3911.748255
-25.235852,21,3911.82778
428.325604,232,3913.461074
153.7172,341,3914.278568
-70.272446,300,3916.077325
152.839166,400,3917.960539
-4.233315,300,3918.615786
423.390749,341,3920.432132
-10.758379,15,3920.497668
894.36695,400,3922.615261
875.402725,400,3924.609066
439.262333,237,3925.095779
217.236419,1,3925.138211
160.810684,400,3927.170951
293.035415,400,3929.165683
241.430426,1,3929.207977
226.189116,1,3929.250006
-20.243929,12,3929.30722
-14.973102,10,3929.364009
417.394871,341,3929.996635
-8.600191,300,3931.845685
162.273281,400,3933.931925
-18.000492,1,3933.973104
355.433098,193,3934.482349
-19.479173,1,3934.523806
6.546914,300,3936.311188
281.202533,400,3937.07732
575.653593,300,3938.832958
-41.395028,300,3940.71234
-27.692666,31,3940.813231
439.535115,341,3941.854666
15.049274,17,3941.962634
-7.720229,26,3942.088161
457.635537,341,3943.799685
-9.952812,5,3943.847207
501.825418,341,3945.744549
431.9321,341,3946.550975
61.442376,272,3948.218321
385.209511,341,3950.014527
-11.994254,4,3950.060633
-3.406257,30,3950.146004
-7.448202,300,3950.962678
242.110365,400,3952.98198
-35.33478,300,3954.695572
54.788359,288,3955.327455
1.981448,13,3955.390198
508.715811,260,3957.155819
399.555797,219,3957.618725
233.298523,1,3957.660645
241.717466,1,3957.702329
162.621987,341,3959.450051
-30.807805,38,3959.60036
233.298523,1,3959.642106
-40.479436,400,3961.72998
475.906543,300,3962.420567
233.298523,1,3962.465018
-32.514576,48,3962.618074
418.515767,227,3964.243356
462.971917,341,3966.370984
134.034175,289,3967.162352
325.370045,182,3967.560882
305.363642,400,3969.464908
364.665563,341,3971.245818
30.113362,25,3971.324546
155.61638,341,3973.141596
161.689577,341,3973.900073
-13.755266,16,3973.968245
233.298523,1,3974.009995
-13.999305,3,3974.054218
-98.744497,400,3975.935234
1147.185352,300,3977.73784
233.298523,1,3977.779861
-9.520045,21,3977.853853
-39.469557,13,3977.91398
233.298523,1,3977.955943
298.656367,400,3979.830263
30.79718,25,3979.90688
-20.574484,3,3979.950744
152.080319,341,3980.777177
283.358255,400,3982.735751
233.298523,1,3982.777848
298.579291,167,3983.356028
-103.553318,400,3985.518889
178.008589,400,3987.402863
233.298523,1,3987.444879
69.377516,341,3989.379188
321.113449,181,3989.848989
433.774395,227,3990.421734
58.148823,190,3992.061244
-72.794948,341,3992.857749
395.884063,215,3994.408944
124.502639,127,3994.714431
328.466224,183,3995.204431
-5.713595,43,3996.382669
64.70718,247,3996.982387
9.340645,341,3998.848102
160.269466,341,3999.723565
233.298523,1,3999.765701
-20.220703,15,3999.828262
-2.843286,31,3999.914884
171.80155,341,4001.690947
-25.374012,15,4001.752789
233.298391,1,4001.794501
339.256041,185,4002.149759
-30.462139,31,4003.339402
231.623618,1,4003.383952
-98.033916,300,4003.996764
471.602402,341,4005.902668
26.807551,341,4006.683077
161.641082,341,4008.467728
64.565309,232,4010.065752
62.974732,243,4010.719777
72.122138,263,4012.295183
394.217674,231,4012.850356
143.734327,400,4014.83621
331.48307,186,4015.192031
735.950373,396,4017.173961
7.549715,13,4017.240555
456.999369,300,4018.982371
282.509633,400,4019.761235
150.735121,341,4021.630491
-11.80446,15,4021.696748
-10.00203,5,4021.743805
1056.139921,300,4023.441911
233.298523,1,4023.484125
510.231974,275,4024.080408
138.910503,400,4026.073727
58.004827,279,4026.609927
158.155568,341,4028.556287
20.172255,20,4028.632624
128.724217,341,4030.381847
140.830598,341,4032.389862
-21.557008,300,4033.042262
233.298523,1,4033.0846
233.298523,1,4033.126232
154.212936,341,4034.983464
233.298523,1,4035.025464
233.298523,1,4035.067057
59.041221,339,4035.913272
318.27129,341,4037.829765
-38.136215,300,4039.580801
-34.682428,39,4039.682887
73.518043,341,4040.446935
-20.537666,4,4040.496739
323.44921,300,4042.348585
-10.014977,7,4042.403713
157.4885,341,4044.315336
147.867587,341,4045.194992
426.450963,237,4046.827227
213.452142,1,4046.86931
214.348828,278,4047.600022
123.625345,341,4049.330257
57.019319,276,4050.997722
547.781619,341,4051.732317
385.440128,216,4053.371135
211.226795,1,4053.41311
48.335173,341,4054.164591
4.18103,14,4054.225965
-34.599358,300,4055.904539
-127.739751,268,4056.558352
-34.0937,197,4058.03951
-23.588469,17,4058.145606
59.351413,214,4058.621195
488.495958,341,4060.40634
227.969915,286,4062.0803
505.154235,300,4062.741547
277.152435,292,4064.457581
-9.12549,300,4065.118195
356.449251,201,4066.804411
-20.047308,1,4066.845725
527.678323,341,4067.754628
-18.997513,2,4067.797452
138.59588,310,4069.516449
350.172903,195,4070.041096
80.186774,229,4071.713633
217.985308,1,4071.755749
-8.217841,19,4071.830404
557.038532,283,4072.620856
363.758648,198,4074.083673
-27.555155,5,4074.13122
-0.648681,300,4074.869176
136.577133,289,4076.605049
-20.342547,2,4076.648236
191.064348,377,4078.787544
233.298523,1,4078.829637
-36.824082,55,4079.029916
423.334254,241,4079.598396
233.298309,1,4079.640232
-37.473558,300,4081.350231
539.743728,300,4082.059302
226.25308,126,4083.366089
887.918669,296,4084.083971
500.566714,341,4085.91156
305.334539,341,4087.760722
40.684954,341,4088.638469
233.298523,1,4088.680495
122.273731,400,4090.599367
451.055102,341,4092.339811
166.594184,341,4093.281664
158.136196,341,4095.096251
233.298523,1,4095.138314
-7.626671,300,4096.921461
17.921753,20,4096.998351
-1.403544,30,4097.133812
521.388392,300,4097.761268
152.530952,341,4099.652467
149.251019,341,4101.540946
65.620299,254,4101.962559
143.34331,341,4104.049269
-114.785049,400,4106.157305
-73.040221,400,4107.12489
-10.411641,19,4107.199632
155.952213,341,4109.044824
1006.337831,300,4110.873108
233.298523,1,4110.91513
149.85073,341,4111.762607
21.38546,341,4113.578754
233.298523,1,4113.620872
46.08573,341,4115.581705
65.35668,341,4116.369869
-20.429747,10,4116.42535
908.002582,300,4118.330683
-6.105195,21,4118.441566
297.510148,341,4120.161769
-23.729692,13,4120.3021
154.514836,341,4121.039097
355.270707,341,4122.965728
233.298523,1,4123.009037
-21.894854,9,4123.066036
-21.63717,1,4123.106838
168.164648,341,4125.14375
217.460854,1,4125.186653
-105.082889,321,4125.985352
-7.312829,23,4126.069861
-18.977664,2,4126.113737
-125.308042,327,4127.855039
2.090464,15,4127.917797
-20.170314,1,4127.958675
324.216229,341,4129.755062
273.358637,144,4130.170124
-21.625879,1,4130.212726
275.789653,400,4132.178459
290.782057,341,4132.852257
295.009733,164,4134.290494
933.234364,300,4134.96541
129.691013,341,4136.74785
224.478864,1,4136.789822
-118.123743,314,4138.516433
1025.407556,300,4139.496538
233.298523,1,4139.538892
-41.702421,400,4141.490596
226.070482,306,4143.189264
590.263044,309,4143.871756
78.461513,280,4145.507264
-4.527048,28,4145.592554
441.206802,239,4146.32582
-20.700929,4,4146.371298
-37.205871,12,4146.428536
456.233682,300,4148.15142
318.328949,173,4148.560894
-12.403345,14,4148.627
464.973706,341,4150.587059
441.988271,228,4151.17234
504.142599,300,4152.966261
427.420675,235,4153.440102
1029.74445,300,4155.132015
233.298523,1,4155.174383
235.364172,1,4155.216079
-52.021339,21,4155.286269
90.728118,341,4157.030362
462.807175,242,4157.678919
-3.552642,10,4157.73491
-60.130668,300,4159.445157
53.107263,341,4160.285607
96.414192,231,4161.860877
-7.132429,27,4161.940686
24.944584,341,4163.797128
233.298523,1,4163.839215
-19.81495,6,4163.888478
463.744498,300,4164.597911
-49.769516,400,4166.612046
435.89346,243,4167.142383
-9.690117,20,4167.252809
-19.441704,1,4167.295523
233.298523,1,4167.337838
-58.673512,400,4169.251233
-67.279222,300,4170.914809
233.298475,1,4170.957494
-6.708403,26,4171.037086
-20.23719,1,4171.079072
1020.660039,300,4171.97124
75.344603,196,4173.503012
20.116892,20,4173.580814
-30.725843,7,4173.631699
881.563482,400,4175.612086
364.780084,194,4176.067806
418.390623,235,4177.835574
233.298636,1,4177.877653
310.054964,171,4178.213459
-411.427776,241,4178.897888
-11.990156,4,4178.944042
58.113734,280,4180.612548
222.206587,1,4180.654782
173.078142,341,4182.490498
-6.445151,63,4182.633905
1038.493916,300,4183.497647
-43.156172,400,4185.319672
-59.036958,300,4187.057909
-34.305921,400,4188.056535
-24.892862,300,4189.736612
169.129407,341,4191.477029
386.317558,201,4191.906332
507.015014,300,4193.672678
94.633395,222,4194.329853
151.808803,400,4196.182484
129.954791,400,4198.1746
-29.381027,400,4199.036464
236.847915,1,4199.078853
-25.691335,19,4199.147
444.154615,300,4200.82913
287.538684,174,4201.268819
-23.033029,2,4201.311642
-11.990494,4,4201.437202
-20.32203,2,4201.480108
219.799152,1,4201.521823
-26.957084,400,4203.394043
-18.000492,1,4203.435475
70.292361,245,4205.062159
159.544511,400,4205.942059
151.142082,341,4207.640263
-27.288271,400,4209.662641
304.081554,166,4209.949351
162.881595,341,4211.801444
289.398065,400,4213.798405
286.075891,162,4214.213528
159.879354,400,4216.322525
371.599356,200,4216.887521
362.158278,196,4218.41451
68.621494,330,4219.243802
233.298523,1,4219.285537
233.298523,1,4219.32706
921.593158,400,4221.200032
-24.389796,31,4221.287621
364.222168,203,4221.88374
-87.65492,252,4223.42318
151.013472,341,4225.340683
-14.945578,10,4225.395653
233.298523,1,4225.437339
-12.570668,16,4225.500791
33.354512,26,4225.581603
901.163515,400,4226.406677
-31.122363,38,4227.57025
559.434544,341,4228.290605
407.554816,220,4229.891818
-14.428357,9,4229.945104
-33.331307,400,4230.856542
233.298523,1,4230.898601
411.441657,341,4232.681302
-71.02687,166,4233.052719
412.108115,226,4234.578571
233.298523,1,4234.624001
-27.665785,30,4234.708862
507.52588,341,4236.53924
499.326174,341,4237.299843
164.283021,400,4239.171952
-24.375353,300,4240.911474
77.836892,218,4241.433613
-10.222436,23,4241.50776
140.835735,341,4243.205062
-3.410281,34,4243.336868
17.355972,300,4244.009318
233.298309,1,4244.051473
233.298523,1,4244.092972
208.845694,1,4244.134504
902.018444,400,4246.221498
151.721654,400,4248.199827
231.903106,124,4248.580647
20.182115,20,4248.650117
156.778184,400,4250.634138
47.319208,246,4252.423889
403.242778,300,4252.99913
225.568599,1,4253.041599
57.963321,230,4254.63707
-17.938428,6,4254.68782
308.050905,321,4255.413826
457.199738,300,4257.222358
500.651463,341,4257.970268
24.116552,281,4259.681893
20.201192,20,4259.759609
16.959811,300,4261.500104
331.866176,183,4262.138264
64.876035,244,4262.685905
53.110212,335,4264.453408
391.637229,212,4265.956335
162.637401,341,4266.634471
294.653914,400,4268.593576
139.63943,400,4270.663048
530.260612,341,4271.544094
100.253266,341,4273.383585
233.298523,1,4273.425559
-13.136579,300,4275.11559
781.515485,391,4275.986671
155.964668,341,4277.722756
342.156992,341,4279.503533
402.717295,224,4280.005687
154.472037,341,4281.771622
588.646935,305,4282.489292
151.816289,400,4284.453383
-80.010041,400,4286.384761
164.753277,400,4288.307822
897.379783,400,4290.328046
233.298309,1,4290.370199
153.464833,400,4291.212657
-17.902019,1,4291.253612
491.519045,260,4292.797179
358.259524,341,4294.527702
-37.012355,300,4295.142509
233.143544,1,4295.184639
23.16079,23,4295.257901
177.977072,341,4297.050356
-5.52174,400,4299.104753
160.441358,341,4299.915843
211.608314,1,4299.958181
477.427188,341,4301.746247
-8.002995,6,4301.795458
906.588168,400,4303.619734
342.461739,189,4304.107716
419.180881,232,4305.678151
-31.544386,300,4306.378359
113.475722,400,4308.50278
279.34332,400,4310.386527
-14.08972,13,4310.446047
-6.603809,31,4310.530972
506.975134,300,4311.18536
-35.182217,152,4312.641571
414.110141,341,4313.357605
-20.369783,1,4313.400269
771.227284,271,4315.029376
55.738762,229,4315.601563
287.522507,400,4317.511118
233.298523,1,4317.553862
-24.439516,300,4319.261214
-12.650522,300,4319.871296
113.364236,257,4321.565246
62.58456,301,4322.332338
-19.428852,1,4322.376957
235.276872,1,4322.418604
233.298523,1,4322.46007
160.473686,341,4324.196904
85.987391,341,4325.962788
421.16183,300,4326.574631
233.298523,1,4326.616897
233.298523,1,4326.658824
47.726704,33,4326.747244
9.793146,341,4328.593532
411.836748,341,4330.385118
-378.880538,341,4331.061885
-20.410032,300,4332.792918
331.027815,341,4334.739451
162.46445,341,4335.452015
-10.65093,17,4335.519394
379.904542,203,4337.095828
153.196885,341,4337.998191
409.063245,220,4339.553236
412.506981,341,4341.694262
-23.845016,15,4341.758487
383.759435,206,4342.395046
-92.908584,300,4344.23768
-47.568356,341,4344.995587
157.603987,341,4346.942503
233.407961,1,4346.984997
-20.170063,1,4347.025853
437.256187,341,4348.803313
409.497475,225,4349.270317
141.606961,400,4351.353646
233.298309,1,4351.395759
155.191986,341,4352.221157
174.444229,341,4354.164657
758.416012,387,4356.21783
338.347213,182,4356.597367
222.595776,1,4356.639533
123.224078,261,4358.41571
909.601968,400,4359.229339
49.089908,341,4361.159269
152.644575,341,4362.987721
143.281619,341,4363.909193
-28.129556,32,4365.069196
132.764168,400,4366.044253
379.678338,341,4368.012344
-21.619037,300,4369.78241
-63.663332,300,4370.569055
163.391341,341,4372.355575
-9.16485,300,4373.03198
76.544486,320,4375.022993
-22.221899,11,4375.082032
32.580534,341,4376.920892
-3.982398,8,4376.972833
158.91776,341,4377.690474
-13.246926,55,4378.880997
1043.868304,300,4379.577176
75.16619,296,4381.288445
-17.48078,5,4381.335524
233.298523,1,4381.377388
159.314129,341,4382.113451
233.298523,1,4382.155468
132.855782,341,4383.901884
-20.050539,1,4383.944017
442.509876,240,4385.452681
13.908592,16,4385.51717
158.056089,341,4386.188354
-30.811608,157,4387.703235
448.721102,341,4388.578296
1061.78942,300,4390.423383
-23.068969,300,4390.996571
-25.580184,13,4391.137211
108.553,400,4393.129528
239.488371,152,4393.564069
124.679635,281,4395.252421
-80.541439,300,4397.037242
479.044687,341,4397.852035
-11.790943,4,4397.899504
423.412108,227,4399.62398
-26.376488,19,4399.695526
502.205076,341,4400.571174
-31.353955,40,4400.68505
234.959807,1,4400.727429
-8.998249,21,4401.867418
74.647083,305,4402.580997
527.307974,300,4404.308996
527.96284,341,4405.275104
367.027213,341,4407.101529
267.477005,341,4408.992177
148.284245,400,4410.03305
894.026722,400,4412.01908
100.085847,400,4413.911618
162.531651,341,4415.65245
-23.874588,14,4415.714848
714.99944,256,4416.379353
146.119847,341,4418.159901
118.133447,400,4420.179845
233.298523,1,4420.222194
162.069518,341,4421.020309
87.331969,400,4423.016812
-90.337018,300,4424.860275
233.298523,1,4424.9024
233.298523,1,4424.943969
408.552228,220,4425.447271
452.938702,341,4427.261355
-101.179429,300,4427.987505
86.214721,400,4429.929366
117.180483,400,4431.845971
233.298523,1,4431.888086
442.392016,341,4433.817167
-23.236564,15,4433.880586
163.81897,341,4434.836967
509.263799,300,4436.576506
156.620908,341,4438.448156
-47.912488,300,4439.095323
-71.202618,300,4440.807229
233.298523,1,4440.8493
-20.699537,2,4440.893085
1086.642884,300,4441.501622
-100.911935,197,4443.032176
429.749608,230,4443.457987
92.338811,400,4445.294266
233.298523,1,4445.338892
89.54213,300,4447.020451
-21.561895,6,4447.070711
-21.518303,1,4447.111592
-20.791632,4,4447.157128
399.373266,219,4447.650535
451.803412,242,4448.215747
-80.411029,300,4449.959532
374.799949,203,4450.429865
337.85954,184,4451.894574
982.941474,300,4452.626747
233.298535,1,4452.669073
151.826608,341,4454.492276
476.489365,341,4456.324501
302.278615,164,4456.645926
177.645158,341,4458.524489
233.298523,1,4458.568835
338.530998,184,4459.076657
-15.53137,300,4460.815134
1042.127827,300,4461.495351
330.29152,178,4463.056102
-17.962971,1,4463.098699
1057.978562,300,4463.783576
71.266108,260,4465.476492
-91.546207,244,4465.99835
359.788269,193,4467.514536
-96.407311,249,4468.121731
690.657694,344,4469.972554
316.230045,171,4470.465481
363.854379,196,4470.886351
54.817541,37,4472.173709
88.625569,400,4473.106132
-20.170103,1,4473.147455
124.835287,255,4474.683522
233.298523,1,4474.725965
31.50483,25,4474.804468
502.299652,255,4475.35361
233.298523,1,4475.395398
166.32478,341,4477.295811
915.382129,400,4479.284455
-18.076538,400,4481.394221
332.367745,330,4482.246042
1046.355993,300,4484.090305
194.025573,103,4484.317995
383.890424,207,4484.952015
470.191457,300,4486.690001
-4.928362,29,4486.78525
1039.142551,300,4488.55493
142.298425,341,4489.393611
-31.800226,400,4491.404177
34.738064,26,4491.493774
91.184534,400,4493.453749
309.885725,400,4495.496229
233.298523,1,4495.538295
-7.061098,300,4496.224051
-50.451282,23,4496.30083
146.318261,341,4498.084892
319.194976,341,4499.962562
-3.024969,35,4500.054424
405.004286,218,4500.519677
65.904329,228,4502.13075
-3.268195,300,4502.94221
151.001413,341,4504.695925
95.887898,341,4506.720311
262.12632,142,4507.05495
233.298309,1,4507.096827
422.307702,341,4507.737057
-38.764324,400,4509.691179
339.889865,184,4511.148091
11.244818,341,4512.001178
447.797682,300,4513.7765
161.579365,341,4515.611728
306.736775,263,4516.269349
4.861003,12,4516.329783
891.955336,400,4518.324162
-13.9953,3,4518.371141
233.298309,1,4518.41266
212.51257,1,4518.454191
314.961264,341,4520.304967
-104.776996,282,4521.021635
67.808964,184,4521.444761
164.833422,341,4523.337404
453.249926,300,4525.0714
-21.374586,5,4525.119952
386.879582,335,4525.775527
128.623744,341,4527.585145
54.535485,185,4528.171144
409.161619,222,4529.817822
131.342661,400,4531.893808
-5.189422,7,4531.944181
1048.656663,300,4532.673329
233.298523,1,4532.715541
137.29896,277,4534.335764
-20.514149,300,4535.127297
352.199433,188,4536.635641
494.725241,341,4537.452853
233.298523,1,4537.497164
-21.588394,1,4537.539313
-4.503553,28,4537.661004
141.663749,341,4539.393271
233.298523,1,4539.435319
-10.83069,20,4539.512561
233.298523,1,4539.554138
150.861422,400,4541.56779
512.719527,341,4543.413715
130.556072,400,4544.298985
-3.970531,8,4544.351058
56.12181,240,4545.898649
43.390805,144,4546.195889
416.762573,227,4547.805378
44.507017,37,4547.89935
-20.182911,1,4547.941538
1009.57089,300,4548.610533
454.902169,341,4550.658764
1123.805867,300,4551.308762
-12.182722,14,4551.411355
-22.624623,300,4553.101238
16.954514,18,4553.176454
-29.970975,14,4553.242552
45.452102,300,4555.005926
213.614197,341,4555.826008
553.334192,341,4557.591186
33.392327,26,4557.714076
-46.045314,17,4557.784968
233.298523,1,4557.826483
61.180545,191,4559.421279
155.789459,400,4560.263981
70.769941,207,4561.905882
233.298523,1,4561.947698
233.298309,1,4561.990373
-32.989227,300,4562.721164
-12.458705,300,4564.502069
238.598633,1,4564.544579
-21.243748,400,4566.65615
426.864822,229,4567.166033
65.710211,267,4568.950821
148.546579,400,4569.908563
233.298523,1,4569.950527
132.306383,341,4571.706542
33.15919,28,4571.838498
-18.376274,400,4573.902747
55.257962,180,4574.276298
233.298309,1,4574.318083
213.279341,112,4574.544139
233.298523,1,4574.588465
372.982527,204,4576.083373
63.026216,183,4576.473667
-23.386125,11,4576.532578
-24.729104,19,4576.601143
487.509023,341,4578.36505
-17.787629,4,4578.4164
233.298523,1,4578.457984
-31.722389,300,4580.22472
-124.241746,137,4580.599882
669.080844,338,4581.392152
513.411892,300,4583.135618
233.298523,1,4583.17807
34.348187,27,4583.270735
683.462941,338,4585.251672
103.692446,341,4586.052434
493.593719,341,4587.850162
165.13186,341,4589.595964
915.768665,400,4591.502333
147.625248,341,4592.220903
348.298487,341,4593.986931
-1.741482,9,4594.080173
137.514069,305,4595.820684
157.5159,341,4596.751911
-8.932038,20,4596.832305
575.523541,295,4598.55692
214.922146,1,4598.599475
-19.500002,1,4598.642391
-29.997401,400,4600.913399
-17.979005,1,4600.954213
154.795662,341,4601.711085
495.760142,341,4603.653516
438.645507,240,4604.211772
-23.553516,14,4604.27758
-15.660777,7,4604.329776
438.462102,240,4605.988971
415.46292,223,4606.650365
206.184737,1,4606.692562
353.43447,192,4608.12591
-21.972546,7,4608.177366
486.736001,251,4608.915154
233.298523,1,4608.956855
154.415099,341,4610.861911
897.791173,400,4612.857029
803.288551,270,4613.419726
41.876619,341,4615.199219
529.326225,341,4616.971436
-10.265893,19,4617.039716
69.811707,341,4617.813971
-16.850243,8,4617.869322
-7.893813,6,4617.918712
359.199162,269,4619.558226
107.839822,246,4620.127473
-3.95884,8,4620.17887
233.298523,1,4620.220439
169.175995,341,4622.002857
225.298556,1,4622.045212
-10.331936,18,4622.110232
165.734223,341,4623.938421
165.25954,341,4624.653888
211.379656,1,4624.696271
233.298523,1,4624.73786
-26.573847,27,4624.819151
383.674701,204,4626.43906
526.538398,341,4627.155156
32.518177,341,4628.904065
277.159825,400,4630.933114
47.659291,341,4632.770859
-29.398639,31,4632.859051
-43.855646,118,4633.112881
82.238214,273,4633.676122
-22.113663,300,4635.446482
6.124713,13,4635.505286
-6.618891,30,4635.588107
885.439827,400,4637.46645
293.697269,400,4639.442497
211.664951,1,4639.484981
162.683669,341,4640.233001
233.298523,1,4640.277724
-94.306917,262,4641.966173
154.768065,341,4642.822311
95.936417,341,4644.664996
1024.187442,300,4646.38986
304.210874,156,4646.759537
271.267316,341,4648.631966
393.239287,341,4649.517793
233.298523,1,4649.559654
156.383407,341,4651.447125
173.38214,341,4653.280448
11.617209,300,4653.985382
-21.68791,1,4654.026255
379.66791,203,4655.730706
-90.455899,233,4656.154185
170.394916,341,4657.911342
233.298523,1,4657.95346
84.570406,330,4658.708439
187.022354,400,4660.674136
6.640756,13,4660.733412
254.215882,341,4662.564261
-18.005016,2,4662.611466
-8.200351,19,4662.678267
-86.061719,238,4663.324271
-16.175586,300,4665.051612
498.840489,300,4666.785274
719.999376,355,4667.662804
233.298309,1,4667.704704
0.410447,341,4669.563602
530.486705,341,4671.550941
1081.151545,300,4672.19003
-20.101612,1,4672.231904
77.673807,241,4673.85328
-22.396685,10,4673.910554
-16.126929,7,4673.961708
-8.214679,19,4674.030287
215.905438,341,4674.848699
166.092262,341,4676.678354
158.513466,341,4678.56464
-19.499866,1,4678.606007
502.033125,341,4679.524039
479.663506,300,4681.335125
31.284901,25,4681.421963
233.298523,1,4681.463604
479.519093,300,4683.19115
-7.421822,300,4683.937496
199.644416,400,4685.978059
628.37131,319,4687.739046
233.298523,1,4687.78104
-48.852195,400,4688.545982
17.531827,300,4690.320854
233.298523,1,4690.36452
88.091731,286,4692.055127
140.385355,299,4692.774005
157.7713,400,4694.850771
184.458126,400,4696.817522
233.298523,1,4696.859559
552.208252,341,4697.575934
997.38572,300,4699.404635
976.502506,300,4701.192106
553.874188,341,4701.991275
161.904784,341,4703.883205
69.802943,198,4704.415805
269.986549,341,4706.194594
154.24424,400,4708.292516
56.711971,312,4709.081322
233.298523,1,4709.123457
672.594203,336,4711.16037
-13.234374,300,4712.947232
1002.320922,300,4713.600446
484.17001,300,4715.285248
844.43055,300,4715.901217
-81.782062,300,4717.588099
-128.231937,400,4719.449282
180.4437,341,4720.240709
-20.170315,1,4720.281893
208.116439,341,4722.035687
484.734439,341,4723.788005
25.820223,300,4724.491686
68.789179,211,4726.022122
-18.340672,3,4726.067317
905.183911,400,4726.854733
211.184045,1,4726.896888
-21.646261,1,4726.938446
-7.837248,22,4727.011282
-86.168817,400,4729.005624
47.730535,33,4729.097524
-14.003578,3,4729.141762
-20.255604,1,4729.183971
973.755654,300,4730.906581
233.298523,1,4730.948533
491.423467,300,4732.744555
254.362116,264,4733.341266
175.719576,341,4735.246986
556.576913,278,4735.998962
233.298646,1,4736.041014
165.204235,341,4737.901789
233.298309,1,4737.94386
233.298523,1,4737.985342
-9.866901,20,4738.138614
-10.919445,18,4738.211782
145.602666,290,4739.916893
-27.176393,300,4740.749682
435.764305,291,4742.470506
-9.403359,5,4742.52093
170.341191,341,4743.309702
474.358603,300,4745.050879
127.456532,341,4746.891989
-8.19897,21,4747.005281
61.644317,204,4747.470265
77.572886,304,4749.207597
222.29709,1,4749.250143
911.492778,400,4750.148118
906.934551,400,4752.362382
-19.93241,300,4754.043323
-7.829541,22,4754.125793
394.728788,341,4755.978345
-22.318691,10,4756.034625
63.356174,202,4756.459264
-100.881626,400,4758.446047
419.60479,341,4759.218371
918.077709,400,4761.150532
155.933783,341,4762.860239
439.499087,272,4763.509121
124.805075,341,4765.418255
152.523084,341,4767.223633
-20.02537,1,4767.267062
443.253686,300,4767.977988
438.876557,300,4769.671066
378.657478,200,4770.133815
512.225774,263,4771.805875
118.016872,341,4772.604823
138.072788,341,4774.411647
-21.439056,6,4774.463343
146.357325,341,4776.308992
153.722898,341,4777.053159
2.093403,11,4777.112408
7.559707,13,4778.28308
148.781877,341,4779.077332
654.462164,331,4780.874093
-32.792803,300,4781.725148
419.208316,228,4783.279683
149.586209,341,4785.100807
70.628589,233,4785.612934
-17.997857,1,4785.656643
493.786175,341,4787.522904
-103.273738,190,4787.89442
708.10307,356,4789.76221
378.974381,209,4790.194543
160.838458,341,4792.098847
212.614794,1,4792.141279
489.595777,341,4792.936542
233.298523,1,4792.978868
-2.32328,300,4794.758351
231.514905,341,4796.567686
464.553383,341,4797.202647
-22.443487,400,4799.286474
129.77413,341,4801.142759
161.079102,341,4801.987437
450.770945,341,4803.765658
161.494794,341,4805.597106
153.267317,341,4806.35565
-21.855137,10,4807.481038
-91.84449,400,4808.334291
367.635287,198,4809.846915
3.315491,11,4809.902853
453.087398,300,4810.514283
-24.176533,400,4812.486423
398.816279,341,4814.334031
401.976469,227,4814.853449
-9.74709,5,4814.903381
-15.182014,9,4814.958998
138.318026,341,4816.7788
-22.569226,11,4816.838221
-24.512089,18,4816.914088
512.674894,341,4818.720105
-19.41691,1,4818.764154
-12.519783,1,4818.806216
152.967563,316,4819.492299
-19.446332,1,4819.534683
326.109785,176,4821.031326
443.000307,341,4821.710706
165.142868,341,4823.591445
65.840042,341,4825.465831
142.042541,341,4826.191178
407.953353,219,4827.711332
-8.088294,1,4827.753786
1052.069739,300,4828.408481
-1.538018,9,4828.503748
-20.685971,3,4828.549885
531.43394,341,4830.414599
16.043606,18,4830.488581
-19.499871,1,4830.52944
463.588182,341,4832.456105
566.336698,341,4833.275745
371.756186,198,4834.765598
-20.273353,1,4834.810446
169.089968,341,4835.56452
206.266672,1,4835.606661
488.385919,341,4837.348669
465.422694,238,4838.056831
-5.096903,29,4839.213905
109.320681,400,4840.04132
-11.124014,16,4840.10888
451.689601,341,4841.906778
474.107327,341,4843.933497
211.428348,111,4844.175269
488.434217,248,4844.78279
-34.915142,300,4846.491164
480.492074,300,4848.273021
233.298523,1,4848.31507
450.321997,300,4849.034805
233.298523,1,4849.077191
-19.004058,2,4849.120082
896.486551,400,4851.054729
510.845295,341,4852.975703
200.785662,341,4853.920125
-68.936808,300,4855.653358
-20.914494,4,4855.701682
-23.125455,400,4857.763305
465.434423,341,4858.688785
541.824375,341,4860.541912
896.970248,400,4862.501223
-9.029649,300,4863.122755
-32.76886,400,4865.076355
-15.895283,2,4865.120761
-36.251624,283,4866.807199
216.718928,1,4866.849417
-36.952217,400,4867.801793
24.642669,341,4869.648466
-105.177241,347,4871.442234
72.928342,283,4872.256281
1057.756268,300,4873.965942
-14.621244,400,4875.907951
233.298523,1,4875.950326
890.736461,273,4876.528869
61.611341,202,4878.107366
-2.046008,13,4878.167428
128.97278,341,4878.866214
350.439297,286,4880.543393
307.76077,400,4882.470229
1064.671986,300,4883.2491
138.346711,341,4885.035296
502.803159,341,4886.813367
233.298523,1,4886.855679
487.965009,341,4887.535916
-24.097871,14,4887.679901
181.61059,341,4889.426408
299.714284,400,4891.348195
-62.440247,300,4892.01053
-6.016625,7,4892.060475
215.930938,1,4892.102488
-114.686329,303,4893.913522
0.023091,10,4893.967578
-14.003622,3,4894.011224
1057.580618,300,4895.842874
491.378923,341,4896.641531
896.284707,400,4898.644678
-48.727762,210,4899.108224
195.146981,104,4900.456885
371.444977,199,4900.872814
900.202557,400,4902.804631
233.298523,1,4902.846893
178.164334,341,4903.556471
-50.951481,300,4905.44361
1020.57811,300,4907.177579
478.524773,300,4907.90209
66.429669,213,4909.451768
-16.00039,300,4910.061706
30.853327,24,4910.137934
396.906557,214,4911.648495
-21.761161,12,4911.707946
399.39825,216,4912.276675
351.823569,192,4912.707984
25.287885,341,4914.537519
362.711168,198,4916.061035
163.067725,341,4916.694594
282.934374,400,4918.706532
920.206612,400,4920.730676
-24.170082,17,4920.803993
363.779941,195,4921.321393
209.35688,1,4921.363662
233.298309,1,4921.405169
-7.139285,400,4923.372429
167.698725,341,4925.325452
372.607375,258,4925.930488
242.314461,1,4925.972591
353.635703,190,4927.467932
401.487324,217,4928.098516
233.298523,1,4928.140365
354.811813,341,4929.9812
-101.432326,252,4930.622639
364.037604,196,4931.046747
488.781948,255,4932.709626
219.318235,1,4932.751952
1068.636804,300,4934.633953
173.833089,341,4935.447145
141.748931,341,4937.207535
212.319933,341,4939.027587
-18.014321,1,4939.070248
-3.750731,28,4939.149781
144.858147,277,4939.920629
1.956472,17,4939.989217
102.297747,341,4941.950501
1100.479973,300,4942.817413
155.828778,310,4944.608236
333.808583,181,4945.021825
0.035985,10,4945.117541
309.525266,172,4946.542144
904.981286,400,4948.435473
136.918241,341,4949.108629
866.491914,279,4950.811349
690.624535,354,4951.714185
-37.37738,11,4951.852387
233.298523,1,4951.894326
62.028593,200,4953.393389
233.298523,1,4953.43521
242.692385,129,4953.707367
147.705128,341,4955.537079
-33.895075,400,4957.583123
16.105252,22,4957.659121
-0.112416,300,4958.313237
-15.628517,11,4958.369701
-17.880354,1,4958.410598
-15.276288,9,4958.463322
77.319004,333,4960.276274
122.788679,292,4960.871037
-43.070734,15,4960.933159
177.663944,341,4962.597437
187.999458,341,4964.482475
73.636113,251,4965.031723
152.545574,341,4967.109235
898.244838,400,4969.023657
569.537589,294,4969.632201
355.671145,193,4971.191573
-5.484674,28,4971.316663
139.98766,341,4972.023009
304.49777,167,4973.412398
220.817971,1,4973.454633
234.229892,341,4974.12629
720.058952,253,4975.741259
1063.529065,300,4976.516661
-9.738342,5,4977.630393
356.528336,193,4978.048153
69.771877,211,4978.447447
478.340309,341,4980.314564
-90.26446,300,4982.057189
-28.792712,341,4982.7349
566.470071,284,4984.423553
216.906718,1,4984.466632
1059.435887,300,4985.043414
892.533595,400,4986.91864
170.055523,341,4988.698846
1043.296798,300,4989.413428
233.298523,1,4989.455619
-6.749479,300,4991.130136
53.976647,181,4991.672417
278.369954,400,4993.724477
233.29849,1,4993.767043
-140.019798,325,4995.470677
378.011292,207,4995.908048
1.044255,300,4997.590167
158.796983,341,4998.31436
-2.923114,300,4999.952627
-16.126423,7,5000.006444
182.25035,268,5001.741143
12.209753,341,5002.41137
158.667219,322,5004.145549
141.396056,400,5006.071309
1068.418298,300,5006.864243
472.338361,341,5008.744718
164.871453,341,5010.583666
-22.37558,10,5010.645184
153.713451,318,5011.405632
151.045841,400,5013.323196
-21.535183,9,5013.459806
233.298523,1,5013.501628
70.173361,166,5014.043413
296.856413,154,5015.435646
233.298523,1,5015.47953
-17.951901,1,5015.521683
233.298523,1,5015.563315
-19.499984,1,5015.603835
303.947533,400,5016.523229
170.487929,341,5018.307016
233.298523,1,5018.3495
215.593087,1,5018.391268
178.118907,341,5020.204561
226.89158,1,5020.246941
-15.04408,9,5020.301094
108.48191,341,5021.105452
472.887407,300,5022.784572
56.544811,178,5023.237365
44.336815,32,5023.372352
447.649111,341,5025.114759
156.346332,344,5026.980133
240.896205,341,5027.871239
233.298523,1,5027.913346
233.298523,1,5027.954896
82.910067,243,5029.543257
210.863255,1,5029.585681
283.699297,341,5031.360958
233.298523,1,5031.40321
67.118068,162,5031.768002
160.648465,400,5033.710348
46.324821,33,5033.798946
-26.160611,29,5033.882077
-7.228707,300,5034.495152
62.897808,208,5036.036089
194.48073,271,5036.71349
480.082927,300,5038.577808
176.525867,341,5040.442701
240.976257,265,5040.961171
-20.016209,1,5041.002291
539.857399,277,5042.76458
-28.260402,24,5042.844385
233.298523,1,5042.885972
173.543909,341,5043.725007
-37.705439,50,5043.838754
126.227556,341,5045.77508
375.302789,341,5047.752025
-95.85473,227,5048.336087
-2.01558,29,5048.465282
-17.947695,1,5048.507668
410.801288,341,5050.459306
233.298523,1,5050.501386
235.461503,1,5050.543252
161.364496,400,5052.441889
174.95958,341,5053.125984
233.298523,1,5053.168335
73.625121,273,5054.811383
80.852358,258,5055.397857
296.702653,400,5057.383047
430.970073,341,5059.164249
488.071577,341,5061.055975
91.941487,221,5061.651834
415.174535,232,5062.203759
-100.619387,266,5063.930874
-25.713661,18,5063.998287
-14.974091,300,5065.729856
159.064272,341,5066.48664
422.979386,226,5068.052245
-23.764596,13,5068.113078
-20.106641,1,5068.154271
-77.480213,300,5068.788015
984.83882,300,5070.425934
59.525217,226,5070.931368
362.440055,341,5072.745899
502.578255,300,5074.488766
-6.83877,29,5074.575023
233.298523,1,5074.620905
-35.822737,300,5075.408541
142.8198,341,5077.20756
-68.501006,300,5077.885403
57.95852,38,5079.046506
291.342408,400,5079.996328
389.458986,211,5081.670276
1060.369484,300,5082.375509
-20.237696,1,5082.419205
-2.012399,300,5084.109269
157.332818,400,5086.116635
-119.273089,336,5086.895966
457.586145,341,5088.704957
-1.138955,36,5088.850218
586.275014,295,5090.534035
-20.534332,18,5090.604606
485.071371,341,5091.421203
179.801298,341,5093.373745
647.296708,325,5095.161279
233.298523,1,5095.203334
78.87567,227,5095.749401
-138.703166,363,5097.609745
20.220682,20,5097.678801
-89.033293,213,5098.14956
-23.966851,15,5098.217083
-11.869833,16,5098.286648
169.794107,341,5100.25854
214.740331,1,5100.300835
-106.304077,252,5100.84734
377.936351,202,5102.337258
13.208673,300,5103.003956
-54.9357,400,5105.173971
149.241771,341,5107.066584
-21.415092,6,5107.11773
364.111914,198,5107.634498
137.896938,341,5109.581915
569.463705,287,5111.342757
1124.618588,300,5112.022538
413.481494,300,5113.80741
160.595234,341,5114.587142
-9.206332,21,5114.663621
-27.185535,30,5114.760945
-20.235855,1,5114.803214
449.570571,300,5116.608646
307.670486,167,5116.99421
207.377759,1,5117.03628
-15.659918,7,5117.086289
1053.316992,300,5118.770353
884.433849,400,5120.745162
144.894044,341,5121.465286
309.929387,170,5122.909383
66.3729,218,5123.480498
-21.556607,300,5125.223845
233.298523,1,5125.266279
233.298523,1,5125.307781
637.2661,320,5126.252466
-103.303352,209,5127.773337
149.899776,341,5128.648277
404.415006,300,5130.447028
23.769013,23,5130.531347
-121.507219,273,5132.324629
-113.840569,238,5132.887423
64.036849,263,5134.50461
317.943081,172,5134.885814
296.258524,161,5135.338402
134.875617,341,5137.245729
41.555262,30,5137.413635
-2.784818,34,5137.503029
224.564239,1,5137.544997
233.298523,1,5137.586423
292.562088,400,5139.62085
436.640254,300,5140.282818
-27.225834,28,5140.405185
341.936343,184,5141.870931
299.722728,188,5142.439458
901.2129,300,5144.380219
33.349326,26,5144.51209
-111.815177,400,5146.588073
-55.674598,400,5147.543599
51.329022,194,5149.028192
-19.005823,2,5149.071049
164.521187,341,5149.846814
442.043384,236,5151.524816
294.081935,161,5151.981864
68.290154,225,5153.629118
57.715683,248,5154.178629
163.496465,341,5156.028536
233.298523,1,5156.071347
-21.130135,300,5156.820161
1.486996,300,5158.545016
312.095459,170,5158.971431
-19.50068,1,5159.012676
294.990846,400,5161.1923
233.298523,1,5161.234342
168.445993,341,5163.107612
322.698879,177,5163.534561
233.298523,1,5163.576625
233.298523,1,5163.618225
1050.86715,300,5165.318051
171.507668,341,5165.98122
-31.294107,400,5167.857618
530.06823,269,5169.490565
336.400777,181,5169.923611
19.589725,300,5171.65845
330.165942,181,5172.007554
213.163368,1,5172.049959
127.442099,341,5173.959813
136.653755,276,5174.499654
147.464509,400,5176.355831
233.298523,1,5176.397849
-22.561628,14,5176.459208
-20.331116,8,5176.511499
-67.010811,400,5178.566105
-37.255019,400,5180.713548
138.224218,400,5181.781416
145.606859,400,5183.703398
51.549366,150,5184.133189
-20.137998,1,5184.174192
220.695577,1,5184.215953
-4.372734,30,5184.311701
300.387165,165,5185.787825
-20.169793,1,5185.828916
63.164561,188,5186.341618
279.95019,153,5186.624995
1060.672471,300,5188.552138
-67.403257,122,5188.840154
233.298523,1,5188.882119
-5.315319,1,5188.923902
730.916858,369,5190.831666
303.884487,167,5191.29495
-16.744712,7,5191.345221
18.63466,300,5193.261652
1115.170482,300,5194.979202
35.156265,26,5195.098718
154.095157,341,5195.897484
66.839592,341,5197.642078
594.021176,306,5199.39728
724.14396,365,5200.152699
142.427579,400,5202.291298
1054.475035,300,5204.118195
445.248821,300,5204.864983
233.298309,1,5204.907196
-0.46469,37,5205.016679
-43.824664,400,5206.972506
266.925628,141,5207.394125
235.355846,1,5207.436588
170.337628,341,5209.310286
-19.527237,1,5209.352859
-17.962526,1,5209.393524
233.298523,1,5209.435138
1046.166585,300,5211.238631
211.717986,1,5211.281868
-5.239422,300,5212.029149
72.268896,226,5213.567019
1060.464523,300,5214.181556
305.875351,168,5215.658126
750.383324,372,5216.600248
-11.989241,4,5216.646372
353.86754,190,5218.074016
342.243492,187,5218.678924
-19.450201,1,5218.720154
-22.904483,7,5218.773813
141.158847,305,5220.600416
-31.400402,300,5221.366579
77.549123,287,5223.140601
358.243969,201,5223.701769
16.084663,18,5223.775195
-27.548283,300,5225.554675
131.480114,293,5226.264954
403.778053,300,5227.95176
32.168395,300,5228.635082
-127.537807,400,5230.615076
233.298523,1,5230.657047
967.29829,300,5232.339236
304.874991,171,5232.800634
325.995745,178,5234.255102
1050.581927,300,5234.903777
233.298523,1,5234.945987
369.587405,201,5236.645912
387.883013,300,5237.338931
233.298523,1,5237.381027
-19.447595,1,5237.422615
-20.402479,1,5237.464566
386.239227,208,5238.929467
-23.029119,9,5238.982825
59.326962,336,5239.826485
-13.320431,300,5241.553069
62.538064,300,5242.221618
126.994568,341,5244.008114
386.259153,300,5245.645626
73.391383,206,5246.171154
-26.525561,27,5246.259444
-20.117212,9,5246.315807
446.112981,341,5248.097519
131.476495,341,5248.873721
433.827058,341,5250.700441
118.056078,265,5252.502815
323.197291,180,5252.852264
452.703704,341,5254.644772
11.794715,15,5254.70901
49.44379,212,5255.191686
-19.517037,1,5255.234284
437.265085,341,5257.00754
129.561911,272,5257.754542
-45.707935,300,5259.482239
409.393164,222,5259.958584
13.182612,179,5261.456066
1062.65037,300,5262.073718
142.089976,341,5263.927415
233.298309,1,5263.969313
140.677488,341,5265.783155
233.298523,1,5265.825227
-24.973732,20,5265.896143
133.394887,304,5266.817634
6.688725,13,5266.883015
149.119085,341,5268.672471
43.321336,256,5269.30476
784.860569,387,5271.467041
57.524328,231,5273.081368
303.867511,166,5273.459961
233.298523,1,5273.504182
146.032919,341,5275.408982
233.298523,1,5275.451071
-20.16765,1,5275.492012
90.63305,341,5276.24413
233.298523,1,5276.286518
-24.704558,19,5276.355128
-18.000492,1,5276.396331
360.162817,193,5277.90766
-131.020383,320,5278.693962
-28.817734,35,5278.78896
351.810265,190,5280.301505
1091.282298,300,5280.92056
210.582379,1,5280.963066
-6.71998,26,5281.040395
56.548097,197,5282.640036
-9.963052,300,5283.608468
158.3807,341,5285.473054
135.540169,341,5287.305072
-19.183464,162,5287.721818
751.811387,376,5289.815472
367.223783,300,5290.531274
54.8119,260,5292.104294
-18.009749,1,5292.149299
-55.639683,300,5292.852928
291.960598,160,5294.340348
118.165817,341,5295.135339
233.298523,1,5295.177491
-43.841359,300,5297.040737
-9.905361,300,5298.828085
56.934121,37,5298.978336
160.851737,341,5299.822123
908.266707,400,5301.807063
133.069926,341,5303.704761
1080.06493,300,5304.453663
152.500067,341,5306.538325
233.298523,1,5306.580409
233.298309,1,5306.62189
28.738821,23,5306.696376
-17.223727,300,5308.407597
34.457737,27,5308.488316
307.585721,170,5308.903145
112.285605,341,5310.649745
358.59118,300,5311.304901
-9.88202,7,5311.355371
817.479204,271,5312.984439
174.902161,341,5313.777354
359.678592,196,5315.276876
154.919259,341,5317.254826
-90.97452,229,5317.684743
-2.406033,34,5317.863983
438.653545,235,5319.539858
273.648546,144,5319.880223
292.77533,400,5321.980358
41.564628,30,5322.065529
1059.062242,300,5322.712965
188.503163,341,5324.617957
-36.76156,170,5325.049078
365.430525,300,5326.741793
499.607175,341,5327.6508
180.156899,341,5329.506324
-30.724067,7,5329.55919
112.912249,264,5331.264638
475.102214,341,5332.070371
325.517142,300,5333.84256
157.520493,340,5335.633338
430.956311,341,5336.399406
188.304971,341,5338.098179
148.521872,341,5340.065754
-23.8217,22,5340.180704
170.210186,341,5340.900953
1053.585459,300,5342.578808
-20.471358,400,5344.455007
-100.967116,355,5345.21446
0.062089,10,5345.272923
888.123423,400,5347.220496
529.882069,341,5349.047667
449.928196,300,5349.744638
-26.417901,27,5349.90517
878.253559,400,5352.148298
82.055874,264,5353.811583
324.285629,181,5354.211842
32.992318,25,5354.29819
67.079258,184,5355.784338
233.298523,1,5355.82612
233.298309,1,5355.867669
163.511791,341,5356.738348
-37.638722,55,5356.879354
282.49321,400,5358.794879
292.813397,400,5360.737483
288.270323,400,5362.658808
233.298523,1,5362.700893
56.962991,234,5363.186307
1060.627362,300,5364.947893
860.305226,279,5365.568264
54.755314,298,5367.291671
48.553804,241,5367.839221
232.242514,1,5367.881191
-36.07287,400,5369.975577
325.968445,175,5370.425047
105.096388,239,5372.11557
-17.938302,1,5372.158388
98.269759,224,5372.561276
351.595159,188,5374.161783
165.924849,400,5375.013982
75.817112,258,5376.633826
50.5209,173,5377.055701
890.796745,400,5379.136115
61.447095,190,5379.611077
233.298523,1,5379.653282
211.179348,1,5379.695048
418.397817,226,5381.31183
553.505132,341,5383.326675
493.273624,341,5384.246294
3.038006,341,5386.188606
1023.344608,300,5386.910524
564.184331,341,5388.832283
-21.589085,22,5388.91244
152.426303,312,5390.727367
-84.211091,300,5391.487225
-27.115168,29,5391.578826
33.226853,27,5391.70465
761.879596,273,5393.426411
895.490395,400,5395.556902
433.749725,300,5396.333032
0.574026,341,5398.180063
365.578374,197,5398.733927
233.298523,1,5398.777801
491.819706,341,5400.561698
-19.443322,1,5400.603796
64.792781,186,5401.016964
-67.595725,300,5402.709393
-9.00684,300,5404.565572
-19.465796,1,5404.60838
-8.032335,25,5404.684178
-10.799095,20,5404.793185
-72.296528,400,5406.875272
535.214447,272,5407.485306
552.613016,341,5409.561541
20.09776,21,5409.640294
-59.130889,400,5411.544036
-20.297003,9,5411.597704
104.044425,400,5412.685431
233.298523,1,5412.727773
95.3471,400,5414.584014
871.029249,400,5416.541522
880.981692,400,5418.533953
-9.417868,400,5419.452724
-79.838247,300,5421.248874
16.317356,20,5421.325238
-25.2346,28,5421.419618
464.3178,300,5423.181989
-20.097289,1,5423.224665
-22.375573,10,5423.279936
290.099346,400,5425.309801
18.171138,19,5425.419116
-16.498195,11,5425.479876
144.556505,341,5426.397296
-110.409948,335,5428.143196
171.560923,341,5429.952078
-32.155355,215,5430.526595
342.52881,189,5431.05955
20.789658,341,5432.867757
479.69148,341,5434.776343
55.848674,38,5434.877378
-50.028918,144,5435.191818
-56.911102,300,5436.912764
233.298523,1,5436.955187
332.229736,341,5437.7321
55.753569,341,5439.522426
3.463989,341,5441.299435
117.5863,341,5442.090668
52.381081,191,5443.575584
238.344193,1,5443.618272
-100.637638,400,5444.516876
-122.687858,392,5446.484311
133.429935,319,5448.250211
529.339249,341,5450.054669
80.955427,341,5450.791377
48.301775,174,5452.38325
163.168594,341,5453.108242
-40.983842,300,5454.847703
457.367687,341,5455.585474
-23.096206,17,5455.657315
213.469084,1,5455.700109
415.88734,341,5457.710058
111.453146,400,5459.618505
-26.724655,21,5459.691841
233.298523,1,5459.733379
-5.590946,28,5459.817811
-43.736552,300,5461.565434
-11.320294,14,5461.626045
102.500284,400,5462.70593
-40.368572,300,5464.463652
337.890427,184,5464.873407
277.076143,400,5466.792108
527.719311,341,5468.579835
280.111934,150,5468.909473
38.879305,128,5469.236131
16.141825,18,5469.305613
-8.771717,22,5469.420939
344.035151,188,5470.889291
284.19011,400,5472.869597
377.940808,203,5473.415022
77.825516,326,5475.212671
70.254533,341,5475.877116
-17.884826,1,5475.918352
233.298523,1,5475.959892
87.063985,341,5477.839339
735.144416,368,5479.705087
158.241844,347,5480.385681
55.745065,206,5482.048929
335.333643,195,5482.509074
34.365438,341,5484.333319
-20.014795,2,5484.376756
329.611694,195,5484.994964
424.182691,236,5486.608474
610.054029,341,5487.346169
1051.458071,300,5489.121814
-20.240349,1,5489.164427
980.434409,300,5489.839529
343.418435,190,5491.26861
-157.550892,400,5493.238444
1040.669737,300,5493.935062
414.842067,226,5495.475274
8.741471,14,5495.537995
375.463822,206,5496.018615
-16.190347,300,5497.712302
462.016251,341,5498.6938
-32.891517,153,5500.091352
418.730457,300,5500.751304
83.780312,400,5502.699529
455.390318,252,5503.41671
