#{"t_start": 1765854108.765417, "env_id": "None"}
r,l,t
-91.930486,341,69.146281
-81.293033,300,69.774909
-94.568617,341,70.522117
42.562452,300,71.69328
-96.842418,203,74.147589
233.298309,1,74.190837
-44.003197,133,75.449588
154.632628,143,76.813074
255.231759,143,78.180923
-55.151095,133,79.464092
233.298523,1,79.512167
-81.0697,133,80.744877
-43.884799,143,82.213883
-30.481311,20,82.422136
-91.874563,317,85.304753
-54.480109,341,88.651191
73.655495,133,89.880214
156.647922,143,91.262869
-43.850416,143,92.679146
114.771924,133,93.947294
255.397597,341,97.305589
-64.421458,96,98.205016
254.268806,134,99.468983
255.232827,143,100.820797
-2.398489,300,103.607083
255.232756,143,104.955267
6.131474,341,108.222614
254.122743,133,109.531695
-76.982347,133,110.808362
-32.923916,341,114.008488
156.644501,143,115.394936
-76.981412,133,116.665362
255.356128,142,118.022316
13.432281,341,121.220874
211.484865,1,121.26332
-115.339578,360,124.569199
-82.66033,133,125.870187
-27.004731,284,128.502375
-18.581211,400,132.353815
-82.594182,133,133.634012
224.267784,1,133.682544
-37.036993,53,134.176381
255.231762,143,135.557494
114.765998,133,136.836736
246.412194,129,138.086888
233.298506,1,138.130183
154.635316,143,139.495628
-27.746589,284,142.081133
-30.411023,158,143.643805
233.298517,1,143.685926
179.733297,400,147.54336
-33.729363,341,150.817215
255.231763,143,152.177343
233.298517,1,152.224942
-82.630338,133,153.56947
1.056907,341,156.779505
233.298505,1,156.821493
903.204091,300,159.70389
-28.970563,150,161.1611
43.979721,300,163.961616
378.80206,400,167.664171
-51.297405,84,168.545559
-18.002883,1,168.592319
-82.644172,133,169.822469
238.104945,125,171.130583
255.231784,143,172.445023
186.343778,400,176.224391
-9.713002,341,179.514701
70.766667,205,181.452151
74.730721,141,182.798803
98.510327,58,183.412943
73.035521,171,185.022372
286.662727,300,187.92912
28.477659,24,188.245743
-16.000415,2,188.301962
-15.970468,300,191.050077
4.115416,12,191.265165
254.123345,133,192.519495
57.429361,210,194.519532
-41.497746,69,195.164881
255.231694,143,196.493523
-137.248289,238,198.800191
-23.750899,17,198.982786
-20.010144,1,199.028746
158.600267,142,200.367194
254.114639,133,201.599351
154.666213,324,204.603195
-20.666288,15,204.772388
157.79748,139,206.059238
-133.024655,250,208.405494
75.554508,134,209.647572
71.597682,134,210.929185
-72.104151,300,213.843808
-16.924441,300,216.683116
255.231752,143,218.006866
281.58384,400,221.701099
187.558997,188,223.514381
-227.351442,175,225.151938
254.11426,133,226.40332
-133.537222,300,229.213826
258.778478,145,230.668989
16.213142,341,233.875301
-82.493903,133,235.250928
-68.974729,85,236.039176
-82.504789,133,237.273793
-26.617581,25,237.566943
233.251645,1,237.609009
161.604198,147,239.002225
898.35761,300,241.774678
-26.24987,341,245.00357
-25.6974,58,245.62029
-44.535357,300,248.535317
-35.721895,300,251.314126
148.145277,157,252.839888
73.667043,133,254.145639
158.511241,142,255.481741
254.12334,133,256.684861
26.079645,341,259.954858
-83.082733,133,261.264698
-18.840272,300,264.143304
233.254823,1,264.18636
-15.08931,151,265.591193
-85.069971,138,266.967398
207.468833,400,270.81633
255.292814,142,272.123115
233.28622,1,272.165009
-22.27207,300,274.877677
259.317844,155,276.361161
-55.949352,300,279.170768
-83.305035,135,280.492567
53.785838,134,281.744497
-14.585561,300,284.577862
248.483005,130,285.786056
-25.090894,300,288.561475
-15.905629,341,291.753778
252.499306,132,293.011669
-39.400306,300,296.001551
152.268935,148,297.414674
176.736044,155,298.95912
162.470829,150,300.427304
-82.611262,133,301.709063
158.06798,111,302.751419
73.645267,133,303.997884
45.008611,134,305.284375
255.231762,143,306.718537
233.298512,1,306.763839
100.008286,341,310.029659
137.477113,137,311.315044
-41.622315,300,314.211991
-23.910808,300,317.046272
254.292836,133,318.456778
164.294595,145,319.885196
-25.277092,300,322.700318
-82.581502,133,323.941301
233.298523,1,323.987966
255.301068,142,325.389371
255.32855,142,326.782534
255.331167,142,328.142548
73.582509,133,329.385774
-20.409003,1,329.431193
328.745725,177,331.170452
-62.087878,198,333.0218
-82.632482,133,334.297435
42.878219,135,335.627671
86.83267,341,338.883699
255.231758,143,340.240352
155.11807,141,341.58628
233.298523,1,341.629631
254.116239,133,342.915654
254.116137,133,344.193303
-18.949756,211,346.158634
49.3213,133,347.471508
233.546452,162,348.933251
-26.734419,300,351.723042
210.896276,1,351.769696
254.123346,133,353.047261
45.63964,133,354.366231
-60.012949,142,355.728463
-28.53133,300,358.631878
-21.583271,300,361.407606
-27.638623,300,364.182989
-23.23406,8,364.323076
-13.553717,300,367.188497
233.29795,1,367.231131
-5.556469,300,370.009303
255.349359,142,371.325501
-62.807724,300,374.223086
-101.944144,149,375.708239
254.124756,133,377.085984
26.541735,341,380.54575
276.837164,153,382.207932
254.115654,133,383.508129
211.983555,148,384.980788
251.193869,141,386.463958
29.526006,341,389.976551
-47.696961,400,394.073851
50.261086,134,395.644118
-2.732954,300,398.735168
-42.738463,208,400.9052
-93.725637,257,403.411809
-20.744605,300,406.446427
34.48871,341,409.904422
-3.031731,300,412.839619
-9.968761,300,415.995331
-87.273534,232,418.295871
48.366348,341,421.441896
56.157895,134,422.892264
-24.355504,17,423.101864
-74.915382,139,424.550506
-10.743973,300,427.797723
-8.460213,300,431.047902
54.94041,134,432.439914
175.553553,146,433.975056
-23.737392,300,436.931202
59.20988,134,438.209392
5.022052,178,439.83794
-3.748344,300,442.729079
-4.849355,300,445.527011
-24.201705,29,445.825295
241.253898,186,447.623062
252.431488,132,448.821049
247.125045,139,450.174575
-391.172861,341,453.394031
-375.466241,341,456.633201
255.389225,137,457.944101
-23.139169,341,461.194946
254.228022,202,463.106556
254.30148,133,464.491249
55.856796,133,465.719757
-5.303912,170,467.352364
233.298523,1,467.399024
329.465524,252,469.782125
340.989267,256,472.176127
-165.892572,341,475.468854
208.452485,152,476.925653
47.618964,141,478.374858
31.400593,300,481.195829
233.298523,1,481.23801
1062.87238,300,484.153582
233.298523,1,484.202728
11.123383,148,485.537829
33.757131,142,486.838156
255.330119,142,488.190429
255.324009,142,489.541187
461.306702,237,491.760714
255.345214,142,493.127386
255.344405,142,494.443963
813.572236,400,498.240462
-99.754102,250,500.612935
255.21509,143,501.921208
233.298523,1,501.96524
317.715094,164,503.585897
255.316295,142,504.90954
-31.259677,341,508.13261
233.298309,1,508.175888
890.291353,400,511.942225
55.92069,134,513.193213
-15.417182,7,513.294066
-134.845214,341,516.489634
-41.637106,55,517.047443
1032.91336,300,519.88855
356.544461,193,521.686201
-29.035531,341,524.950896
277.409539,144,526.243667
279.424198,145,527.612276
60.681278,40,528.03358
254.114568,133,529.309741
47.895656,141,530.660733
255.316192,142,532.064975
-39.166892,300,534.871937
-142.492111,341,538.141812
54.934201,133,539.466827
-54.759271,100,540.488738
-13.159613,300,543.39672
233.298523,1,543.443976
-43.575943,341,546.702906
254.11383,133,547.986906
-31.929011,341,551.156908
99.981619,300,554.043469
556.110126,282,556.677666
2.979344,300,559.430277
40.737452,143,560.830745
252.709223,132,562.129873
40.737452,143,563.57061
40.73752,143,564.933874
-28.541868,147,566.366323
196.871456,400,570.104334
-31.07259,159,571.64735
-67.050696,341,574.782437
254.114568,133,576.110261
-20.527796,300,578.894
891.925951,400,582.64444
-23.549317,300,585.561421
233.298523,1,585.607351
892.483847,400,589.356102
34.601224,27,589.630045
-104.841832,341,592.83683
-69.231599,183,594.546105
254.113906,133,595.81823
1057.887405,300,598.653403
-51.903484,341,601.830324
98.15261,300,604.632279
255.35036,142,605.952887
1077.789904,300,608.834317
-40.3023,341,611.977437
255.35036,142,613.371233
54.690649,133,614.652606
-60.912057,173,616.282326
254.114017,133,617.631105
252.39602,132,618.934544
233.298523,1,618.977247
254.113872,133,620.228454
-64.845294,341,623.397731
-52.079559,341,626.716562
254.114568,133,628.031006
54.822291,133,629.316458
337.445274,341,632.574697
49.561431,300,635.385866
344.42956,341,638.567646
25.601717,157,640.011778
72.231023,172,641.664546
233.298523,1,641.710973
11.47908,400,645.496174
-7.105753,400,649.219993
62.853697,300,652.131187
254.28765,133,653.412508
40.737479,143,654.757031
-11.941959,4,654.842397
53.23198,300,657.664188
315.975448,341,660.874876
8.389201,400,664.654901
40.737605,143,666.031997
40.737461,143,667.432392
59.215513,39,667.818908
-58.331931,94,668.75598
-28.940087,341,672.002467
91.06415,300,674.870333
-26.19902,138,676.162901
1064.388362,300,679.028328
572.514986,400,682.919378
-23.701105,22,683.15923
222.084305,1,683.206064
40.737571,143,684.576513
-83.484255,181,686.384175
233.298523,1,686.429135
255.350477,142,687.782291
233.298523,1,687.829089
254.295913,133,689.140663
-11.407027,300,691.976908
-21.295876,18,692.177898
-3.740184,215,694.298542
254.273531,133,695.576788
-23.369896,13,695.737795
233.298523,1,695.780278
-24.903217,132,697.217996
299.602871,341,700.440359
-9.984553,5,700.518993
255.350477,142,701.839525
40.737655,143,703.284608
40.737932,143,704.634228
207.85529,1,704.681639
254.182466,133,705.957659
27.503329,131,707.279654
-87.024633,196,709.139044
254.279773,133,710.46484
429.187745,241,712.792925
40.737478,143,714.142153
233.298523,1,714.190855
54.909848,133,715.519889
1059.604115,300,718.396646
54.809519,133,719.790211
254.11393,133,721.008735
40.737468,143,722.454128
1040.25596,300,725.312932
233.298523,1,725.355455
-15.081997,400,729.215616
54.686635,133,730.558693
35.738852,130,731.773609
17.307978,132,733.062076
38.598637,300,736.044324
-33.740655,341,739.278815
-25.892401,300,742.114373
254.1147,133,743.45664
8.62,300,746.319664
326.963806,296,749.21421
-5.832189,146,750.696684
233.298523,1,750.740596
-63.124369,341,753.982012
233.298523,1,754.02359
1.502415,400,757.940171
40.73747,143,759.333776
451.088503,341,762.633742
233.298523,1,762.680242
233.298309,1,762.721571
-31.715407,300,765.676042
233.298523,1,765.722699
255.35036,142,767.059161
197.391229,105,768.059971
233.298523,1,768.106197
-31.623154,300,770.930785
54.609512,132,772.340316
-28.565194,147,773.807961
-35.164844,300,776.872367
254.229589,133,778.211235
-45.513288,341,781.605631
255.35036,142,782.947255
1067.582949,300,785.906923
1061.778275,300,788.803004
1060.080339,300,791.744148
233.298523,1,791.791432
-4.873118,300,794.670639
-60.141169,341,797.87172
-24.292704,317,800.969507
1058.364105,300,803.869024
-11.782184,308,806.78791
-34.64234,341,810.224425
254.113905,133,811.596076
-30.677634,157,813.06815
27.579188,130,814.346117
54.781909,133,815.680982
255.35036,142,817.090283
-37.446246,34,817.500592
54.904112,133,818.722413
233.298523,1,818.770489
227.120262,1,818.812045
55.503747,133,820.073634
-16.865656,300,822.948469
1060.242186,300,825.832472
254.25643,133,827.173563
14.975805,134,828.407925
-20.854515,300,831.320036
-34.137268,341,834.57866
335.105606,302,837.502305
-30.497439,341,840.820741
18.12602,18,841.053219
254.251225,133,842.290247
-45.139394,341,845.529667
21.363027,300,848.368319
-47.30776,352,851.884425
294.848119,400,855.59841
408.833588,341,858.786272
23.067546,21,859.008534
-32.079354,166,860.636643
1064.572514,300,863.49972
35.904879,341,866.721873
-38.72755,341,870.046071
-35.195834,178,871.730522
-12.55515,300,874.623632
254.138832,133,875.891545
233.298523,1,875.933873
61.419361,300,878.720786
913.4153,400,882.531427
37.856584,129,883.797888
16.92893,300,886.736587
-19.518803,136,888.063808
-35.926643,341,891.232911
382.901467,232,893.463332
-50.361694,341,896.664209
95.293088,341,899.84945
255.35036,142,901.270504
54.82139,133,902.495307
58.416489,130,903.84271
255.35036,142,905.199565
891.666476,400,909.00364
233.298523,1,909.046185
-52.500145,341,912.338861
1071.398425,300,915.191905
78.608579,300,918.106337
54.80911,133,919.523699
607.445378,312,922.518805
94.475175,300,925.496981
255.35036,142,926.854618
41.678557,144,928.297706
-14.554999,300,931.079522
673.373967,343,934.428493
54.146644,129,935.663624
1069.286084,300,938.53298
188.235766,400,942.356066
254.123345,133,943.642274
516.035269,341,946.953192
254.123357,133,948.295001
-89.925916,300,951.180823
493.147275,253,953.593612
254.123346,133,954.974961
54.590098,132,956.237969
167.210506,400,960.023285
-42.159009,341,963.26106
-17.892844,300,966.057809
-44.170229,341,969.3088
387.989272,300,972.154032
-80.236938,253,974.580366
254.123372,133,975.917793
48.133087,128,977.150501
-25.772598,138,978.5122
254.123346,133,979.827515
254.123373,133,981.10152
-16.412582,300,983.994261
254.114568,133,985.26446
184.993757,289,988.009517
255.35036,142,989.363541
-37.394279,341,992.571722
54.829268,133,993.840097
54.760765,133,995.102423
-15.950809,300,997.940715
255.35036,142,999.292807
-41.411086,341,1002.657132
40.101428,341,1005.908105
-29.740961,115,1006.979181
898.010628,400,1010.769913
254.124198,133,1012.107222
234.217675,400,1015.981141
-6.042435,341,1019.319629
255.35036,142,1020.812363
-24.184692,341,1024.771994
61.09772,341,1027.995865
254.114568,133,1029.260892
254.114568,133,1030.567136
-24.057523,341,1033.805656
64.890703,128,1035.107552
233.298523,1,1035.156701
207.06501,400,1038.914764
900.552356,400,1042.706239
-18.998051,2,1042.761043
902.793834,400,1046.53911
208.010575,1,1046.581631
233.298523,1,1046.627081
50.166903,129,1047.935327
54.861807,133,1049.253249
1069.763794,300,1052.158969
233.298309,1,1052.203595
613.442527,300,1055.117213
233.298523,1,1055.163503
-40.610398,341,1058.399293
233.298523,1,1058.446081
233.298523,1,1058.487007
-25.742609,60,1059.132225
438.239469,341,1062.404402
1075.286235,300,1065.293507
721.037924,400,1069.133644
15.565242,130,1070.508642
911.373254,400,1074.377864
254.123368,133,1075.681002
913.346189,400,1079.540632
54.7599,133,1080.785353
12.482899,341,1084.047341
-47.893292,341,1087.352301
254.114568,133,1088.674705
233.298523,1,1088.723174
67.338697,134,1090.088846
1065.420393,300,1093.019225
573.79861,293,1095.830662
233.103077,142,1097.261941
-27.001782,341,1100.57128
604.973617,300,1103.481764
-32.690002,300,1106.289379
-25.812165,300,1109.097249
-22.011595,4,1109.174419
254.114568,133,1110.40293
1060.537386,300,1113.310618
-32.75847,300,1116.240837
254.123357,133,1117.516637
-17.876747,300,1120.483732
38.890833,341,1123.795575
54.630538,133,1125.092241
255.350361,142,1126.518109
255.35036,142,1127.873981
1063.301988,300,1130.722302
391.837258,341,1133.932574
233.298523,1,1133.97904
254.123346,133,1135.301086
-41.711995,341,1138.603126
-19.565499,400,1142.476999
254.114568,133,1143.793841
170.041343,385,1147.507512
-45.772953,341,1150.795611
254.123362,133,1152.058468
-17.054187,300,1154.914792
-5.164907,7,1155.010672
-22.897225,300,1158.033839
73.669051,133,1159.390783
140.507871,400,1163.15412
896.728877,400,1166.992284
215.386601,1,1167.037069
-37.644493,300,1169.941459
233.298507,1,1169.988597
-29.729559,300,1172.900569
30.447,341,1176.210051
-21.263776,8,1176.319566
54.630164,133,1177.59531
-15.364503,400,1181.449064
-21.786712,300,1184.298075
-54.279605,300,1187.111408
-3.225073,300,1190.028069
1047.197946,300,1192.927312
-10.475462,400,1196.741914
233.298507,1,1196.784795
1063.93827,300,1199.744617
233.29852,1,1199.792834
-11.564821,16,1199.973418
-4.173095,300,1202.947312
-12.737408,400,1206.754357
626.7482,317,1209.797163
48.271951,341,1213.115986
-30.371571,300,1215.988831
43.53107,341,1219.293701
54.630374,133,1220.753368
-7.234632,400,1224.640259
241.101328,152,1226.080455
73.666132,133,1227.501766
233.298493,1,1227.548201
900.176341,400,1231.36153
73.672494,133,1232.590389
1065.968597,300,1235.532153
334.620887,306,1238.44292
255.35036,142,1239.844758
-58.894722,341,1243.138623
-51.147919,341,1246.459484
-43.941436,341,1249.787714
254.114568,133,1251.135703
-13.901131,300,1253.992374
910.424194,400,1257.826736
893.209657,400,1261.735991
389.438534,209,1263.867973
177.344029,400,1267.703703
-40.55864,341,1271.10619
-5.17076,400,1274.985605
427.270583,341,1278.279797
-367.844061,341,1281.556349
-20.620254,300,1284.425575
1024.260349,300,1287.322005
233.298493,1,1287.368825
-37.781032,39,1287.756537
254.114619,133,1289.03413
448.673272,341,1292.331426
48.92786,34,1292.744628
233.298287,1,1292.790797
-49.099734,341,1296.122354
254.114633,133,1297.442299
-49.182167,341,1300.684836
-26.583292,26,1300.98736
150.231283,400,1304.908474
1043.799014,300,1307.77299
-32.365123,330,1311.009706
233.298002,1,1311.056889
897.653569,400,1314.982809
167.927326,400,1318.816822
-12.686877,400,1322.635511
513.971712,300,1325.618365
-12.984389,300,1328.505775
-20.843879,341,1331.74826
254.114684,133,1333.189953
-11.217274,400,1337.092298
233.297718,1,1337.136271
-37.180931,341,1340.477557
1027.687078,300,1343.347471
-9.940428,400,1347.266889
297.961532,400,1351.131472
-29.701539,341,1354.439718
-11.571302,400,1358.377358
32.551878,26,1358.650846
898.415484,400,1362.599959
-17.600651,300,1365.617077
255.350361,142,1367.015348
233.296459,1,1367.061445
-44.279392,159,1368.581747
-14.059427,400,1372.533113
24.39707,22,1372.772508
49.359687,207,1374.808962
207.800567,197,1376.680635
254.123345,133,1378.041589
49.782962,182,1379.783162
54.630372,133,1381.216331
255.350477,142,1382.724393
-78.276891,341,1386.09187
-31.156811,27,1386.369804
45.588005,205,1388.357678
61.843595,166,1389.975426
254.114763,133,1391.294658
254.123345,133,1392.626134
-47.139213,164,1394.254879
233.294394,1,1394.297396
233.293288,1,1394.344855
1070.156603,300,1397.300246
513.463141,300,1400.162363
-40.389452,341,1403.467739
255.35036,142,1404.837905
375.371323,277,1407.531067
-289.373287,341,1410.781646
-22.398746,341,1414.138483
233.279774,1,1414.180835
-13.849724,15,1414.353553
233.28866,1,1414.395358
249.263059,140,1415.808825
254.114763,133,1417.099408
-14.935234,400,1420.976106
254.114589,133,1422.239536
906.413622,400,1426.116622
-9.132024,21,1426.344287
-16.312934,300,1429.234386
44.823848,160,1430.83917
-24.642952,21,1431.065476
254.114593,133,1432.471098
5.747539,341,1435.741853
-35.087018,221,1437.891458
-15.497865,341,1441.179766
-29.208685,341,1444.455489
232.831577,1,1444.497977
906.322306,400,1448.323619
228.088261,1,1448.369492
276.120257,162,1450.023925
-55.07077,183,1451.766362
36.171867,161,1453.410498
247.151139,139,1454.704519
254.114568,133,1455.989635
1074.251107,300,1458.903251
596.85734,400,1462.883378
-23.974717,341,1466.230654
254.114568,133,1467.561834
255.348343,142,1468.970187
80.91397,182,1470.741753
-9.930346,400,1474.525785
253.440729,141,1475.944313
-77.455078,255,1478.378661
-12.970282,300,1481.302584
61.412468,144,1482.725486
33.220577,400,1486.664506
1065.735349,300,1489.576935
80.575098,49,1490.062631
233.610353,1,1490.10894
709.613316,400,1494.000592
-12.824467,341,1497.293496
349.293892,300,1500.258374
-6.444555,300,1503.144499
-9.789175,400,1507.154084
619.402071,316,1510.20786
254.123345,133,1511.536863
-14.446327,300,1514.443513
63.654778,148,1515.902598
-20.441881,341,1519.221349
-29.210967,341,1522.536888
227.374831,1,1522.579088
901.311316,400,1526.488765
-18.758474,341,1529.843464
227.345533,1,1529.886436
253.371233,141,1531.2603
253.347517,141,1532.658334
161.003715,400,1536.547327
50.237555,160,1538.117454
160.834083,400,1542.047199
226.873331,1,1542.097033
-30.995614,341,1545.359467
284.241541,157,1546.973461
-20.536658,1,1547.017844
58.126332,138,1548.356266
286.211864,158,1549.902823
254.123346,133,1551.271805
-3.960982,341,1554.559852
-19.984581,341,1557.898151
627.624105,400,1561.702929
282.157675,156,1563.315747
288.263136,159,1564.83514
227.120054,1,1564.876311
211.983701,1,1564.913904
226.847731,1,1564.953405
144.659564,400,1568.802822
-9.560583,341,1572.171489
50.637845,161,1573.756329
-20.983122,6,1573.847501
225.110545,1,1573.886604
-10.245809,400,1577.801329
261.361924,153,1579.230341
226.716899,1,1579.269233
671.411826,400,1583.14438
294.337437,162,1584.81936
282.145279,156,1586.271548
620.586858,300,1589.195196
52.198691,172,1590.836308
492.630619,255,1593.398096
-14.920197,300,1596.341036
-38.281115,341,1599.627943
-16.485141,300,1602.540717
254.124546,133,1603.798754
-10.09623,300,1606.768482
-10.212997,400,1610.64684
-26.354379,341,1613.941129
254.191327,133,1615.232435
224.537583,1,1615.271563
-11.143144,400,1619.106732
10.187226,15,1619.3472
251.371411,140,1620.741181
712.648195,400,1624.595444
-10.910854,400,1628.392026
-78.492615,300,1631.293222
719.934945,400,1635.129827
-18.30197,300,1638.112225
-9.612203,400,1642.036886
280.19204,155,1643.58933
572.179005,376,1647.20664
-23.786153,300,1650.078489
224.805343,1,1650.12032
251.42538,140,1651.497583
-132.421423,341,1654.791978
-12.752256,300,1657.681366
58.870657,179,1659.489435
623.214833,300,1662.390828
87.00948,341,1665.820889
-28.637564,341,1669.182872
-19.817836,300,1672.083309
895.052923,400,1675.942415
44.356195,32,1676.265682
254.123721,133,1677.561911
48.069336,159,1679.120749
599.890603,300,1682.062666
273.900519,245,1684.444377
254.114573,133,1685.733052
1067.839457,300,1688.639673
81.9789,341,1691.939486
144.136634,400,1695.797069
224.485365,1,1695.838683
224.485365,1,1695.879001
536.869152,274,1698.503499
-15.998627,2,1698.553109
224.48246,1,1698.593842
738.241142,400,1702.53676
-9.275096,400,1706.377337
735.719919,400,1710.257085
610.719743,300,1713.21206
34.739636,140,1714.700486
104.159132,341,1718.058297
-6.817859,300,1720.920127
-5.652704,300,1723.879209
-20.358624,3,1723.938129
-150.509965,341,1727.286902
-30.434421,341,1730.565171
29.358859,160,1732.085742
224.4791,1,1732.123906
29.673988,140,1733.523796
271.212728,400,1737.377964
-124.261981,341,1740.563022
913.27731,400,1744.508638
516.951184,343,1747.782184
-14.305513,400,1751.693508
58.313802,188,1753.487608
625.787832,300,1756.406117
619.045529,300,1759.378073
1077.327751,300,1762.323122
224.479163,1,1762.364763
16.269563,18,1762.560325
-5.244731,300,1765.433907
254.114276,133,1766.783998
609.268847,300,1769.653306
-20.176005,5,1769.732041
-7.622222,300,1772.572807
723.226698,400,1776.40792
255.335878,142,1777.856793
123.418598,400,1781.65585
685.609894,300,1784.527368
555.470465,292,1787.410379
21.52391,140,1788.743958
-20.060809,3,1788.799088
17.697776,141,1790.163308
506.966321,340,1793.435766
802.861434,400,1797.202614
620.822096,300,1800.105139
-37.771473,341,1803.480313
254.114617,133,1804.768857
224.486742,1,1804.806379
79.451947,341,1808.156052
-8.302543,300,1811.094931
354.921107,192,1812.907203
254.113777,133,1814.362842
32.295887,140,1815.721193
1065.487414,300,1818.67086
224.479881,1,1818.712215
254.114878,133,1819.982411
734.447027,400,1823.844436
224.48298,1,1823.885822
453.36441,341,1827.217955
-19.077318,341,1830.491609
728.912429,400,1834.363621
-19.486495,1,1834.400958
255.344538,142,1835.766566
-9.544328,300,1838.751499
483.593012,341,1842.023515
224.492321,1,1842.060832
726.90285,400,1845.877405
26.444624,341,1849.25495
-26.037341,27,1849.535748
52.820759,251,1851.96849
-11.59924,300,1854.883523
5.070198,272,1857.483705
224.561747,1,1857.521606
254.11329,133,1858.84212
224.491346,1,1858.879718
776.514171,400,1862.749519
53.142399,341,1866.022485
617.019073,300,1868.965237
-7.060633,300,1871.888555
626.617668,300,1874.819301
80.112973,341,1878.065978
2.393955,11,1878.199953
68.667516,241,1880.536294
129.074695,400,1884.384231
624.82143,300,1887.274459
42.428828,341,1890.585157
-34.816129,300,1893.4501
740.304682,400,1897.348541
-41.068415,341,1900.663455
-35.788581,341,1903.983469
99.614361,341,1907.288901
224.478879,1,1907.331734
-33.302771,341,1910.630311
254.11457,133,1911.964088
224.478884,1,1912.00155
397.528088,214,1914.05369
-1.94257,400,1917.909023
51.400949,238,1920.294905
296.420617,163,1921.821824
254.111512,133,1923.202107
254.130989,133,1924.462094
224.478908,1,1924.499293
106.898305,341,1927.787695
-17.799939,300,1930.714608
51.754427,341,1933.995044
-14.50907,300,1936.918032
1070.351658,300,1939.880067
218.080337,232,1942.253003
1058.745854,300,1945.119134
44.473934,341,1948.512558
-50.6652,178,1950.176279
254.130601,133,1951.468507
314.654126,172,1953.227781
50.990038,35,1953.58624
44.048861,341,1956.94547
-55.583533,341,1960.233219
-20.850885,400,1964.067811
254.11457,133,1965.319733
739.674761,400,1969.139902
443.872194,341,1972.504464
255.485244,341,1975.82553
-12.239879,300,1978.798102
611.446101,300,1981.700755
52.69069,341,1984.944627
38.348285,341,1988.222519
610.802713,300,1991.11403
153.048968,400,1994.951134
224.480228,1,1994.992561
-172.445577,400,1999.323111
-42.865001,19,1999.523132
-19.140601,400,2003.399271
224.481772,1,2003.440026
-176.819357,400,2007.257409
-19.140338,341,2010.573526
1046.323329,300,2013.428879
51.431098,189,2015.233421
284.223188,157,2016.772491
-12.190663,400,2020.623843
-105.290539,400,2024.420365
-47.161229,400,2028.255203
226.189656,1,2028.297177
740.636759,400,2032.216601
-16.680395,6,2032.304151
254.114695,133,2033.726016
63.412821,148,2035.099036
314.011269,400,2038.902132
77.858171,341,2042.171118
739.763447,400,2046.001211
-20.022437,341,2049.298831
-13.9953,3,2049.359931
-102.551481,259,2051.818325
233.043031,1,2051.860071
-12.614606,400,2055.774119
-16.390961,341,2059.091666
210.455361,111,2060.129397
726.003017,400,2064.025934
-21.910998,400,2067.820347
45.147727,180,2069.579529
-21.209557,300,2072.477594
30.723302,400,2076.470157
1056.920502,300,2079.399247
232.910043,1,2079.43702
246.449926,341,2082.759017
232.828801,1,2082.796918
263.799301,147,2084.201911
24.615607,341,2087.52013
313.40413,400,2091.25432
26.282386,23,2091.49595
68.566306,341,2094.803199
-18.577473,300,2097.671655
-29.258052,400,2101.486229
320.357418,400,2105.245105
302.865741,341,2108.495857
255.250553,143,2109.97383
-28.111302,39,2110.364451
-25.300195,12,2110.502926
-22.282528,300,2113.406622
6.451652,305,2116.355156
217.424988,341,2119.621737
63.907918,175,2121.243216
57.561569,137,2122.622216
295.854643,341,2125.882797
41.821875,341,2129.223414
-17.593752,300,2132.053075
143.568256,400,2135.891426
233.189163,1,2135.929011
-10.232218,300,2138.78148
233.175116,1,2138.823031
-0.940716,256,2141.210849
73.669447,133,2142.557263
367.598444,341,2145.837173
618.146872,300,2148.736728
465.82082,341,2152.054699
188.507038,300,2154.925228
455.668522,341,2158.192022
444.890267,341,2161.483062
213.735662,400,2165.278586
233.126067,1,2165.320837
-23.040312,300,2168.212083
238.297147,400,2172.120677
254.114567,133,2173.42744
230.813779,400,2177.196555
120.19931,275,2179.895017
4.136533,341,2183.212799
-4.494819,341,2186.477963
457.837019,341,2189.756532
-23.970674,300,2192.650197
233.275811,1,2192.693961
-11.117697,400,2196.509798
-26.028969,400,2200.329401
-20.31956,341,2203.597156
313.330254,400,2207.43967
301.75699,400,2211.280774
73.669932,133,2212.615356
233.250367,1,2212.653445
274.944641,400,2216.492444
254.114549,133,2217.786345
-15.891136,341,2221.091853
1045.74861,300,2223.961734
-46.385982,341,2227.218921
374.031069,201,2229.253476
-12.571268,300,2232.118
73.670794,133,2233.46376
-34.554698,400,2237.285589
175.109797,356,2240.790969
-23.16284,9,2240.905002
-14.846469,300,2243.765421
-31.826987,341,2247.105016
-24.124374,16,2247.284672
-28.994995,341,2250.662478
596.808357,300,2253.54529
73.668611,133,2254.901111
233.237591,1,2254.938991
420.930353,341,2258.227552
479.775615,341,2261.581572
-12.736144,300,2264.419271
-25.93817,341,2267.706806
10.934046,57,2268.289222
232.842767,1,2268.331871
620.802391,300,2271.239799
349.672773,341,2274.548219
8.157762,14,2274.706012
-7.322201,23,2274.949128
36.636903,166,2276.611326
172.896692,352,2280.002687
-26.239776,341,2283.286639
54.109399,131,2284.594994
73.67053,133,2285.920081
228.618918,1,2285.96241
361.608405,400,2289.777421
54.738657,132,2291.053393
435.436257,341,2294.338395
-24.716617,300,2297.260923
232.949532,1,2297.302987
59.218905,140,2298.658703
232.40917,1,2298.696979
-10.54194,300,2301.554326
359.721586,192,2303.462628
303.560577,400,2307.271511
-11.347334,300,2310.154685
233.172579,1,2310.196066
437.891063,341,2313.498358
73.675741,133,2314.79223
-22.459178,300,2317.710176
269.928084,150,2319.185866
63.838486,196,2321.080821
-20.55173,300,2323.979686
377.548999,400,2327.817467
65.923904,208,2329.868732
620.626746,300,2332.812553
616.216685,300,2335.676172
-23.362471,341,2338.982593
69.686539,216,2341.095164
217.546324,1,2341.139773
248.523025,130,2342.376449
1065.18017,300,2345.30467
56.418907,135,2346.635267
18.489927,341,2349.969916
316.628328,341,2353.300262
446.995585,341,2356.606801
64.300984,204,2358.651894
-13.947306,3,2358.708399
248.483195,130,2359.935771
81.586147,400,2363.830611
-8.403143,21,2364.058357
233.165249,1,2364.09544
46.141518,33,2364.431806
73.678773,133,2365.810989
262.515312,137,2367.113383
233.141651,1,2367.150547
257.704918,143,2368.595539
372.58621,341,2371.901124
254.732697,133,2373.217222
15.707216,341,2376.61775
-22.085772,300,2379.578331
229.904081,1,2379.620163
124.397653,400,2383.456009
65.755461,341,2386.887429
232.915572,1,2386.92948
-1.638476,9,2387.044106
233.113474,1,2387.085719
233.113474,1,2387.123147
22.49799,300,2389.981229
73.675429,133,2391.305205
1067.444836,300,2394.228583
246.371556,129,2395.474892
366.834801,341,2398.826615
1.468105,300,2401.8777
-36.158471,300,2404.878846
242.888601,400,2408.818022
-44.970275,341,2412.204078
16.961511,341,2415.524276
73.665292,133,2416.843174
616.561435,300,2419.785146
-10.420441,300,2422.642898
-10.986323,300,2425.630561
1066.693832,300,2428.601435
263.952448,146,2430.074806
230.183635,1,2430.116916
517.202637,341,2433.496984
73.671721,133,2434.793581
-27.396819,34,2435.224867
76.736099,341,2438.60157
-32.909411,341,2441.874084
-25.125016,341,2445.138103
228.703963,1,2445.183206
261.869984,145,2446.581248
304.745038,400,2450.513656
254.811322,133,2451.81438
-21.689641,11,2451.944865
319.772526,174,2453.734068
381.588059,400,2457.729748
609.343562,300,2460.68664
232.468961,1,2460.730378
297.776442,400,2464.61202
-25.240426,300,2467.59168
1068.592484,300,2470.550908
40.906448,149,2472.023761
303.816395,400,2475.919667
390.50649,212,2478.028666
255.674461,142,2479.403095
42.20142,153,2480.925521
344.507677,230,2483.170462
29.405844,145,2484.633216
612.346761,300,2487.625784
280.118164,341,2490.978018
-9.364777,341,2494.266287
248.469704,130,2495.653793
240.664305,171,2497.332316
250.635151,131,2498.834298
396.667813,400,2502.725229
-41.059171,300,2505.697733
246.393582,129,2507.08013
73.670436,133,2508.457557
421.982329,400,2512.418092
217.203056,341,2515.880836
1053.130383,300,2518.918092
46.408691,134,2520.227271
-67.947219,341,2523.619076
522.711319,341,2527.088238
232.562971,1,2527.131196
73.667604,133,2528.406952
396.819428,400,2532.419692
-20.884708,5,2532.500491
302.533043,400,2536.462828
-71.058253,341,2539.843364
-68.393156,341,2543.237286
116.610768,341,2546.686661
651.416919,300,2549.742088
620.58675,300,2552.768166
-13.995325,3,2552.832861
246.45709,129,2554.180421
342.99104,185,2556.012179
241.113288,341,2559.400423
246.245357,341,2562.826041
2.751151,300,2565.771623
-8.950275,20,2565.995257
1061.003945,300,2568.977892
233.285281,1,2569.024958
-11.729244,16,2569.210686
233.284999,1,2569.252789
-76.788002,116,2570.396769
301.418756,400,2574.318758
263.368634,146,2575.82322
233.287039,1,2575.87029
49.340631,166,2577.54084
-21.883698,1,2577.583464
229.104594,1,2577.630217
622.177601,400,2581.885033
216.757775,341,2585.248137
1064.00211,300,2588.155389
913.200475,400,2592.207262
246.356753,129,2593.464503
73.647181,133,2594.853367
235.991272,124,2596.081859
200.151426,341,2599.467771
51.291445,341,2602.810451
137.481622,299,2605.884753
-9.528967,19,2606.159794
189.205016,341,2609.686381
-1.711732,300,2612.630769
231.509634,122,2613.838691
73.670397,133,2615.15229
239.884752,341,2618.55997
248.443935,130,2619.794752
29.054174,24,2620.052556
358.912373,231,2622.449889
250.448916,131,2623.74056
400.352452,216,2625.851562
233.291145,1,2625.894268
47.975692,199,2627.995682
-34.871856,300,2630.955795
95.553624,341,2634.422524
43.176491,137,2635.825257
926.732589,400,2639.743539
72.919434,341,2643.143354
69.510661,341,2646.501814
73.672119,133,2647.788249
619.98994,300,2650.804123
247.242029,163,2652.472526
893.603716,400,2656.549137
313.54377,400,2660.61327
528.136217,341,2663.927876
475.750792,341,2667.326113
77.8655,341,2670.68131
39.425797,29,2671.022464
-34.578011,341,2674.34551
272.183484,150,2675.849005
73.672208,133,2677.12527
116.432902,341,2680.560898
48.475475,206,2682.626049
-105.478516,217,2684.829481
-35.460067,76,2685.583197
332.361245,180,2687.443436
-23.159405,300,2690.490682
53.42814,212,2692.65238
211.373851,400,2696.567938
-24.98188,17,2696.768397
-34.450611,300,2699.805499
254.23416,133,2701.110989
234.480366,1,2701.153851
61.51177,341,2704.628475
775.852552,266,2707.262706
299.393155,165,2708.860345
-28.607145,300,2711.869771
-11.273926,26,2712.183835
28.042266,341,2715.609486
73.672451,133,2716.997319
1074.667829,300,2719.916046
294.360391,400,2723.881702
-12.784628,341,2727.24513
265.974524,147,2728.686805
494.214826,341,2732.105233
233.279157,1,2732.147793
360.44677,194,2734.060375
233.25121,1,2734.106358
-21.919388,7,2734.205013
53.611113,128,2735.477277
-41.14924,300,2738.463277
-10.562555,300,2741.424314
358.488147,193,2743.370416
897.985201,400,2747.40881
367.31193,273,2750.072436
47.409246,341,2753.497664
250.406622,131,2754.912953
387.257885,208,2756.993238
73.671904,133,2758.373068
-30.398021,6,2758.467494
37.171539,142,2759.935819
233.293578,1,2759.978225
158.871179,300,2762.945519
-20.293981,1,2762.991866
233.294663,1,2763.033489
233.294668,1,2763.079567
1059.495795,300,2766.045493
-54.202487,300,2769.037381
233.295134,1,2769.079555
191.836282,389,2772.961231
-17.483154,5,2773.040942
9.29005,341,2776.459961
307.481945,400,2780.427511
73.670655,133,2781.814791
65.995972,204,2783.826432
509.241117,341,2787.216581
233.295383,1,2787.259293
-37.997112,300,2790.265564
73.672138,133,2791.691183
231.461556,146,2793.084553
233.296609,1,2793.130023
-102.789423,286,2796.157374
46.552491,152,2797.645119
-23.930537,16,2797.829602
73.672447,133,2799.150591
-20.237038,1,2799.194258
32.62244,341,2802.687349
209.634849,1,2802.730977
1068.322915,300,2805.682958
144.75944,322,2808.873085
-22.211274,300,2811.867207
247.420581,137,2813.261843
1072.24826,300,2816.247154
233.284817,1,2816.289619
73.670947,133,2817.689489
154.871372,327,2821.026747
425.407227,289,2823.901443
-17.088203,300,2826.856829
481.263496,300,2829.799006
519.776761,341,2833.22726
471.493845,300,2836.200809
-28.506932,341,2839.543803
254.25896,133,2840.892469
-11.278338,341,2844.331234
308.633998,168,2846.017949
73.662203,133,2847.368964
-32.182018,341,2850.714923
168.720642,325,2854.016224
535.704428,300,2856.963574
-17.225087,300,2859.950498
518.914351,341,2863.320811
-62.867584,25,2863.588833
233.285722,1,2863.635966
-31.852413,341,2867.145421
366.120497,197,2869.112223
255.965336,134,2870.541697
-18.455986,341,2873.958511
229.39578,1,2874.006428
233.284053,1,2874.047577
-71.588756,300,2876.977932
-25.272887,47,2877.49127
-47.117707,300,2880.452477
-53.997407,62,2881.143488
544.253902,300,2884.142314
412.4514,220,2886.318178
232.733932,1,2886.361236
227.590167,1,2886.406324
-34.317557,300,2889.369972
-22.084094,341,2892.716248
-71.185277,161,2894.40193
82.116584,341,2897.771382
30.517369,25,2898.044504
369.230073,199,2900.003382
472.189407,341,2903.364118
75.972751,341,2906.787362
85.961573,122,2908.072912
508.283654,341,2911.307691
401.628041,205,2913.376617
896.618716,400,2917.375414
-28.133471,400,2921.284284
-33.669777,300,2924.225781
15.716094,341,2927.638077
50.642023,341,2930.97377
380.820866,204,2933.019429
35.943504,145,2934.40296
135.15716,286,2937.297397
-180.272883,156,2938.845579
-26.000775,400,2942.747103
55.28331,232,2945.02847
254.797637,133,2946.336544
215.913513,1,2946.383969
421.36832,215,2948.477577
68.695759,341,2951.861001
85.62006,341,2955.220408
-28.385243,33,2955.567891
71.337987,133,2956.878354
371.159507,199,2958.930178
-19.048079,341,2962.340515
233.037172,1,2962.38807
319.139215,167,2964.120482
55.175204,268,2966.688141
144.696713,294,2969.627287
83.498277,240,2972.000763
55.147959,276,2974.7605
118.337045,341,2978.166365
232.904295,1,2978.210636
232.884815,1,2978.257893
380.859359,204,2980.335139
299.972562,400,2984.287346
228.09366,1,2984.330023
355.308834,192,2986.741447
54.763116,269,2989.510591
887.924354,400,2993.521959
-156.415546,300,2996.465934
490.640269,341,2999.8207
223.818623,118,3001.005724
-64.047802,57,3001.572811
-20.481906,341,3004.964967
73.650112,133,3006.241963
232.514069,1,3006.284667
542.120256,300,3009.295387
-101.733953,300,3012.294394
-17.943023,300,3015.203627
497.956173,341,3018.669823
1163.162862,300,3021.647286
-49.291221,17,3021.839544
236.418237,1,3021.886535
-67.124685,300,3024.912121
693.104584,350,3028.464043
-13.967659,341,3032.016107
1069.787131,300,3034.996452
115.356376,341,3038.417808
-8.389189,21,3038.645425
208.739945,1,3038.692084
-22.149655,14,3038.858549
476.755611,341,3042.205995
73.673006,133,3043.63422
59.479762,341,3046.969279
-52.268891,341,3050.33821
460.185373,341,3053.792837
254.811967,133,3055.141348
882.937722,400,3059.135991
232.854633,1,3059.178586
41.073555,202,3061.204605
519.549166,341,3064.599975
19.03264,19,3064.809332
1073.992011,300,3067.821866
59.156525,148,3069.308047
101.540098,160,3070.916866
59.070357,211,3073.023965
-24.086637,31,3073.353446
882.64276,400,3077.306364
1076.598426,300,3080.276119
331.729357,341,3083.856547
320.482845,341,3087.278582
490.560445,341,3090.685591
315.485063,163,3092.275913
-39.633643,341,3095.669953
-12.106702,341,3099.037424
73.672474,133,3100.374331
1.912842,341,3103.77392
73.672475,133,3105.055216
33.588556,225,3107.341393
468.726039,341,3110.929769
232.562301,1,3110.972812
213.388696,1,3111.019105
38.824962,230,3113.2485
523.361688,341,3116.679249
63.371361,341,3120.256731
-108.389206,300,3123.228888
398.214143,341,3126.674982
513.530075,341,3130.02703
1061.049281,300,3133.01261
-68.497983,300,3135.968443
413.052022,223,3138.203918
254.108078,133,3139.517499
-1.553639,35,3139.876804
184.651603,376,3143.538667
44.644747,341,3147.012697
-23.61938,400,3150.945244
73.672475,133,3152.435746
-44.052512,300,3155.40818
201.194085,209,3157.494197
79.700007,341,3160.906431
73.672475,133,3162.228433
232.614681,1,3162.271996
517.810751,341,3165.728338
232.649897,1,3165.771907
30.971133,341,3169.131307
-13.210242,11,3169.266577
83.523655,341,3172.6171
591.412324,300,3175.614952
166.725409,197,3177.557911
364.708574,246,3179.99934
377.218551,194,3181.918827
-22.220195,341,3185.343294
-34.136794,400,3189.343026
254.115377,133,3190.659875
266.805478,229,3193.002762
317.319434,341,3196.343951
299.895081,239,3198.684882
96.662932,341,3202.083141
298.943095,244,3204.550928
42.671459,135,3205.843913
-16.915589,5,3205.924313
-34.147303,300,3208.942038
52.012636,341,3212.373432
-245.490392,260,3214.909998
-16.680444,6,3215.004178
304.300789,400,3219.03397
73.672475,133,3220.349201
254.115764,133,3221.709778
-21.814277,1,3221.752563
-24.99588,400,3225.800953
-28.416395,400,3229.774861
527.393657,341,3233.136771
-21.654053,9,3233.256137
18.29666,19,3233.470883
367.68056,341,3236.910734
43.338917,31,3237.237117
302.514522,341,3240.807277
-9.989731,5,3240.926504
-15.108479,341,3244.264267
73.670892,133,3245.584315
-42.684288,400,3249.489779
-23.092352,16,3249.672575
38.683045,29,3249.979947
-44.412527,400,3253.911565
350.250576,190,3255.877603
-24.085242,400,3259.822443
-3.618298,300,3262.838175
83.213149,341,3266.202886
49.941075,341,3269.65592
350.956023,341,3273.085665
-7.824113,300,3276.05263
32.540633,26,3276.329855
1.84257,41,3276.749011
888.749955,400,3280.804254
73.672475,133,3282.182525
-7.318104,23,3282.430461
-16.12772,7,3282.534077
-1.93509,9,3282.650422
1073.407957,300,3285.667054
30.039198,341,3289.007485
230.256861,1,3289.050315
415.876371,341,3292.423457
-37.504075,341,3295.727776
227.6096,1,3295.774655
-30.434974,341,3299.185684
-2.072544,54,3299.724732
-91.734276,157,3301.348942
211.906243,1,3301.391811
214.348885,1,3301.43829
73.672475,133,3302.754599
240.345385,1,3302.80184
375.326001,193,3304.710268
588.163545,341,3308.062913
-71.705758,341,3311.505413
-36.789656,400,3315.399617
42.852558,341,3318.891032
-0.927199,9,3319.007615
-9.742765,5,3319.092115
607.784925,300,3322.130788
224.79885,1,3322.175875
1082.111381,300,3325.190718
39.526042,341,3328.571234
224.643926,1,3328.61479
328.180275,249,3331.092733
33.350334,341,3334.537471
-64.736428,63,3335.162094
224.519674,1,3335.204482
-30.500608,23,3335.491934
209.239613,1,3335.534874
-20.328814,2,3335.588147
883.956971,400,3339.681348
-38.531822,341,3343.065188
-12.836013,14,3343.232626
-19.993603,1,3343.274519
28.903745,341,3346.680897
604.54771,300,3349.747271
385.158117,198,3351.688951
3.688153,300,3354.708879
1079.180779,300,3357.631473
406.59669,209,3359.742907
-5.962084,7,3359.846766
85.216233,341,3363.216426
472.543074,341,3366.63195
224.506315,1,3366.674453
-19.958955,341,3370.087671
412.426509,214,3372.233219
1067.201441,300,3375.238703
1194.903281,300,3378.183488
578.456617,341,3381.575128
-6.94802,25,3381.84686
57.951691,341,3385.208704
333.295231,174,3386.985324
-29.797713,400,3390.928986
381.330045,196,3392.882086
47.818019,341,3396.298396
300.240243,400,3400.23325
592.05062,300,3403.268938
-23.365912,15,3403.443059
73.283538,341,3406.874404
-29.255696,341,3410.377997
67.206551,341,3413.822928
-51.410066,94,3414.788387
-93.17465,238,3417.129776
-30.951504,30,3417.446599
-22.711828,95,3418.409847
224.497428,1,3418.45658
224.497428,1,3418.49788
348.905731,245,3421.129247
248.554511,130,3422.380302
242.208925,1,3422.422868
-19.49297,1,3422.469041
-37.80008,341,3426.020842
-25.800756,28,3426.320112
-34.361873,400,3430.290132
597.344201,341,3433.69255
-60.904858,341,3437.082086
-25.110561,15,3437.261363
73.620399,133,3438.584422
1101.837701,300,3441.632578
114.954719,341,3445.052045
-46.373719,341,3448.499663
4.11082,12,3448.648321
457.695574,242,3451.038421
224.502288,1,3451.085398
-30.566687,400,3455.050539
-37.157232,38,3455.48131
568.931861,300,3458.416405
-21.844699,8,3458.530663
339.790883,256,3461.118036
543.705939,273,3463.787982
5.794562,48,3464.342286
224.515191,1,3464.38966
351.510943,341,3467.833773
409.018508,211,3469.959257
404.904989,208,3472.030942
327.397659,341,3475.482484
26.733469,300,3478.516384
224.497605,1,3478.563503
837.16697,400,3482.69719
28.698694,237,3485.099667
-31.963347,341,3488.481178
24.508527,300,3491.544312
414.158586,341,3494.910147
347.424102,341,3498.311375
332.806694,316,3501.424688
37.566517,227,3503.764073
926.857882,400,3507.791504
224.539889,1,3507.838326
205.64812,1,3507.880686
524.844139,300,3510.885417
20.761451,341,3514.380992
21.267571,300,3517.446412
-14.921758,10,3517.575644
-22.062534,9,3517.694203
17.1671,300,3520.705993
412.867773,213,3522.821757
-5.812038,189,3524.775632
-38.679442,341,3528.22974
297.882568,400,3532.260633
496.830404,250,3534.846835
-24.041574,20,3535.103794
73.624591,133,3536.469393
22.997102,300,3539.502391
32.005268,214,3541.661376
346.41318,261,3544.289477
674.675828,300,3547.333903
224.544525,1,3547.380542
73.650234,133,3548.862741
42.504448,223,3551.047354
56.161485,341,3554.417174
427.535365,241,3556.863238
224.586303,1,3556.910623
413.064508,341,3560.468535
-38.095316,341,3563.860646
911.214153,400,3567.936379
10.293976,300,3571.019204
-31.292898,341,3574.444437
421.995127,278,3577.339108
-21.989642,22,3577.580669
224.518879,1,3577.627176
194.622424,103,3578.613999
44.858584,231,3580.901597
35.51431,341,3584.24653
307.231348,400,3588.323609
250.536325,131,3589.640968
1076.304754,300,3592.697566
390.511556,341,3596.049721
73.562238,133,3597.433799
76.489235,341,3600.786018
145.922367,305,3603.84333
-91.216177,128,3605.148881
31.168523,341,3608.671084
31.326155,25,3608.943502
1074.556631,300,3611.938112
49.29314,248,3614.398996
49.904704,228,3616.76094
881.132644,400,3620.760477
224.753552,1,3620.804219
115.653761,341,3624.192346
650.111775,300,3627.120173
37.15168,27,3627.406585
640.392498,300,3630.375184
655.43147,300,3633.331384
3.948335,300,3636.314367
-10.187018,341,3639.736073
-30.611266,300,3642.779652
878.639421,400,3646.783226
659.231788,341,3650.137312
712.397645,300,3653.107232
224.816018,1,3653.15436
131.92838,275,3655.887409
224.820551,1,3655.933702
64.902776,341,3659.317396
473.131113,341,3662.719316
376.942256,199,3664.728664
52.187196,236,3666.995504
435.397274,341,3670.408332
1070.747276,300,3673.430037
-20.31596,1,3673.47281
22.874312,341,3676.913398
224.828806,1,3676.955555
32.856443,341,3680.391801
-10.065111,18,3680.633161
483.777061,341,3683.978194
-12.739309,100,3685.000373
24.568422,341,3688.380624
74.570316,341,3691.768018
514.850075,264,3694.499306
224.769453,1,3694.546124
248.488471,130,3695.905349
295.936091,400,3699.851818
-20.561977,3,3699.913804
390.047966,341,3703.317437
401.290772,206,3705.306989
22.346037,21,3705.572385
224.508366,1,3705.619309
96.157684,341,3709.136579
79.562409,341,3712.61496
224.691673,1,3712.65729
-9.126877,21,3712.894825
73.658507,133,3714.219005
-53.704148,341,3717.664819
1063.683284,300,3720.671612
-7.826237,341,3724.101831
-31.41999,300,3727.135855
-15.033419,341,3730.620604
225.112709,1,3730.663615
84.520136,341,3734.076781
16.629292,300,3737.035
503.182523,300,3740.124144
547.815658,300,3743.12053
888.967425,400,3747.190078
1072.622927,300,3750.178674
-34.141289,341,3753.605896
224.538853,1,3753.652395
260.986864,170,3755.431437
-13.639273,3,3755.493343
-33.106664,300,3758.553817
224.753366,1,3758.601038
396.464891,341,3762.020399
-10.071275,341,3765.39515
505.267064,300,3768.403821
71.268387,341,3771.826251
50.78686,215,3773.995929
376.356362,341,3777.35572
4.52963,341,3780.745015
17.787312,300,3783.754141
884.424658,400,3787.754382
77.440665,400,3791.891459
888.41041,400,3795.890222
73.673376,133,3797.211924
224.606419,1,3797.258677
31.268651,25,3797.529434
-34.101139,108,3798.725009
508.601271,300,3801.88171
1078.296128,300,3804.869975
103.188138,400,3808.806018
43.698723,258,3811.45541
-19.875567,341,3814.86627
463.416931,300,3817.891729
206.570219,1,3817.934705
224.657386,1,3817.979709
-28.823763,341,3821.438709
246.460394,129,3822.84205
58.715148,41,3823.264931
-25.732652,82,3824.107677
405.351328,341,3827.569838
641.052004,341,3830.934378
318.111815,322,3834.138591
881.987069,400,3838.073982
224.627026,1,3838.120846
881.290388,400,3842.106212
506.805698,300,3845.166014
224.577542,1,3845.207685
-7.645983,1,3845.254212
224.583016,1,3845.297866
23.075522,21,3845.531205
-18.258467,341,3848.912102
636.226073,341,3852.314925
650.124995,341,3855.774509
886.447678,400,3859.734694
-28.257519,43,3860.178832
893.57521,400,3864.225381
-21.993387,5,3864.305866
-46.368874,341,3867.7386
-19.497711,1,3867.780682
464.989713,341,3871.15703
445.806113,341,3874.585731
-23.123549,14,3874.753528
7.413539,341,3878.160082
16.272924,300,3881.238874
-10.684263,341,3884.665595
576.761153,300,3887.597572
462.232072,341,3890.97953
-33.633901,29,3891.291763
413.307426,341,3894.714954
891.198333,400,3898.695104
144.494509,400,3902.68821
-14.876533,341,3906.117735
-5.288649,28,3906.416928
557.686472,300,3909.392268
224.945029,1,3909.439793
78.894775,341,3912.862145
-19.380357,1,3912.9089
400.687192,341,3916.244349
-22.389051,40,3916.655115
82.302536,341,3920.005466
650.986372,341,3923.439193
252.437834,132,3924.907341
692.798604,354,3928.439106
250.514274,131,3929.713018
252.392887,132,3931.187037
12.135518,341,3934.575966
463.305121,341,3937.904005
252.491637,132,3939.339898
1015.070077,300,3942.316037
16.625547,341,3945.659365
11.203614,341,3949.061017
-42.630642,341,3952.494267
306.27847,307,3955.616279
-23.737844,17,3955.811398
-19.498534,1,3955.858005
12.964,300,3958.8593
230.277215,1,3958.902406
230.290388,1,3958.952282
15.038366,300,3961.943543
-30.1313,341,3965.35521
622.070107,341,3968.743953
403.941861,341,3972.179752
581.041005,341,3975.586185
-28.046546,341,3979.055245
471.56752,341,3982.558877
555.226575,300,3985.701442
-39.047723,341,3989.05913
44.704997,32,3989.399175
-21.69568,15,3989.646783
553.025397,278,3992.37774
391.500212,341,3996.082093
-11.656632,15,3996.262019
870.932656,400,4000.46279
1160.780613,300,4003.424065
185.171569,99,4004.525584
-15.999063,2,4004.580327
42.97564,224,4006.757384
1138.805735,300,4009.761112
-23.034613,341,4013.165595
254.362198,133,4014.526894
171.397898,400,4018.55537
-3.953901,8,4018.666874
-39.663121,341,4022.240216
-41.58142,341,4025.59955
987.344489,300,4028.626653
32.523086,26,4028.940225
-44.502475,341,4032.416876
-22.29972,12,4032.567976
656.064797,300,4035.542622
14.866593,300,4038.591449
182.835241,400,4042.581909
549.534367,300,4045.733433
542.708854,300,4048.753455
393.350385,210,4050.910607
193.598698,400,4054.881178
-44.824554,61,4055.492045
29.276639,24,4055.754385
-23.332137,8,4055.86653
252.398675,132,4057.30424
45.328101,211,4059.37595
-71.481226,99,4060.455015
230.076478,1,4060.502014
73.672443,133,4061.810013
230.256899,1,4061.857309
561.462679,300,4064.887214
1055.971236,300,4067.865988
537.557844,341,4071.298468
374.610144,253,4073.896202
11.863761,300,4076.952959
230.243359,1,4076.996189
560.547202,300,4080.007455
-40.976998,341,4083.390099
545.569558,300,4086.31024
-20.172131,1,4086.352934
230.242465,1,4086.399438
222.954146,1,4086.441639
26.646052,341,4089.919235
232.605054,1,4089.961904
-26.239816,300,4093.003372
-20.099491,1,4093.050535
-30.843957,341,4096.487465
5.294414,300,4099.553086
71.188367,341,4102.922139
652.102842,300,4105.906026
-40.697447,300,4108.996248
1072.364452,300,4112.040015
106.796767,341,4115.457585
232.511391,1,4115.504816
162.446341,400,4119.62431
232.470811,1,4119.66674
467.45312,341,4123.014949
628.859288,300,4126.02748
386.148202,218,4128.211951
1010.014852,300,4131.20333
2.092408,11,4131.33964
381.729095,197,4133.351831
43.476697,341,4136.727787
581.690342,290,4139.617936
44.093324,341,4143.036281
555.479404,298,4145.990418
254.347639,133,4147.383394
232.642763,1,4147.430897
-17.881028,1,4147.47259
446.398964,300,4150.467921
-24.043473,16,4150.654852
179.693919,400,4154.724735
3.12867,300,4157.718554
232.390833,1,4157.765205
435.923827,341,4161.18725
409.181065,341,4164.590429
232.404226,1,4164.633722
73.670907,133,4165.992836
63.131749,341,4169.366821
913.959638,400,4173.431907
611.153759,300,4176.467265
173.45882,400,4180.519331
653.92316,300,4183.640007
108.901461,341,4186.954032
893.812865,400,4190.950708
-5.152099,300,4194.071393
159.705427,400,4198.077077
45.440176,341,4201.461252
34.849507,341,4204.894214
21.299289,300,4207.888631
669.151948,300,4210.905933
34.808253,341,4214.350975
214.711537,400,4218.390239
418.522611,341,4221.840894
37.045801,341,4225.258559
670.569003,300,4228.238523
233.120422,1,4228.287389
114.00068,341,4231.688096
1072.441062,300,4234.699863
520.240909,341,4238.095951
21.545885,341,4241.555069
626.810387,300,4244.605842
653.003549,341,4248.072385
233.136755,1,4248.115957
31.533118,341,4251.567662
-13.641204,3,4251.629235
32.582817,341,4254.966327
-107.196823,188,4256.889998
590.473724,341,4260.248615
652.77523,341,4263.601353
80.926767,341,4267.141658
1062.240834,300,4270.130927
-38.725742,400,4274.125102
-79.159171,341,4277.568347
-40.247315,38,4277.96325
-24.396235,26,4278.243556
233.221658,1,4278.285777
233.220432,1,4278.331415
-16.123647,7,4278.429823
119.312349,341,4281.814259
73.524476,133,4283.14426
652.55811,300,4286.273051
179.439569,400,4290.32917
17.802318,341,4293.697764
46.942973,331,4297.013641
887.954196,400,4300.988869
375.723434,341,4304.376869
250.139971,133,4305.705081
-22.056813,9,4305.864095
254.342761,133,4307.198734
126.175882,341,4310.715667
233.25519,1,4310.758621
25.154888,22,4311.013074
118.57351,265,4313.696376
28.469122,24,4313.959582
73.618826,170,4315.747469
397.337779,341,4319.097133
12.608482,341,4322.449465
38.986222,238,4324.798983
73.671399,133,4326.132822
73.661353,133,4327.476242
-4.049216,29,4327.784466
328.042813,169,4329.491487
885.332617,400,4333.487796
233.278807,1,4333.531013
-10.08364,18,4333.773768
601.285584,300,4336.75471
132.203066,281,4339.629441
409.036007,279,4342.414376
73.61495,133,4343.775701
-32.423943,13,4343.932979
672.811433,341,4347.317564
4.278097,300,4350.302587
254.329539,133,4351.637443
13.448325,341,4355.090763
61.624782,227,4357.336871
-39.529953,42,4357.807915
73.550378,133,4359.216084
13.996468,111,4360.377302
668.341008,300,4363.493059
73.655228,133,4364.93151
55.952637,37,4365.316463
119.30185,341,4368.739921
97.398203,330,4372.060683
16.531222,341,4375.583922
250.443446,131,4376.966423
659.636111,341,4380.347313
404.972295,208,4382.470622
17.963539,341,4385.972885
663.865457,300,4388.995472
-1.875889,1,4389.040313
667.966116,300,4392.008658
56.767504,148,4393.5304
1065.66259,300,4396.495421
0.530602,10,4396.626167
488.709648,341,4400.193396
653.631047,341,4403.526396
99.722341,341,4406.999366
55.100658,37,4407.415045
842.829744,400,4411.344277
659.745674,341,4414.756454
-9.126877,21,4414.987472
252.433268,132,4416.345437
672.932197,300,4419.403389
233.297323,1,4419.450889
898.392527,400,4423.442012
250.451516,131,4424.785683
5.369642,300,4427.752187
-18.00048,1,4427.798697
-20.011112,1,4427.839561
217.38737,1,4427.885823
233.298036,1,4427.92751
-59.81917,341,4431.279436
68.847407,341,4434.687033
777.486563,264,4437.404467
71.347248,133,4438.782694
233.297856,1,4438.825249
1000.727043,300,4441.774089
-33.881162,29,4442.120942
-70.243564,267,4444.685322
1059.078792,300,4447.708113
246.442205,129,4449.044317
-17.947725,1,4449.087574
451.943222,240,4451.502056
873.232898,400,4455.605283
397.00767,341,4459.119041
659.905097,300,4462.122778
62.662701,341,4465.537594
1061.991717,300,4468.595559
80.1047,341,4472.015548
678.034324,341,4475.362018
82.538024,341,4478.889877
1050.917481,300,4481.876569
436.308114,341,4485.259202
73.672405,133,4486.553684
507.721677,267,4489.215308
11.32577,341,4492.727607
-13.640203,12,4492.876436
73.671739,133,4494.203833
254.320498,133,4495.566622
-21.676229,17,4495.758785
887.428,400,4499.794834
6.629046,13,4499.954104
-25.351953,26,4500.268747
948.300801,300,4503.212625
1061.880143,300,4506.224072
1031.041617,300,4509.228998
44.815246,32,4509.565316
49.908979,200,4511.570541
-24.452887,311,4514.721048
70.771188,341,4518.083581
246.381951,129,4519.423069
214.841171,1,4519.47225
671.79391,300,4522.524535
233.297043,1,4522.567671
-21.586941,10,4522.696808
889.396608,400,4526.609161
93.323257,341,4530.168783
599.703539,300,4533.333619
174.292871,400,4537.258887
324.688924,400,4541.392852
77.202376,341,4544.866747
614.129734,316,4548.030234
-21.845426,341,4551.457257
-21.57292,1,4551.499475
551.952676,290,4554.413259
233.290876,1,4554.461033
22.319932,341,4557.852357
26.439369,23,4558.14094
577.350263,300,4561.157378
-24.271857,341,4564.552514
51.31745,261,4567.201532
45.282364,240,4569.573706
-1.822344,33,4569.921328
66.501942,158,4571.644874
254.315818,133,4572.993234
218.246789,115,4574.118479
-5.974609,7,4574.221658
606.580205,300,4577.340695
-24.371413,341,4580.84269
1018.928787,300,4583.893636
250.615342,131,4585.239942
434.186185,226,4587.578004
20.180794,341,4591.005882
48.503363,341,4594.444192
99.899855,341,4597.881277
-9.157523,134,4599.284481
-8.054894,23,4599.543503
851.574051,400,4603.602226
63.241666,113,4604.702342
73.948393,341,4608.142806
254.211074,133,4609.489511
233.292357,1,4609.537318
34.472133,262,4612.162545
582.079979,292,4615.136321
1126.972556,300,4618.102455
407.932962,341,4621.620192
233.295041,1,4621.667272
32.54888,26,4621.949264
70.688108,341,4625.391684
712.522481,300,4628.371263
970.032776,300,4631.53143
233.294528,1,4631.577936
-28.913039,36,4631.956931
607.35403,300,4634.975998
263.182641,400,4638.977988
702.633138,341,4642.390869
10.115466,300,4645.433668
233.292621,1,4645.482394
233.292621,1,4645.524582
408.302931,341,4648.956051
681.017453,341,4652.425473
703.420736,341,4655.873696
587.601033,298,4658.947599
233.2973,1,4658.990026
71.619684,341,4662.509688
0.940781,300,4665.589509
29.155459,341,4669.013258
-18.18926,341,4672.402087
79.296599,341,4675.823744
301.433437,400,4679.88166
71.419912,134,4681.328175
-24.821761,341,4684.731335
-0.528537,300,4687.868787
233.296568,1,4687.910738
412.942271,300,4690.832346
69.262474,149,4692.323695
682.630159,341,4695.802855
886.894119,400,4699.930691
254.524315,133,4701.298707
-32.017087,341,4704.706798
477.588127,257,4707.35535
-9.111843,300,4710.309346
524.351429,300,4713.293306
163.87362,327,4716.593657
60.030464,162,4718.252588
233.295078,1,4718.29977
446.97075,341,4721.817936
26.435002,341,4725.212596
-20.161227,1,4725.254878
66.462784,341,4728.687838
55.198982,143,4730.170184
443.369446,341,4733.562787
56.864723,37,4733.943744
-7.32542,300,4736.861797
-26.430408,30,4737.216299
553.749166,341,4740.602513
233.298515,1,4740.645581
525.644088,300,4743.719799
233.298515,1,4743.769342
233.298515,1,4743.811457
73.668797,133,4745.194251
233.298499,1,4745.236756
237.479167,1,4745.283277
233.298499,1,4745.325736
-24.948026,24,4745.585683
256.608406,134,4746.918034
-93.884696,258,4749.65255
-13.500517,300,4752.622145
25.283067,211,4754.733918
520.87998,300,4757.746276
590.256039,300,4760.806803
673.237057,300,4763.894019
459.868897,341,4767.305853
636.81406,261,4769.905354
881.845491,400,4774.064999
79.980255,341,4777.534513
46.775485,145,4778.978867
21.030318,20,4779.20671
54.22287,228,4781.630791
28.934192,341,4785.088957
466.706313,341,4788.548215
106.768011,62,4789.273878
584.943666,341,4792.660836
405.215695,217,4794.952096
233.298242,1,4794.994672
-4.610096,300,4797.974405
-21.222679,11,4798.116019
10.791795,15,4798.297551
886.247492,400,4802.308977
-20.706385,3,4802.376062
168.992463,296,4805.394751
-31.120665,22,4805.636946
200.447427,105,4806.694583
254.298144,133,4808.104388
2.034251,300,4811.177054
233.298403,1,4811.220411
254.246285,133,4812.524335
420.422301,341,4815.936553
-11.370314,300,4818.984077
-18.706886,341,4822.457131
233.297963,1,4822.499887
88.306137,341,4825.934
-8.407578,21,4826.165727
690.006588,341,4829.558238
1341.576499,298,4832.67995
39.498779,29,4833.023859
258.651279,135,4834.33032
233.298331,1,4834.37271
252.579168,132,4835.839463
51.881896,229,4838.114188
-1.936371,9,4838.232446
51.968887,228,4840.500615
233.298485,1,4840.547567
54.235939,341,4843.994746
250.510423,131,4845.31688
886.54036,400,4849.306314
53.89325,219,4851.575975
877.085276,400,4855.732335
233.298496,1,4855.779433
302.633005,400,4859.807889
233.298523,1,4859.850889
516.318468,300,4862.875377
233.29852,1,4862.922426
233.29852,1,4862.965459
47.430359,341,4866.427553
224.49452,1,4866.470078
461.367866,245,4868.947803
-18.883463,341,4872.357481
233.298516,1,4872.404975
291.534528,400,4876.418134
69.606776,164,4878.111871
-21.291607,300,4881.063119
1307.25738,291,4884.070999
84.870525,341,4887.527151
32.71653,341,4891.005218
-29.604283,341,4894.442141
-21.866912,8,4894.555208
499.442284,263,4897.223993
44.726302,199,4899.189947
48.349455,341,4902.594849
1070.724886,300,4905.636036
-24.739457,22,4905.881832
455.485811,242,4908.317508
-22.587522,16,4908.503684
423.443795,236,4910.923327
357.139339,184,4912.81791
233.298523,1,4912.864894
117.421248,266,4915.493395
-20.463362,2,4915.548293
67.161101,164,4917.186898
37.780135,341,4920.745632
39.814945,341,4924.130419
223.954132,1,4924.173336
475.040614,253,4926.750796
-25.101491,25,4927.128444
676.337356,300,4930.152858
233.298522,1,4930.200097
-27.549695,341,4933.529584
76.802063,341,4937.141499
-83.102463,288,4940.022936
554.265903,341,4943.436572
233.298523,1,4943.48319
525.580201,300,4946.460143
233.298523,1,4946.502973
1064.559962,300,4949.491076
73.669519,133,4950.829182
-53.324649,199,4952.870719
647.334842,324,4956.109338
438.055002,234,4958.530602
882.949954,400,4962.467419
44.064859,241,4964.934236
430.73281,229,4967.351954
254.271235,133,4968.790581
425.743487,289,4971.689886
48.94813,231,4974.046422
110.441119,341,4977.486885
-30.493504,40,4977.934397
541.838771,341,4981.368492
45.952149,226,4983.626181
-15.999063,2,4983.679753
496.698165,251,4986.232026
17.95986,18,4986.435345
-28.225903,341,4989.979859
482.649382,341,4993.457734
403.555113,272,4996.148607
233.298521,1,4996.196081
233.298521,1,4996.238114
1074.907719,300,4999.32448
233.298523,1,4999.371416
45.155458,227,5001.615407
119.180717,287,5004.490355
610.157751,300,5007.837415
37.944741,341,5011.249402
384.798033,341,5014.621486
-21.130176,341,5018.069021
254.211452,133,5019.402846
79.284889,341,5022.827076
254.204467,133,5024.274753
-31.537555,300,5027.314419
56.550427,341,5030.790468
436.150765,234,5033.169758
-100.626327,289,5036.057703
73.670978,133,5037.401784
62.684541,341,5040.816679
276.424012,400,5044.870412
233.298465,1,5044.916945
-15.149176,9,5045.039514
-19.923755,341,5048.449567
58.635024,341,5051.983131
886.383893,400,5056.00495
254.181433,133,5057.338215
233.298504,1,5057.385345
1061.722635,300,5060.400937
442.061614,238,5062.849364
254.6054,133,5064.244359
232.376352,1,5064.292302
75.255741,341,5067.696316
877.111011,400,5071.824016
233.29849,1,5071.871747
1072.64594,300,5074.879273
-20.284028,11,5075.01586
663.371626,300,5077.990213
9.299024,300,5081.075455
413.001174,222,5083.318326
1074.103344,300,5086.258631
254.682677,133,5087.626944
-28.553747,341,5091.101288
605.78305,300,5094.154854
235.774482,1,5094.203082
504.594374,298,5097.173425
212.109455,1,5097.216413
41.404855,153,5098.738895
421.094874,225,5101.042418
297.099808,400,5105.080784
40.056482,158,5106.759284
209.352045,1,5106.806981
609.054572,300,5109.789913
-20.472225,2,5109.846984
493.305048,341,5113.213644
233.298502,1,5113.260815
607.431617,300,5116.215293
250.553638,131,5117.56385
417.839566,272,5120.300803
-13.838307,95,5121.238142
-14.031569,341,5124.642612
-33.743994,214,5126.813341
529.001764,341,5130.244688
38.831113,163,5131.944344
219.741745,1,5131.992284
-18.463193,341,5135.465353
102.724076,341,5138.878451
-9.77235,5,5138.960096
-25.86062,73,5139.725118
889.600379,400,5143.675948
676.498579,341,5147.114278
-51.668607,75,5147.890157
233.298479,1,5147.932962
-19.460591,341,5151.330695
240.784199,1,5151.3734
432.331186,341,5154.882442
36.802771,154,5156.371809
-27.151192,341,5159.754211
45.002912,159,5161.376753
527.095738,341,5164.808323
-3.657132,39,5165.287676
72.536399,341,5168.69668
42.82164,165,5170.340004
10.170746,15,5170.517729
688.36691,341,5173.900886
233.298462,1,5173.944015
-35.757995,59,5174.583798
-31.372662,341,5178.036274
233.298396,1,5178.084057
1072.304335,300,5181.050001
436.285702,341,5184.470316
-2.659745,300,5187.511795
451.181257,341,5190.946066
77.524046,341,5194.401348
-17.870867,1,5194.448245
11.361099,202,5196.471301
258.868094,134,5197.855501
68.663104,341,5201.270071
-51.395781,121,5202.446457
68.431811,341,5205.886477
902.84221,400,5209.889308
233.298275,1,5209.936054
181.499852,356,5213.495436
17.580566,192,5215.37715
-22.534408,300,5218.477856
-18.000492,1,5218.519763
251.898186,400,5222.53885
233.298485,1,5222.586051
436.626349,341,5225.994235
22.403888,20,5226.256039
438.435606,341,5229.767356
-26.582487,386,5233.668607
42.245546,158,5235.289028
37.861718,158,5236.911321
64.200514,341,5240.381325
286.599932,341,5243.871319
34.242206,149,5245.35585
556.031532,300,5248.375201
-45.637631,64,5249.029528
74.542374,341,5252.481103
361.436041,341,5255.934237
-0.50719,300,5258.903378
-8.259321,300,5261.928645
-22.526543,13,5262.089023
87.329697,341,5265.603483
59.334045,341,5268.999838
-199.584663,341,5272.379627
494.98931,341,5275.755119
-2.323057,32,5276.094481
-169.92807,341,5279.446338
189.939037,400,5283.522501
-17.702684,300,5286.558955
897.071133,400,5290.525965
48.99144,204,5292.587532
233.298519,1,5292.634679
98.455357,341,5296.089906
541.086494,300,5299.082245
82.036868,400,5303.11103
254.715061,133,5304.402735
42.16409,341,5307.842026
411.273671,341,5311.232443
-84.746893,148,5312.797187
-22.914823,13,5312.95831
371.991629,341,5316.38067
233.298523,1,5316.424236
-16.3787,341,5319.824412
26.143688,400,5323.746438
-16.695297,6,5323.839424
-36.592586,60,5324.512671
-24.911326,23,5324.798643
-5.375839,300,5327.843638
363.072937,235,5330.333032
416.074265,341,5333.683255
461.192902,244,5336.112887
567.820562,300,5339.150044
344.275265,341,5342.518181
547.85245,300,5345.562823
-21.216133,341,5349.044175
0.871484,341,5352.50274
1050.846136,300,5355.485839
-7.295387,6,5355.578515
-24.859242,286,5358.595316
23.098805,21,5358.864763
42.777138,31,5359.200038
54.012158,341,5362.581915
1063.082245,300,5365.70082
347.754825,341,5369.252697
-20.47176,2,5369.309687
-25.534012,341,5372.73675
256.762826,134,5374.073897
-14.079915,341,5377.566884
74.712124,52,5378.095374
233.298523,1,5378.138264
254.341731,133,5379.43789
-35.357668,87,5380.319446
-15.954039,341,5383.711052
-11.089414,300,5386.660806
233.298523,1,5386.703516
1056.262229,300,5389.730411
46.864545,341,5393.153813
50.867422,341,5396.591044
233.298523,1,5396.638408
311.502036,341,5400.050168
234.578045,1,5400.097563
385.134685,198,5402.064424
-21.217502,341,5405.488101
233.298523,1,5405.535281
-8.956397,20,5405.762172
42.449308,341,5409.15976
71.833715,341,5412.591888
-18.383293,341,5416.037167
30.128558,400,5420.134426
-10.4382,341,5423.55995
39.242004,341,5426.918951
32.644976,341,5430.302417
271.622657,341,5433.785883
317.030678,172,5435.559442
-22.212029,64,5436.209131
35.812734,341,5439.623714
54.800821,143,5441.155233
-15.998627,2,5441.210295
442.45614,341,5444.651754
-87.00781,341,5448.055375
20.331353,20,5448.283383
646.869954,300,5451.287188
407.545915,220,5453.55905
233.298358,1,5453.60597
-14.949929,341,5457.023054
-18.857781,341,5460.596709
58.503066,341,5464.001104
656.303803,300,5467.004197
-34.630814,176,5468.710505
289.088136,319,5472.002548
254.768328,133,5473.348988
475.027921,341,5476.726212
-22.258384,12,5476.874894
176.421974,153,5478.422457
-20.237716,1,5478.47019
878.317,400,5482.501446
-13.825766,341,5485.985334
421.265769,224,5488.301983
-30.883387,341,5491.749439
38.754149,341,5495.158797
399.511936,341,5498.554119
501.588963,268,5501.291548
-35.326891,179,5503.069781
875.948136,400,5507.112424
375.751826,201,5509.246893
-84.46249,341,5512.687951
-21.179273,5,5512.773654
450.905665,341,5516.195107
395.854017,213,5518.276822
250.631619,131,5519.671007
233.298309,1,5519.718196
1075.615052,300,5522.788628
63.375331,341,5526.202772
233.298523,1,5526.250219
66.395101,341,5529.641567
430.886791,231,5532.039874
82.406383,341,5535.512882
254.791115,133,5536.921008
55.65479,400,5540.85704
-64.022309,155,5542.419056
285.219715,300,5545.478754
-22.828596,4,5545.553113
-17.273134,14,5545.721676
254.176334,133,5547.074121
146.366426,313,5550.252119
233.298523,1,5550.300126
-4.328662,400,5554.285534
1072.712547,300,5557.291402
420.873388,224,5559.641445
64.322299,341,5563.075558
41.528197,341,5566.532551
62.563538,300,5569.574772
268.662705,345,5573.22321
1060.746318,300,5576.244554
31.674506,341,5579.710603
-21.279419,1,5579.754343
-10.78628,300,5582.809411
546.714971,300,5585.814635
318.941023,400,5589.892796
-80.652169,73,5590.663782
-40.881503,202,5592.685772
598.671217,308,5595.846906
301.264355,400,5599.86871
444.344683,341,5603.298077
29.473893,341,5606.765914
-14.368527,300,5609.762285
-34.76996,176,5611.589821
73.467846,166,5613.319217
-38.76955,193,5615.292235
300.749607,400,5619.24483
233.298523,1,5619.292024
110.778925,255,5621.933042
296.240626,400,5626.110703
-17.97115,1,5626.156793
205.893938,1,5626.199178
233.298523,1,5626.244866
256.543673,134,5627.555805
-11.801571,300,5630.578458
420.740281,216,5632.796151
233.298523,1,5632.838907
202.466984,292,5635.786163
1058.588501,300,5638.758075
579.669944,300,5641.797215
675.482574,300,5644.776661
233.298523,1,5644.823052
117.13438,257,5647.457028
348.165256,341,5650.874882
444.002505,236,5653.258908
0.702986,110,5654.341077
142.940964,400,5658.427923
1062.548653,300,5661.431046
607.729977,300,5664.501689
233.298523,1,5664.545038
-17.7476,99,5665.531879
444.823583,341,5669.009356
377.00274,341,5672.416978
425.15676,226,5674.648179
-17.007577,341,5678.104581
-32.624231,341,5681.641494
-13.355916,13,5681.79819
233.298523,1,5681.848113
75.521875,169,5683.52041
1061.672016,300,5686.549553
-34.973193,178,5688.35934
233.298283,1,5688.407385
97.447213,341,5691.849922
252.629605,132,5693.209419
428.356885,220,5695.412196
436.228011,233,5697.772313
-26.068715,341,5701.289464
48.909675,341,5704.724204
107.346194,341,5708.136351
71.05838,341,5711.552263
51.387421,341,5714.964362
116.671513,341,5718.392111
426.41291,219,5720.564323
-36.178259,183,5722.505183
254.623767,133,5723.888381
569.462976,300,5726.996538
410.828696,211,5729.193997
233.298523,1,5729.236806
105.287956,341,5732.670918
39.983565,341,5736.046639
31.356099,341,5739.447139
-24.348154,341,5742.970318
-11.886765,300,5745.989876
417.933812,219,5748.219073
-37.684842,189,5750.13358
-8.443015,300,5753.174034
233.298605,1,5753.221745
233.298523,1,5753.263582
131.82486,287,5756.250362
149.467004,341,5759.789166
1003.748755,300,5762.849228
79.736111,341,5766.28285
701.796611,341,5769.663203
-12.867223,14,5769.831076
75.883902,171,5771.598871
1053.608561,300,5774.629593
1049.279137,300,5777.636362
37.461127,28,5777.972326
56.979774,38,5778.372529
149.806851,400,5782.399975
254.149435,133,5783.791779
233.298523,1,5783.839432
212.92694,112,5784.981092
91.03348,341,5788.411464
39.708751,167,5790.182712
-20.252497,1,5790.224479
-30.164557,341,5793.640756
546.662804,300,5796.733434
91.786756,233,5799.044744
-32.653791,20,5799.270975
435.066963,230,5801.639985
26.303005,23,5801.895035
21.373557,400,5805.828211
-10.142949,300,5808.825119
233.298523,1,5808.867994
520.065931,341,5812.320367
414.445865,236,5814.776819
110.188966,341,5818.201945
254.675878,133,5819.574714
233.298523,1,5819.617845
190.07097,279,5822.489078
67.298775,170,5824.133291
-8.852929,300,5827.198576
183.6019,278,5830.188676
16.952531,18,5830.430768
162.068902,400,5834.390138
445.955967,236,5836.772999
1062.049625,300,5839.760843
1055.414526,300,5842.81795
-42.620888,308,5845.918204
250.614088,131,5847.266308
140.128532,400,5851.271239
389.079064,201,5853.294738
218.306893,1,5853.337108
248.561883,311,5856.486951
233.298523,1,5856.530002
233.298523,1,5856.576352
-11.931956,300,5859.537108
248.673617,312,5862.731298
39.34961,28,5863.068852
-4.951041,300,5866.070077
-20.141634,1,5866.11432
233.298523,1,5866.159772
-75.401182,49,5866.730416
233.298523,1,5866.777914
-28.558548,341,5870.198254
593.714492,300,5873.232146
-6.22193,400,5877.318791
-40.507876,357,5880.871745
614.194762,300,5883.834871
646.313676,300,5886.99641
424.962586,340,5890.428566
444.170719,235,5892.853717
248.553219,130,5894.157081
233.298523,1,5894.204127
-25.87378,341,5897.550897
487.896621,341,5901.05192
674.097783,346,5904.626818
436.677301,233,5907.011281
-46.449297,75,5907.759103
233.298523,1,5907.802034
80.160015,341,5911.243945
71.103498,341,5914.787977
535.073347,300,5917.82467
59.347223,341,5921.29162
69.327221,341,5924.774131
74.170071,341,5928.234415
31.329606,25,5928.507937
70.391377,341,5931.993131
439.94921,234,5934.319945
148.002386,400,5938.307668
732.4584,341,5941.728426
248.507883,130,5943.026668
57.75585,341,5946.461827
233.298523,1,5946.50443
215.583666,1,5946.553373
-19.447067,1,5946.596724
233.298523,1,5946.644585
437.660187,264,5949.230981
233.298523,1,5949.273198
1062.359722,300,5952.266958
426.955356,227,5954.621164
239.931637,1,5954.665303
6.137331,13,5954.827724
-6.87915,300,5957.842991
-116.881966,277,5960.629977
-20.70061,4,5960.702224
421.10874,224,5963.000965
206.343514,209,5965.141309
-14.843424,300,5968.215025
419.237596,315,5971.355415
-15.675192,300,5974.424124
-20.234833,1,5974.472089
61.240871,158,5976.08234
-12.082761,26,5976.362472
579.82162,300,5979.39748
-25.018196,17,5979.592876
-14.469914,10,5979.723221
1075.181077,300,5982.795695
233.298523,1,5982.842543
61.862219,341,5986.261246
592.053772,300,5989.278713
-36.150673,341,5992.682125
-18.153645,400,5996.750496
-33.795311,55,5997.348547
219.263855,1,5997.396055
1061.708537,300,6000.392588
393.68582,240,6002.807245
-50.842855,51,6003.367223
-20.286435,1,6003.414873
89.955536,341,6006.883019
641.11998,300,6009.869696
494.435691,341,6013.311177
78.135541,341,6016.715741
233.298309,1,6016.763113
-8.63857,300,6019.807009
106.938544,168,6021.808761
1052.141989,300,6024.77528
417.673779,241,6027.270611
66.954,341,6030.668341
-34.001213,41,6031.092207
-20.192982,1,6031.139218
248.543802,130,6032.520938
1047.137674,300,6035.502719
448.609124,233,6037.862242
1060.751356,300,6040.872632
77.329177,243,6043.407231
-21.840177,8,6043.519345
-29.256531,30,6043.842724
-29.262576,29,6044.158049
75.882577,187,6046.022364
248.767836,130,6047.370676
69.132151,271,6050.124892
276.240082,359,6053.758356
-5.354885,28,6054.128991
71.382171,250,6056.572359
579.179087,300,6059.606328
607.733475,300,6062.680468
440.307771,341,6066.12159
-27.169785,341,6069.601251
248.541753,130,6070.899006
-21.97434,341,6074.280813
276.170367,357,6077.89891
-11.577529,300,6080.967087
-18.001599,1,6081.009753
248.521765,130,6082.31496
233.298523,1,6082.362101
1075.918017,300,6085.385429
127.276702,281,6088.254813
589.955784,300,6091.295418
579.678178,300,6094.335106
893.922807,400,6098.44982
75.373085,341,6101.877274
439.34401,277,6104.692873
-36.333255,47,6105.173125
-62.868948,105,6106.206874
140.503321,305,6109.374112
452.54443,244,6111.864309
608.861839,300,6114.909495
52.670854,238,6117.26822
428.178624,230,6119.59651
665.434922,300,6122.570543
27.353698,189,6124.503948
0.068388,300,6127.593674
670.174818,300,6130.625974
-34.461434,39,6131.034302
667.459291,300,6134.090927
250.642126,131,6135.43618
714.616252,363,6139.029392
-39.870493,341,6142.541004
-11.664138,44,6143.076026
37.134453,27,6143.404852
428.164592,230,6145.795138
233.298523,1,6145.840758
233.298523,1,6145.888409
6.140191,13,6146.078412
296.021215,400,6150.072631
-22.88542,300,6153.067214
111.991063,341,6156.562022
-35.213922,341,6160.030797
254.801394,133,6161.372137
552.267672,300,6164.390129
-32.807779,341,6167.878382
233.298523,1,6167.925295
73.670481,133,6169.299786
664.21371,300,6172.353765
444.41842,230,6174.573671
17.012172,189,6176.625893
458.472127,341,6180.041491
-30.096931,341,6183.486898
-22.91258,13,6183.645515
233.298523,1,6183.692078
549.717421,300,6186.692945
538.357084,300,6189.708645
438.770574,234,6192.066987
229.761736,400,6196.105451
-10.401489,300,6199.203604
-22.84784,15,6199.37827
418.177134,216,6201.533875
87.372376,341,6205.011907
254.776172,133,6206.352804
26.375546,175,6208.170831
233.298523,1,6208.213984
661.518089,300,6211.257991
891.804916,400,6215.226146
-40.579159,341,6218.784492
67.145264,341,6222.172866
408.777926,210,6224.292226
1073.91285,300,6227.450376
215.040129,1,6227.497549
-15.389005,341,6231.023318
213.502101,400,6235.065266
665.795078,300,6238.075587
-9.938616,341,6241.500105
658.978265,300,6244.496384
414.679898,213,6246.644425
1056.022141,300,6249.693253
66.22839,341,6253.102219
206.726979,1,6253.145037
414.651046,213,6255.259435
-17.868791,1,6255.301916
387.470739,209,6257.43255
-37.979564,300,6260.461511
-21.588099,341,6263.865623
-33.695434,341,6267.26486
-22.058577,11,6267.404234
254.214839,133,6268.819728
-16.021679,4,6268.892827
445.778856,230,6271.264425
233.298298,1,6271.307197
-19.521181,300,6274.29986
8.162741,14,6274.469218
-3.707332,31,6274.838241
32.350412,217,6277.20704
-22.726504,12,6277.357702
664.170828,300,6280.358513
256.589816,134,6281.774588
161.791294,334,6285.145543
-15.8947,2,6285.200739
254.133872,133,6286.571378
-26.920436,341,6290.022803
233.298523,1,6290.07051
341.750011,184,6292.037191
770.749548,341,6295.391315
265.442979,185,6297.330562
399.783528,205,6299.460417
81.625167,341,6302.899099
61.296169,180,6304.721081
49.979348,192,6306.825783
20.552479,341,6310.313517
69.879485,341,6313.711987
84.640111,341,6317.188057
-28.663221,341,6320.812918
516.410857,341,6324.366672
233.298523,1,6324.41431
258.74777,135,6325.762237
233.298523,1,6325.809907
1069.666039,300,6328.757548
-15.946116,8,6328.873512
-18.804423,341,6332.314706
299.954122,400,6336.500422
-18.326701,341,6340.030684
-29.848253,341,6343.391759
233.298523,1,6343.439166
485.293661,341,6346.866657
81.130743,341,6350.406114
-16.127249,7,6350.509667
301.865899,400,6354.418577
83.751554,341,6357.871585
-14.210304,300,6360.883152
430.613249,228,6363.155668
1119.066199,300,6366.232451
87.969139,341,6369.726285
21.964769,341,6373.137369
401.164569,215,6375.272379
774.62885,341,6378.66517
-23.601988,16,6378.88737
233.298523,1,6378.929959
1.565942,211,6381.070471
165.734007,126,6382.367702
568.513098,341,6385.788941
1070.836005,300,6388.827957
226.468202,1,6388.875299
51.680006,192,6390.760863
-24.682387,341,6394.179856
413.798985,220,6396.379228
436.039436,232,6398.742149
233.298523,1,6398.789634
1075.98819,300,6401.855331
419.541803,224,6404.05914
739.913603,341,6407.482602
240.769877,157,6409.060908
-41.224431,315,6412.301136
168.132484,352,6415.848143
393.580591,212,6417.970495
68.510104,137,6419.353796
-26.429926,20,6419.578732
-26.242909,4,6419.653327
57.897937,341,6423.110572
83.918391,341,6426.565079
258.759663,135,6427.873708
405.940973,216,6430.210053
34.016011,150,6431.702187
-21.616604,7,6431.807453
33.725712,145,6433.33958
0.19429,300,6436.445112
86.027871,341,6439.955041
-21.470475,9,6440.073079
661.397959,300,6443.128309
50.727729,187,6445.052577
84.076356,341,6448.428481
29.252617,24,6448.728994
254.147352,133,6450.099137
233.298523,1,6450.142388
302.418865,400,6454.140957
669.634191,300,6457.237486
233.298523,1,6457.285798
536.413986,300,6460.387612
37.643399,162,6461.947685
983.605921,300,6465.033788
-3.162252,32,6465.371783
302.06061,400,6469.356622
233.298523,1,6469.402394
518.922524,300,6472.470223
-36.048991,69,6473.166316
233.298523,1,6473.209226
-28.007602,23,6473.46174
256.76403,134,6474.843823
26.433802,23,6475.097939
233.298371,1,6475.14466
256.729762,134,6476.525283
215.194861,1,6476.57082
597.425775,341,6479.922333
-31.882696,22,6480.198615
233.298523,1,6480.243312
78.043429,341,6483.737925
-20.482127,341,6487.217499
539.353691,300,6490.249115
560.562119,341,6493.563741
657.021721,300,6496.617345
438.114863,226,6498.829558
258.768366,135,6500.258128
233.298523,1,6500.306368
118.980893,341,6503.678354
122.506921,341,6507.093201
631.481631,300,6510.141061
415.801551,341,6513.535741
72.923461,207,6515.784823
416.99771,341,6519.184386
72.039809,341,6522.612964
-25.542855,12,6522.831957
630.845841,300,6525.801808
-13.915111,11,6525.938448
85.21799,341,6529.429828
8.739274,14,6529.598483
1067.79474,300,6532.709282
-78.271388,164,6534.336971
-18.895655,2,6534.39172
755.708655,341,6537.84885
233.298523,1,6537.895682
-20.224025,300,6540.93013
1076.353537,300,6543.939167
780.651114,395,6547.869288
55.551819,197,6549.870782
487.094972,300,6552.834313
222.31155,400,6556.943126
67.759208,157,6558.578446
755.927611,341,6562.052987
-20.170034,1,6562.095465
207.984336,400,6566.14713
606.358706,300,6569.136638
18.300875,19,6569.360084
213.040074,1,6569.403184
233.298523,1,6569.450016
457.602267,242,6571.927785
542.019076,300,6574.907013
90.592274,341,6578.366494
25.858685,341,6581.778347
159.45151,400,6585.822802
758.854379,341,6589.268176
231.684156,400,6593.356319
410.520116,282,6596.214266
457.28862,243,6598.758693
-17.908923,109,6599.834646
233.298321,1,6599.881739
438.239859,233,6602.286441
33.021885,341,6605.672493
233.298523,1,6605.715229
-115.054269,400,6609.662059
-17.916727,1,6609.708965
-17.703898,300,6612.796852
1066.28574,300,6615.870277
233.298523,1,6615.91256
423.085998,227,6618.208858
548.393836,341,6621.773371
-11.054266,300,6624.780359
396.529427,223,6627.026067
29.995277,341,6630.461763
233.298523,1,6630.509338
-21.010534,2,6630.565425
40.061818,188,6632.482678
208.379773,1,6632.52568
233.298523,1,6632.571905
-23.717697,18,6632.775109
260.745116,136,6634.176548
428.831983,230,6636.513546
379.485917,330,6639.785197
420.473369,216,6641.942894
96.092365,341,6645.463392
382.736398,246,6647.911369
49.729168,341,6651.317739
554.528615,300,6654.305977
31.767069,341,6657.724076
-20.293158,400,6661.684204
260.738836,136,6663.07867
-2.179136,21,6663.314947
233.298523,1,6663.358009
-5.951263,1,6663.405166
260.597474,136,6664.730039
144.556127,305,6667.867163
1051.694449,300,6670.860768
-11.52827,4,6670.935234
713.205806,341,6674.409436
617.124852,341,6677.849808
-4.987817,400,6681.798143
-309.721443,300,6684.826387
-15.283802,42,6685.261769
260.703414,136,6686.631891
316.316485,400,6690.72024
61.249127,144,6692.157371
-22.409357,14,6692.328125
300.671515,400,6696.429145
262.608954,137,6697.789016
59.107918,140,6699.395028
59.652771,141,6700.781813
56.140934,136,6702.190886
348.014466,181,6704.041301
729.659243,400,6708.087155
68.922573,341,6711.684161
256.636366,134,6713.072389
28.665217,324,6716.38371
233.298247,1,6716.432558
233.298247,1,6716.474211
453.640939,241,6718.909826
115.564015,341,6722.343401
65.350563,341,6725.827134
427.445706,224,6728.06206
-22.316438,400,6732.105859
107.334327,341,6735.606708
578.474649,341,6739.040947
1002.078745,300,6742.091089
45.92809,138,6743.463553
-15.609436,300,6746.450415
755.834073,341,6749.918354
63.497303,148,6751.400709
-14.941606,400,6755.368194
0.652756,341,6758.869315
442.126322,237,6761.296089
413.107421,221,6763.598987
-20.056869,1,6763.641854
428.503542,227,6765.922329
233.491175,1,6765.966105
70.061273,341,6769.470994
708.118738,400,6773.500419
-5.797816,341,6777.060381
445.947123,237,6779.5004
26.276053,214,6781.623308
62.43121,146,6783.1257
530.197318,300,6786.142143
135.347635,288,6789.064536
846.237812,400,6793.040665
233.298523,1,6793.083233
-14.832872,300,6796.075526
567.762381,300,6799.12768
79.308488,341,6802.681566
544.497506,300,6805.706798
-3.518165,282,6808.56307
-2.114031,64,6809.246734
728.984289,341,6812.769033
405.495892,216,6814.981256
68.922055,341,6818.389988
418.34091,215,6820.581203
252.672738,132,6821.959601
304.354002,203,6824.026267
61.249285,144,6825.512464
-29.750764,400,6829.626754
-19.498298,1,6829.668991
-41.049936,143,6831.162506
232.937034,1,6831.205009
582.748054,300,6834.319759
-46.063982,136,6835.727879
11.02233,300,6838.850339
22.052149,200,6840.931111
-37.701149,400,6845.0143
50.656764,341,6848.485014
233.298523,1,6848.527864
254.335318,133,6849.990459
84.91972,400,6853.997863
64.587744,150,6855.54609
63.489874,148,6857.038743
233.298523,1,6857.081806
53.515886,128,6858.382236
-0.301054,300,6861.430827
76.210184,341,6864.884322
36.977598,158,6866.515159
36.141595,164,6868.198739
-16.641911,300,6871.244866
453.275691,242,6873.742956
-23.442082,21,6873.979374
35.381451,162,6875.711775
37.951662,189,6877.587716
555.177458,300,6880.612791
30.872419,341,6884.148266
-15.294913,285,6887.097573
256.678581,134,6888.503515
700.458317,341,6892.039891
699.730483,341,6895.528373
48.445337,341,6898.960472
746.935181,341,6902.433775
924.047748,400,6906.484622
573.905654,300,6909.621812
302.686909,400,6913.597496
126.495404,341,6917.060815
-71.523747,341,6920.476993
615.886191,341,6923.958868
393.205711,202,6926.037089
-17.881454,1,6926.084082
-22.77382,12,6926.232457
397.144863,204,6928.241202
40.650022,341,6931.830386
246.094754,129,6933.098751
184.027747,300,6936.184345
122.918022,341,6939.721189
47.594583,341,6943.159533
216.709721,1,6943.202857
233.298523,1,6943.249121
30.158592,133,6944.590327
426.425651,220,6946.914308
57.479256,341,6950.317931
543.32223,300,6953.364145
173.6689,300,6956.387693
21.079626,300,6959.399794
185.901865,357,6963.020909
121.414426,269,6965.757335
14.881588,17,6965.954348
258.603698,135,6967.295871
655.678201,331,6970.600807
-15.57524,8,6970.713723
233.298523,1,6970.760907
-20.128155,1,6970.801009
754.909092,341,6974.240553
233.298523,1,6974.28334
262.6553,137,6975.737161
640.823199,341,6979.149759
280.572057,300,6982.274594
233.298309,1,6982.321393
233.298523,1,6982.365916
-9.126878,21,6982.605852
-21.648442,1,6982.649254
477.815885,261,6985.356369
-18.00048,1,6985.398308
115.232504,341,6988.89638
14.546374,300,6991.874185
233.298523,1,6991.916305
293.907897,400,6995.988707
556.562124,282,6998.829983
7.332664,300,7001.859007
6.402215,230,7004.307107
-22.216013,6,7004.402086
206.18549,1,7004.448963
882.710012,400,7008.542332
109.772158,341,7012.005007
100.78814,341,7015.528616
735.629089,372,7019.278434
233.298523,1,7019.321101
30.164729,133,7020.654048
56.993744,341,7024.147181
-1.950046,9,7024.340207
-37.886388,400,7028.391983
620.57896,341,7031.802873
206.365097,1,7031.850005
8.589236,300,7034.964445
-58.163006,400,7039.001136
22.327644,21,7039.236008
-70.13134,400,7043.54489
233.298523,1,7043.594148
369.354202,190,7045.53276
-26.522864,400,7049.559333
64.918278,341,7052.898861
2.823396,300,7056.01058
18.356188,300,7059.058229
444.089192,235,7061.461992
264.749456,138,7062.865576
90.688594,341,7066.488947
-46.719504,64,7067.152021
541.164427,300,7070.159853
233.298523,1,7070.207701
25.122864,22,7070.487483
1046.859168,300,7073.60043
74.392746,341,7077.142769
35.696686,166,7078.842225
735.644756,369,7082.592239
-23.851722,20,7082.821709
1047.990987,300,7085.921073
-60.378588,52,7086.485939
-25.598425,400,7090.545614
40.737309,30,7090.867948
199.796032,380,7094.8424
262.72782,137,7096.230379
83.115022,341,7099.677156
77.99911,341,7103.119004
45.803197,341,7106.580467
71.529998,341,7109.987251
-25.283782,25,7110.300568
233.298523,1,7110.342681
-13.017185,400,7114.323335
-35.583901,400,7118.388298
361.925295,186,7120.320982
1060.794454,300,7123.385546
225.191525,125,7124.655969
751.605909,341,7128.16889
891.978301,400,7132.223153
1069.664927,300,7135.32102
14.147466,17,7135.554813
233.298523,1,7135.595778
565.022781,296,7138.619493
-5.090118,24,7138.881866
5.772385,341,7142.415816
5.00975,300,7145.503326
20.508639,300,7148.67937
757.058485,341,7152.081615
757.506555,341,7155.598233
519.75749,274,7158.39045
36.686437,99,7159.444998
383.584873,197,7161.4478
233.298523,1,7161.490237
65.913237,135,7162.86302
-24.909604,23,7163.187788
296.166134,400,7167.19958
311.886644,400,7171.268428
63.863696,132,7172.619236
46.728271,140,7174.13105
-91.891396,195,7176.085732
-40.03703,400,7180.220402
1.631562,300,7183.303307
30.143264,133,7184.719097
63.886266,341,7188.15354
-39.991817,400,7192.279182
-27.022309,35,7192.720624
241.898031,1,7192.768212
233.298523,1,7192.8113
-4.618701,341,7196.304081
233.298523,1,7196.346714
8.209413,341,7199.849531
233.298523,1,7199.893372
269.156067,150,7201.376997
-41.293445,400,7205.649263
678.417026,341,7209.175576
-2.039943,341,7212.636595
883.212156,400,7216.801744
222.991613,1,7216.849485
-6.89285,341,7220.298766
-10.028318,341,7223.726436
-1.206577,341,7227.138932
233.298523,1,7227.186322
10.367759,341,7230.593827
233.298523,1,7230.641545
-23.980671,400,7234.67705
1064.996972,300,7237.757681
233.298523,1,7237.801182
16.265965,18,7238.007344
-77.571748,341,7241.565685
5.839047,148,7243.083912
-1.558937,9,7243.204391
100.93408,341,7246.615673
-164.932929,341,7250.175818
82.321935,341,7253.711194
573.34601,300,7256.795081
536.607526,300,7259.803237
-22.057148,9,7259.958944
-26.483843,22,7260.206285
-0.239662,388,7264.110748
-17.8803,1,7264.156605
1073.66309,300,7267.199378
54.63065,133,7268.66847
60.980436,341,7272.146733
-19.684578,400,7276.175476
263.428551,145,7277.673421
54.631458,133,7279.103925
54.642792,133,7280.439685
233.298523,1,7280.486931
1076.031781,300,7283.554547
754.276804,341,7287.034052
1068.386178,300,7290.100837
26.399266,23,7290.362329
610.314902,300,7293.539389
-3.485371,300,7296.531878
256.604026,134,7297.956301
104.485889,71,7298.735586
257.397297,142,7300.193977
233.298523,1,7300.241477
-6.914515,300,7303.378114
492.292431,262,7306.092374
759.963193,300,7309.098378
5.4546,12,7309.283644
-17.232105,5,7309.3666
598.48425,300,7312.350806
91.519029,341,7315.77099
716.404196,341,7319.201736
438.237993,233,7321.654706
608.891863,300,7324.767337
1065.972236,300,7327.854596
79.053918,341,7331.348808
596.051227,300,7334.456218
65.604681,341,7337.90162
660.485483,341,7341.42669
882.91649,400,7345.636195
-13.642438,3,7345.703314
356.464297,341,7349.176833
1.549819,300,7352.245587
321.923707,166,7353.925107
-7.714467,22,7354.171751
-20.875428,109,7355.300833
233.298523,1,7355.343883
-10.685464,18,7355.549978
622.786188,300,7358.574175
886.964184,400,7362.69186
1063.891835,300,7365.754571
261.360852,144,7367.247944
233.298309,1,7367.295581
61.791968,341,7370.738669
14.226948,17,7370.943089
625.701111,300,7374.051853
1069.587712,300,7377.135382
10.091133,300,7380.189851
-7.941985,300,7383.342515
442.963467,241,7385.716515
233.298523,1,7385.764035
1077.564526,300,7388.888682
418.949121,341,7392.394163
10.782772,15,7392.57639
427.270689,341,7396.321038
653.844886,341,7399.828163
209.743178,1,7399.87124
-11.956104,341,7403.298447
-19.672006,300,7406.336227
233.298523,1,7406.379504
55.540831,341,7409.863145
700.972525,352,7413.437882
751.648519,341,7416.868704
-5.619873,26,7417.222398
42.604681,341,7420.689954
635.859403,300,7423.7392
391.432015,201,7425.770672
1069.86424,300,7428.870845
347.916445,179,7430.77474
-2.812668,300,7433.892819
-3.701318,8,7434.005281
301.724034,400,7437.996344
233.298523,1,7438.039054
-17.998286,1,7438.084953
599.553767,341,7441.587719
-33.224271,400,7445.588023
-6.996013,21,7445.828798
222.187404,1,7445.872862
233.298523,1,7445.919374
315.841741,163,7447.666942
626.258839,341,7451.207135
-19.447685,1,7451.250364
367.705379,189,7453.156965
-14.146645,400,7457.309515
-22.59278,400,7461.459436
12.774447,300,7464.486054
574.87865,299,7467.566032
233.298523,1,7467.615055
85.260914,341,7471.02268
434.033578,234,7473.337746
80.763197,341,7476.896326
81.267682,148,7478.426337
-122.654672,341,7481.842333
501.924777,341,7485.276397
50.45884,236,7487.726377
-42.506884,341,7491.252012
54.492984,341,7494.719865
-3.024942,228,7497.084728
75.35934,341,7500.511156
95.061648,341,7503.936697
518.027854,400,7508.114708
110.229988,341,7511.546152
-10.197974,19,7511.768286
80.794077,341,7515.27052
52.369671,341,7518.710238
265.51224,146,7520.303776
1071.656025,300,7523.344531
629.077339,300,7526.400511
-53.303653,341,7529.874096
83.915,341,7533.318733
1061.832179,300,7536.3551
651.165242,341,7539.840417
261.392586,144,7541.274008
-13.351975,12,7541.424462
-15.121738,300,7544.52658
-8.602967,22,7544.776725
455.322301,241,7547.326079
626.315178,400,7551.409614
67.368581,341,7554.811527
449.41771,239,7557.279936
68.762247,341,7560.757211
259.456161,143,7562.242458
-32.57711,341,7565.720913
-9.183641,400,7569.795312
-12.261405,55,7570.410153
-12.25586,14,7570.588193
317.991728,300,7573.664693
652.807241,341,7577.231095
891.594172,400,7581.343088
61.14869,341,7584.821188
7.431201,300,7587.969032
55.851513,171,7589.691129
20.937792,300,7592.78452
757.416104,341,7596.466629
505.464006,300,7599.589084
95.811073,341,7603.04882
-7.688515,6,7603.147003
214.155889,1,7603.198065
-22.914817,13,7603.359878
555.162713,341,7606.973694
492.400031,300,7610.035792
-47.757499,341,7613.398099
109.016007,400,7617.496201
651.355314,334,7620.851777
209.154505,1,7620.903346
-17.947047,1,7620.950728
657.723109,341,7624.563129
0.079335,10,7624.700574
233.27596,1,7624.748166
212.709241,1,7624.798417
45.566881,31,7625.177676
516.790196,300,7628.30564
233.298523,1,7628.357181
622.101613,320,7631.645949
436.156938,233,7634.217278
232.417876,1,7634.268426
633.708365,300,7637.406267
-45.813988,145,7638.882815
2.155616,300,7641.948247
61.866801,341,7645.53467
319.864522,166,7647.262339
71.577093,341,7650.797371
508.846204,265,7653.519838
270.26275,146,7654.998007
-24.450916,23,7655.256564
626.596891,341,7658.89811
52.185008,153,7660.586087
56.752775,159,7662.214248
233.298523,1,7662.261349
490.495527,266,7665.073978
40.379258,159,7666.696631
1001.902115,300,7669.866748
-56.202263,300,7672.964434
-78.53716,300,7676.028357
81.31648,194,7678.070031
596.431842,341,7681.641084
233.298523,1,7681.692777
643.372461,400,7685.809186
-11.790204,29,7686.127437
-21.066057,29,7686.602375
598.334803,300,7689.717514
227.805062,120,7690.987286
626.050706,314,7694.2988
72.643333,400,7698.334759
16.254286,18,7698.547476
604.972321,310,7701.752063
-0.72459,46,7702.238967
233.298523,1,7702.287313
28.471584,24,7702.560168
214.201166,141,7703.956761
-9.133074,21,7704.196285
-18.139918,3,7704.266085
229.589794,1,7704.31426
716.785993,341,7707.891024
-20.105813,1,7707.937611
49.453199,341,7711.453689
10.789319,15,7711.637953
549.47232,300,7714.87048
233.298523,1,7714.922111
432.442125,358,7718.771575
33.416368,85,7719.627739
580.684387,300,7722.687061
560.88639,300,7725.834885
1066.721169,300,7728.932776
41.136515,341,7732.402717
627.173421,316,7735.659118
260.650793,136,7737.150865
757.944584,341,7740.798931
718.271436,361,7744.558456
180.595683,341,7748.083345
209.447882,301,7751.050056
-20.170313,1,7751.097431
201.150455,263,7753.8667
231.154342,143,7755.363711
-22.397078,30,7755.69142
907.9653,400,7759.791417
233.298523,1,7759.842983
271.845937,149,7761.408222
114.875989,341,7764.982322
233.298523,1,7765.028771
81.798464,341,7768.644663
210.550677,1,7768.692133
572.307174,300,7771.781044
218.409594,1,7771.83545
-52.08832,178,7773.815506
-24.526979,400,7777.960746
85.714679,341,7781.47541
520.603359,341,7785.05272
25.973257,23,7785.353973
51.158692,131,7786.688996
1051.789101,300,7789.865445
-21.80233,10,7790.001024
326.517847,400,7794.120765
67.981217,341,7797.701398
561.212949,341,7801.257415
-10.930729,93,7802.18481
212.804179,1,7802.237376
51.082838,133,7803.639535
76.77859,341,7807.1459
-20.005289,1,7807.192292
81.694237,341,7810.614659
46.986123,341,7814.122385
233.298523,1,7814.175015
586.791951,341,7817.731969
293.966472,400,7821.834055
543.039518,300,7825.018467
335.050853,266,7827.735562
258.83612,135,7829.158679
233.298309,1,7829.206759
518.215853,270,7831.993441
237.241404,341,7835.535995
641.600193,300,7838.615945
42.399542,341,7842.150135
77.77917,161,7843.797319
1083.309125,300,7846.96399
233.298309,1,7847.012794
568.862385,284,7849.915308
-20.71056,7,7850.024765
272.699728,341,7853.591284
43.416545,341,7857.170595
1043.381246,300,7860.288015
534.206698,300,7863.39713
259.872258,341,7866.876388
-30.336551,341,7870.500152
-20.299095,1,7870.54788
80.89139,341,7874.056794
44.336513,341,7877.466293
-7.481528,24,7877.777868
12.861556,16,7877.974274
-28.974374,341,7881.516846
-55.256516,60,7882.147204
-105.739025,400,7886.238453
676.361849,400,7890.340519
265.321773,138,7891.839458
212.9446,1,7891.886451
-7.979197,23,7892.148772
-21.716707,10,7892.284273
666.315494,341,7895.863232
539.626115,300,7898.956458
300.609926,400,7903.480662
435.222104,248,7906.033425
285.433956,148,7907.598032
-22.193814,6,7907.695659
-128.057727,203,7909.773589
233.298309,1,7909.82073
349.478883,180,7911.724071
499.154422,300,7914.834159
586.19116,300,7917.972785
212.288239,1,7918.024193
73.829199,341,7921.596115
654.725405,341,7925.016413
213.436979,1,7925.063411
68.506904,341,7928.53793
-30.356141,159,7930.204432
1065.219961,300,7933.320422
506.621452,300,7936.418617
59.584802,341,7939.861996
-2.816231,341,7943.444611
267.115619,139,7944.871585
1.192313,341,7948.578459
304.807992,400,7952.71995
-28.789457,341,7956.259218
797.567221,398,7960.339577
385.045167,198,7962.449621
260.868567,136,7963.849361
-37.217697,41,7964.280007
719.644073,400,7968.512639
740.1908,262,7971.197058
26.926573,161,7972.86141
514.897034,300,7975.999488
586.609735,300,7979.061129
37.158438,341,7982.524425
215.734812,1,7982.576397
544.445704,300,7985.745737
233.298523,1,7985.794833
-23.152411,22,7986.047071
233.298523,1,7986.09866
-10.595529,17,7986.300384
533.987201,341,7989.764183
678.37132,341,7993.289766
24.623926,341,7996.829696
300.487932,400,8000.989975
720.130283,400,8005.092658
104.720964,341,8008.674115
233.298523,1,8008.725742
233.298309,1,8008.777359
727.880628,400,8012.781473
-9.735963,5,8012.872291
83.597415,341,8016.310224
1077.601919,300,8019.527405
228.120739,1,8019.580438
233.298523,1,8019.628993
-21.256699,1,8019.679426
659.680687,341,8023.175968
233.298523,1,8023.227323
-20.036829,4,8023.304411
168.829545,342,8026.829422
503.7391,341,8030.278986
10.187226,15,8030.467293
1012.75124,300,8033.596331
233.298523,1,8033.643241
402.856221,207,8035.956182
618.670031,393,8039.955073
107.076002,71,8040.698017
23.359185,341,8044.277921
34.214101,155,8045.877021
574.240355,300,8048.955409
1064.891149,300,8052.103863
6.681477,13,8052.269758
503.421878,300,8055.382828
233.298523,1,8055.435101
-20.005957,1,8055.480832
612.625977,300,8058.589592
471.326382,341,8062.033191
118.851675,269,8064.802912
233.298523,1,8064.853872
50.20571,341,8068.35333
680.721494,341,8071.948329
-11.989713,4,8072.027329
233.298523,1,8072.073919
233.298523,1,8072.124174
-69.137219,127,8073.464635
233.298523,1,8073.517804
339.194727,341,8077.554739
873.922928,400,8081.668724
-32.318214,220,8083.901406
-22.755431,53,8084.455309
28.477677,24,8084.765963
459.90836,341,8088.480143
91.321235,141,8089.969313
-1.821089,341,8093.609484
9.744093,341,8097.104172
83.286246,341,8100.599356
-6.332495,400,8104.738024
-19.447001,1,8104.789801
713.135365,341,8108.329824
475.155759,341,8111.807791
174.948902,327,8115.225351
574.466673,300,8118.440622
703.53376,341,8122.21461
-20.192178,1,8122.263318
233.016656,1,8122.314048
465.665425,341,8125.862855
-17.254006,5,8125.953513
756.808851,341,8129.528742
480.158171,329,8133.030513
699.077803,341,8136.530009
622.971809,300,8139.604407
-33.176573,341,8143.154413
144.08822,336,8146.647606
-18.000492,1,8146.693752
143.653576,397,8150.963893
75.769244,341,8154.46551
87.350256,148,8155.958696
240.060183,341,8159.544851
-20.472915,54,8160.109607
149.603556,297,8163.307603
84.937409,341,8166.822416
707.667189,400,8170.950511
24.776562,341,8174.393135
233.298523,1,8174.444421
261.095304,400,8178.64481
-19.30743,341,8182.103477
233.298523,1,8182.154973
206.251701,1,8182.201625
355.259947,187,8184.141766
-39.87256,300,8187.230519
619.04811,300,8190.353396
-61.416521,300,8193.399842
233.298523,1,8193.447425
-3.054163,8,8193.563647
-37.111062,10,8193.700298
-29.372243,8,8193.818115
54.031718,35,8194.24063
391.19615,263,8197.008832
665.578766,341,8200.561345
447.13867,300,8203.717553
694.077335,250,8206.434402
477.033657,300,8209.46612
233.298523,1,8209.512813
212.035984,1,8209.563478
442.238384,242,8212.07232
77.668415,179,8213.923281
87.435941,167,8215.674775
14.45194,323,8219.006604
186.075344,374,8222.887422
0.081299,10,8223.061498
233.298523,1,8223.113035
226.732789,1,8223.158906
1046.30359,300,8226.272369
-11.989712,4,8226.350106
2.471408,11,8226.501838
-20.154478,10,8226.675872
11.670929,341,8230.096168
-21.615024,7,8230.20719
210.975857,1,8230.256795
50.550337,341,8233.722085
176.393372,337,8237.30309
496.65444,257,8240.092733
71.077992,341,8243.673318
16.714048,341,8247.258897
50.427537,189,8249.181914
12.840659,16,8249.377478
502.653372,300,8252.442116
298.350056,400,8256.649735
503.812165,300,8259.669447
-25.827052,28,8260.02338
712.973677,341,8263.524806
-24.183968,7,8263.631584
494.04091,300,8266.700576
128.411359,341,8270.295161
710.434627,341,8273.829684
-21.137874,7,8273.940643
4.88332,341,8277.403317
88.240108,341,8280.914582
6.246562,341,8284.593754
28.289136,341,8288.084737
-21.46345,15,8288.26588
212.264711,1,8288.317138
711.812239,400,8292.450052
36.829443,341,8295.989494
71.769809,165,8297.731424
82.089705,341,8301.281044
233.298309,1,8301.332658
685.709324,341,8304.789131
48.99942,157,8306.481061
559.974161,290,8309.543335
-60.9759,48,8310.082321
-20.814091,4,8310.159587
596.56448,350,8313.72607
1.1551,39,8314.138857
51.673271,162,8315.942792
1028.936344,300,8319.021548
209.485663,1,8319.073422
-22.848994,21,8319.312803
149.911779,315,8322.711011
63.901106,164,8324.338851
-17.986224,1,8324.385368
233.298523,1,8324.436892
140.031851,341,8327.990446
31.662169,341,8331.611284
-28.765911,10,8331.746658
674.998189,341,8335.302908
102.960367,341,8338.988074
101.490132,341,8342.487926
61.828412,138,8343.988966
111.357929,341,8347.45576
717.871816,400,8351.692323
-72.485298,186,8353.702162
18.838465,19,8353.924886
233.298523,1,8353.975579
747.429956,382,8357.925761
518.931692,267,8360.677794
458.038904,341,8364.185843
-55.754121,59,8364.834305
42.785365,31,8365.174122
233.298523,1,8365.221266
119.705522,341,8368.732
254.114568,133,8370.171531
-55.091484,341,8373.703472
347.621684,179,8375.588069
21.221936,20,8375.820804
-21.8369,8,8375.938311
233.298523,1,8375.988497
758.346596,341,8379.441644
-71.505545,186,8381.493418
30.888179,341,8384.976447
-9.94418,18,8385.192437
-306.487255,341,8388.686029
756.260142,341,8392.256216
8.535559,14,8392.432386
80.680581,138,8393.903101
254.114568,133,8395.236098
492.839236,263,8398.029164
43.762011,341,8401.715966
35.746236,341,8405.215714
233.298309,1,8405.263839
209.98969,1,8405.314439
233.298523,1,8405.363563
254.114568,133,8406.731279
-1.935184,9,8406.855356
-32.301224,341,8410.302253
-37.983309,341,8413.971177
751.045597,341,8417.542616
151.403784,341,8421.012
-23.598482,25,8421.373859
341.342001,176,8423.148022
4.414956,12,8423.302851
-16.680445,6,8423.400516
4.116209,12,8423.556126
-16.138272,7,8423.660923
554.984195,300,8426.801126
233.298309,1,8426.853034
674.578954,341,8430.331191
70.069877,316,8433.686054
91.359445,400,8437.921402
-32.584149,341,8441.510695
590.381459,300,8444.623877
-26.41433,35,8445.000015
254.114568,133,8446.493116
130.966813,400,8450.558095
355.630381,183,8452.405901
233.298523,1,8452.457618
233.298523,1,8452.504387
234.158517,1,8452.555378
233.298523,1,8452.601792
233.298523,1,8452.651983
233.298523,1,8452.698635
750.377769,341,8456.232121
599.854344,300,8459.373681
599.125713,300,8462.519018
58.467676,341,8466.004689
254.114568,133,8467.537707
59.081726,341,8471.089888
-59.631155,36,8471.55542
1057.462678,300,8474.709507
541.458771,300,8477.786423
43.195886,192,8479.80698
-13.853067,3,8479.880398
15.82169,341,8483.373455
-5.92509,341,8486.886353
-14.464386,341,8490.359175
233.298523,1,8490.410684
-5.662292,129,8491.78199
-26.548928,341,8495.275258
387.096095,199,8497.263659
-20.470076,2,8497.32363
383.22435,197,8499.378372
254.11462,133,8500.863959
-47.009045,341,8504.339835
223.690987,1,8504.389511
76.820792,400,8508.462424
101.263564,400,8512.727884
254.114573,133,8514.164826
570.349418,300,8517.300913
233.298523,1,8517.348291
2.636874,341,8520.858167
758.884717,341,8524.472476
545.725862,300,8527.545123
749.371239,341,8531.094241
553.829568,300,8534.16427
496.904285,352,8537.793042
195.344711,104,8538.876781
-67.504837,400,8543.014191
-5.163185,7,8543.118819
745.098825,341,8546.617081
216.297589,1,8546.664735
891.596267,400,8550.672772
200.202767,300,8553.750715
530.599205,300,8556.875883
-22.848282,71,8557.608193
429.400045,400,8561.697338
212.660124,1,8561.744428
-19.681993,341,8565.294891
254.114568,133,8566.756557
751.728005,341,8570.290743
31.056786,400,8574.411721
607.575516,300,8577.568564
574.169549,291,8580.547931
-35.542885,58,8581.154305
233.298523,1,8581.206419
531.346123,300,8584.307674
542.518923,300,8587.445826
-2.162386,341,8590.895684
112.819955,341,8594.452946
877.388666,400,8598.659777
542.428109,400,8602.787412
581.557833,300,8605.839298
254.114618,133,8607.199105
51.937636,400,8611.505387
254.114624,133,8612.990543
20.709803,341,8616.518542
50.718597,341,8619.993282
51.476665,341,8623.439178
-39.050769,341,8626.966286
23.959726,296,8630.109426
-7.682252,6,8630.20905
20.299151,19,8630.43125
-21.712252,1,8630.484975
-30.216637,400,8634.740608
139.129482,341,8638.207801
-20.419274,3,8638.278329
500.498064,266,8640.962409
233.298309,1,8641.009492
-32.60874,400,8645.197835
233.298366,1,8645.250252
-23.352826,400,8649.723053
213.617249,1,8649.772676
485.663709,341,8653.280011
228.945208,1,8653.328051
-30.837221,400,8657.339822
609.627135,305,8660.442353
49.3642,341,8663.983028
233.298523,1,8664.034523
-12.005284,341,8667.583353
-10.092773,16,8667.815375
881.424884,400,8671.917344
76.556674,400,8676.02806
233.298523,1,8676.079475
827.867747,276,8678.952601
254.116867,133,8680.317264
-25.809755,52,8680.860442
737.859124,341,8684.32881
1061.719439,300,8687.40387
78.706595,341,8691.054331
233.298523,1,8691.108482
305.434937,171,8692.870004
47.152109,341,8696.295856
-34.639448,15,8696.480389
1060.886673,300,8699.61184
-74.621354,341,8703.209471
6.139906,13,8703.372432
-5.829435,341,8706.890067
64.738049,341,8710.468791
-19.932659,400,8714.496028
-13.994782,3,8714.608566
379.250907,195,8716.538658
79.590681,400,8720.694596
-19.340497,1,8720.745466
549.557431,300,8723.833937
208.8938,1,8723.880556
33.326711,26,8724.170643
32.080351,151,8725.791951
273.297542,142,8727.211293
74.602554,341,8730.68463
-26.288893,341,8734.256283
281.429383,146,8735.69533
70.428177,341,8739.281348
-9.982768,5,8739.371639
1055.55035,300,8742.60114
1062.014805,300,8745.673877
491.203831,262,8748.349437
-132.101809,229,8750.721727
93.417908,400,8754.812667
629.851751,300,8757.936413
-20.499964,1,8757.989903
-21.49023,13,8758.14901
267.163182,139,8759.68351
728.274755,400,8763.756725
-18.000492,1,8763.803792
117.646445,341,8767.348781
-37.200628,43,8767.801559
54.216923,341,8771.321682
116.088499,400,8775.557309
34.751664,341,8779.060064
42.614933,145,8780.682221
721.621861,341,8784.284935
295.190454,238,8786.75688
38.720236,291,8789.840756
1065.817987,300,8792.868276
-22.822409,18,8793.159317
211.871983,1,8793.20652
1054.247677,300,8796.23264
727.370065,400,8800.485876
233.298523,1,8800.537942
390.576044,201,8802.64095
227.677409,150,8804.260753
119.654211,341,8807.898048
115.346589,341,8811.395778
18.49858,19,8811.621572
60.683757,341,8815.220759
93.823844,341,8818.691942
-34.081634,33,8819.085325
563.016907,300,8822.146602
246.455026,129,8823.444029
-66.765691,341,8826.949965
390.757758,201,8829.049811
100.883345,400,8833.146503
346.205304,270,8835.963713
260.995994,136,8837.432838
48.502807,341,8840.930862
-81.455219,266,8843.627933
46.668704,341,8847.132993
400.564336,206,8849.375096
676.932799,400,8853.440774
252.699411,132,8854.825538
-27.531891,341,8858.311223
378.86783,195,8860.362405
30.793418,154,8861.968428
-9.121522,37,8862.439622
517.514505,373,8866.257617
154.154747,175,8868.052866
404.458091,208,8870.311276
-19.447023,1,8870.362953
751.066502,341,8873.785861
-14.910142,10,8873.960375
209.097552,1,8874.01202
749.050849,341,8877.470566
609.922625,300,8880.517484
248.502206,130,8881.82074
-90.077749,300,8885.036374
-23.93901,18,8885.250187
233.298523,1,8885.301296
-21.221951,1,8885.347517
1066.612371,300,8888.429232
-96.531211,300,8891.560526
739.697735,341,8895.055745
189.815751,192,8897.050136
34.737907,341,8900.600763
97.567032,400,8904.699013
653.25846,400,8908.82911
-30.8728,7,8908.938463
747.945246,341,8912.443731
383.831081,231,8914.827778
233.298523,1,8914.874211
143.751305,400,8918.964697
598.051341,300,8922.133546
1068.014981,300,8925.217598
-50.167491,341,8928.624646
634.765825,300,8931.749891
233.298523,1,8931.796929
216.345067,1,8931.848167
753.552036,341,8935.353744
139.419658,168,8937.076684
-47.815523,53,8937.746778
23.324034,21,8938.027179
233.298523,1,8938.080783
751.818905,341,8941.628736
624.369992,300,8944.592613
703.624898,400,8948.823434
119.200936,400,8952.89814
34.594356,27,8953.201437
749.093081,341,8956.73914
587.559419,300,8959.795019
630.100988,300,8962.921297
751.149475,341,8966.486233
233.298523,1,8966.532688
86.799836,341,8970.402829
217.041859,211,8972.531249
-25.256444,42,8972.975635
-28.354329,49,8973.494285
-7.973074,6,8973.590929
11.335502,341,8977.05827
51.860613,35,8977.477076
79.425025,341,8980.958244
-22.626117,5,8981.048684
591.588589,300,8984.167924
254.121145,133,8985.534047
-19.494058,1,8985.585269
1051.37025,300,8988.617673
1060.627367,300,8991.946055
582.0431,300,8995.065384
397.034018,300,8998.2121
717.590962,341,9001.912297
76.141982,221,9004.166886
-15.775964,7,9004.271118
233.298523,1,9004.32214
75.215875,341,9007.754981
2.489163,11,9007.979604
1051.344356,300,9011.05452
-26.552861,25,9011.333458
-3.973937,29,9011.652686
-1.934892,9,9011.775967
254.116736,133,9013.18171
636.957901,400,9017.223642
231.534042,121,9018.516276
757.582183,341,9021.981882
894.471081,400,9026.086879
731.826828,341,9029.636161
-11.781041,16,9029.830576
750.834185,341,9033.275682
233.298523,1,9033.32232
233.298523,1,9033.37244
126.822588,158,9034.979091
1052.171182,300,9038.226292
-22.274539,10,9038.363204
254.656316,133,9039.729269
1062.329771,300,9042.886573
233.298523,1,9042.93811
524.292334,377,9046.8346
-13.905775,11,9046.983189
515.347615,260,9049.706317
1065.329548,300,9052.726055
233.298523,1,9052.773309
749.582381,341,9056.318116
74.826143,341,9059.980568
80.566923,341,9063.57225
-20.087286,1,9063.618909
233.298523,1,9063.66936
571.736534,300,9066.740905
233.298523,1,9066.788434
72.555027,205,9068.971983
901.825103,400,9073.177719
-16.971607,6,9073.275168
-17.233966,5,9073.360779
97.4007,209,9075.40337
270.035508,300,9078.568377
632.145906,300,9081.663075
351.600541,225,9083.994556
32.554042,26,9084.285533
74.93403,341,9087.800133
-11.812402,4,9087.878495
213.341913,1,9087.925236
108.57761,150,9089.578954
456.581949,263,9092.259582
589.264328,400,9096.409713
88.747909,341,9099.890269
-62.301695,55,9100.46407
271.562468,300,9103.617593
-3.954312,8,9103.735113
-44.083802,400,9107.841075
98.908128,341,9111.390499
86.766978,341,9114.933583
368.133126,243,9117.45309
486.309408,248,9120.349317
80.821573,341,9123.889503
233.298309,1,9123.937024
740.745045,400,9127.993931
696.073451,341,9131.437977
641.565797,300,9134.4879
233.298309,1,9134.53566
254.117692,133,9135.902395
111.114253,400,9139.979446
-23.123968,14,9140.156628
269.865186,300,9143.16941
65.884639,341,9146.652714
54.22795,341,9150.081673
652.368056,400,9154.270637
308.979935,178,9156.016826
218.677961,1,9156.064104
-5.630035,7,9156.172691
568.94056,300,9159.309048
82.754407,137,9160.724703
78.500635,341,9164.207205
77.774064,341,9167.770263
25.189683,22,9168.024555
-46.804281,86,9168.938561
755.056781,341,9172.536888
-32.645259,15,9172.759967
80.327427,341,9176.242847
59.603623,341,9179.804548
436.274473,300,9182.896084
217.135521,1,9182.948108
423.993532,300,9186.107512
82.090548,341,9189.656589
233.298523,1,9189.708489
754.204789,341,9193.19347
65.088794,341,9196.677726
85.666538,341,9200.18889
-97.644301,231,9202.539768
-20.315284,8,9202.694797
603.118729,341,9206.16764
442.923069,235,9208.566971
76.964261,341,9212.127545
256.771528,134,9213.519588
16.015369,17,9213.730242
-64.541737,341,9217.203287
72.471118,341,9220.686228
-19.472748,1,9220.733302
920.02806,400,9224.737306
206.588526,1,9224.789737
-16.971607,6,9224.887022
456.294048,284,9227.754431
439.891955,286,9230.772352
-13.09182,17,9230.976882
-40.684116,400,9235.055481
77.501227,341,9238.607746
12.209655,16,9238.803155
-21.588353,10,9238.939619
27.283945,85,9239.81452
719.877817,362,9243.734476
254.136618,133,9245.114276
254.139575,133,9246.482729
88.73941,341,9250.000065
-30.878325,300,9253.140691
-26.596368,400,9257.239086
-45.22113,300,9260.274041
608.933649,300,9263.388229
558.976506,300,9266.47279
-39.131314,84,9267.363739
-9.12739,21,9267.605778
254.145859,133,9268.983624
325.784833,400,9273.090375
-20.11156,1,9273.137491
623.116664,300,9276.258713
-20.409778,1,9276.310448
-27.715546,400,9280.434009
618.202998,300,9283.623939
-80.961338,300,9286.70462
285.473091,149,9288.221532
-41.75279,341,9291.713363
886.267993,400,9296.021394
658.910989,330,9299.384578
-11.378252,400,9303.638896
100.882113,341,9307.110757
716.751457,341,9310.736318
-18.471294,3,9310.801895
-19.497058,1,9310.85212
10.382151,15,9311.031246
71.241208,341,9314.598265
-20.195939,1,9314.651343
-23.990701,400,9318.818372
731.590805,341,9322.250491
252.704329,132,9323.695975
311.709301,162,9325.296118
-11.797397,400,9329.419757
-15.999063,2,9329.477463
-3.870703,26,9329.92129
-33.234274,400,9333.991722
32.964436,25,9334.309474
52.818845,341,9337.776219
-7.316793,400,9341.908016
-34.509926,94,9342.900059
426.94837,220,9345.178316
-21.484117,400,9349.308026
108.736492,341,9352.769042
677.174722,341,9356.253882
636.677149,325,9359.612758
582.055422,341,9363.184464
233.298523,1,9363.234887
-2.649824,28,9363.584185
233.298523,1,9363.635365
87.43022,341,9367.229803
56.537866,111,9368.398407
233.298523,1,9368.445345
756.183346,341,9372.041528
647.878616,341,9375.541489
-22.478298,16,9375.740246
695.420664,341,9379.226828
53.53912,341,9382.778684
-20.338433,2,9382.837217
1063.902523,300,9385.911132
-15.271814,400,9390.051057
32.551878,26,9390.379452
-26.463661,400,9394.466825
-99.503952,199,9396.51594
359.352725,194,9398.60144
37.261571,341,9402.153774
254.435732,133,9403.53384
394.80008,211,9405.739744
586.161132,300,9408.889129
-40.902583,400,9413.028215
111.291253,256,9415.667223
233.298523,1,9415.71811
233.298523,1,9415.766301
-12.311583,15,9415.953291
1061.093689,300,9419.116509
233.298523,1,9419.164556
22.876252,21,9419.490604
685.198368,400,9423.646837
-26.18074,30,9424.015891
417.095562,215,9426.338326
79.070147,341,9429.874327
-21.164063,5,9429.960583
-21.88062,12,9430.116077
624.116668,300,9433.247733
386.472576,199,9435.41491
-17.520551,4,9435.492723
1002.623333,300,9438.580621
1103.309338,300,9441.695394
233.298523,1,9441.742412
-22.809374,19,9441.965187
233.298523,1,9442.010942
776.786279,396,9446.034979
32.458824,26,9446.365249
-5.606509,26,9446.653615
166.892332,400,9450.698031
217.227224,1,9450.750442
892.335371,400,9454.965405
72.422017,341,9458.507824
-34.159422,25,9458.793194
101.510352,341,9462.305102
481.470735,300,9465.503541
294.28301,400,9469.665802
4.850634,1,9469.719132
-25.041617,6,9469.81623
358.744264,185,9471.687963
80.003002,341,9475.249053
73.616315,341,9478.69707
252.670624,132,9480.065073
-1.875044,400,9484.275448
-94.396209,400,9488.473965
472.73434,251,9491.03552
-20.236176,1,9491.082688
-41.344111,52,9491.662993
-28.166022,24,9491.933881
887.861969,400,9496.140427
754.861211,341,9499.58674
-24.519456,36,9499.979175
754.094907,341,9503.794994
-23.962559,400,9507.862422
94.348079,56,9508.4473
252.675087,132,9509.760457
434.774008,231,9512.205756
-32.150561,65,9512.871812
-39.205155,400,9517.025796
-36.627342,400,9521.378441
233.298309,1,9521.429838
-20.203479,1,9521.476458
1140.864518,300,9524.607857
-24.0624,15,9525.220192
619.662464,341,9528.722724
753.067251,341,9532.287526
8.152233,14,9532.503466
233.298523,1,9532.549871
-27.472167,400,9536.640863
48.733409,341,9540.12862
524.074547,300,9543.200802
419.301714,224,9545.544331
76.543407,341,9548.99913
561.362139,300,9552.04087
54.430851,341,9555.517432
727.604574,341,9559.074985
86.523685,341,9562.628772
728.747308,400,9566.684402
53.815519,36,9567.077467
-24.439066,4,9567.15567
94.67445,341,9570.635221
628.435806,300,9573.752414
-21.649725,1,9573.806893
250.637116,131,9575.209328
233.298523,1,9575.261148
-14.378882,11,9575.403967
62.462854,341,9578.968137
113.049227,256,9581.682107
-6.529497,400,9585.801216
721.652719,400,9590.068757
23.284767,341,9593.546489
47.463759,341,9597.197217
58.92622,341,9600.667236
258.932767,135,9602.093568
-18.000492,1,9602.14057
229.697181,234,9604.513001
607.397038,387,9608.536669
90.628273,341,9612.014355
233.298523,1,9612.066282
250.631054,131,9613.531113
237.746864,129,9614.838511
70.198248,341,9618.400163
-39.433059,33,9618.804982
91.204134,341,9622.329611
1061.762239,300,9625.409404
1054.451946,300,9628.482947
215.714295,1,9628.534389
94.307073,341,9632.119223
628.76906,300,9635.276763
45.165229,341,9638.75144
1066.117322,300,9641.90266
-26.005481,29,9642.223945
63.144737,341,9645.773275
84.139009,341,9649.403787
212.516143,1,9649.455111
84.257184,341,9652.973669
384.034121,206,9655.033954
44.423214,341,9658.562909
-8.965554,20,9658.794481
100.63665,341,9662.485979
1065.322723,300,9665.638602
250.77664,131,9667.033689
733.290798,400,9671.148785
294.102813,400,9675.319939
115.725354,264,9678.07253
65.01328,341,9681.592633
-17.859047,1,9681.643307
87.337166,341,9685.091726
-31.851907,27,9685.395644
140.490138,302,9688.484284
1004.14504,300,9691.509751
642.872632,300,9694.575546
891.443853,400,9698.702239
-24.544155,3,9698.767876
29.660449,341,9702.362531
233.298523,1,9702.409492
736.206623,400,9706.622339
145.57752,312,9709.91033
233.298523,1,9709.961724
233.298523,1,9710.00775
553.384038,300,9713.120184
627.098869,300,9716.165298
77.248551,341,9719.684209
76.833886,341,9723.212497
751.9487,341,9726.745059
0.850066,341,9730.26199
629.778003,300,9733.379509
59.42591,341,9736.831051
8.265787,195,9739.07632
233.298309,1,9739.12925
748.922812,341,9742.615487
418.586371,238,9745.125578
106.151446,341,9748.591912
233.298523,1,9748.639034
76.916742,341,9752.259314
723.183984,400,9756.310181
233.298523,1,9756.357527
401.249219,230,9758.711398
-47.261113,78,9759.622568
40.058068,341,9763.140355
33.384077,26,9763.475556
-20.242107,1,9763.523093
616.087252,341,9766.973823
259.500811,143,9768.482127
86.281456,341,9772.051507
622.979998,300,9775.06105
530.36329,277,9777.915504
24.019759,173,9779.792814
750.334111,341,9783.275296
897.767645,400,9787.46179
-20.764731,1,9787.513403
10.175467,15,9787.695444
886.410077,400,9791.89834
264.501406,138,9793.365789
421.736244,262,9796.057613
416.65494,233,9798.49189
78.848615,341,9801.94968
75.76273,341,9805.510792
212.948698,1,9805.558492
206.162051,1,9805.609214
218.553042,202,9807.710657
-26.360693,400,9811.786663
910.946999,400,9815.964738
76.798847,341,9819.581925
241.778484,1,9819.633936
-20.221905,1,9819.680218
659.315613,341,9823.197747
547.85284,300,9826.347467
64.501953,341,9829.848713
65.659757,328,9833.295892
264.52186,138,9834.75497
262.560302,137,9836.169943
-20.209714,1,9836.217765
614.339835,300,9839.334949
-17.48516,5,9839.42509
77.529731,341,9842.975457
414.352172,239,9845.452877
80.752263,341,9848.923094
231.983207,1,9848.975786
1090.455011,300,9852.183933
894.844431,400,9856.325521
671.687526,341,9859.965087
262.548693,137,9861.39258
-77.428895,37,9861.831161
32.639264,341,9865.382492
233.298523,1,9865.430158
233.298523,1,9865.484083
59.864324,341,9868.996932
233.298523,1,9869.049886
495.785472,348,9872.608725
162.76754,400,9876.651003
68.012333,341,9880.198515
211.369085,1,9880.250662
963.242665,300,9883.357389
-2.614158,33,9883.757745
74.14176,341,9887.227832
752.683545,341,9890.701807
748.277893,341,9894.204043
286.933479,244,9896.800588
-10.366401,23,9897.096785
18.261666,19,9897.320761
893.306421,400,9901.506505
411.574531,257,9904.204394
749.696532,341,9907.668813
-24.262212,24,9907.9419
233.298309,1,9907.989034
697.054943,400,9912.0657
72.442138,341,9915.590799
80.70068,341,9919.083147
-9.982296,5,9919.173397
606.450716,341,9922.643194
-7.516043,24,9922.954822
91.0672,341,9926.429291
-23.74155,17,9926.632989
-20.15969,1,9926.685231
233.298523,1,9926.731141
-13.950417,3,9926.801505
698.011097,300,9929.90617
233.298523,1,9929.953638
-27.724659,7,9930.108781
311.948551,400,9934.18091
233.298523,1,9934.227422
233.298523,1,9934.278224
-21.002604,6,9934.375314
153.20806,303,9937.518064
1064.477633,300,9940.543951
233.298523,1,9940.595606
213.465842,1,9940.642584
-3.204315,341,9944.10937
57.341852,341,9947.583188
748.086236,341,9951.118737
750.277909,341,9954.664629
-18.000172,1,9954.718101
-20.020775,1,9954.764601
2.154956,11,9954.913912
63.770616,341,9958.374052
0.079343,10,9958.511294
299.886934,400,9962.682995
82.214091,341,9966.179579
233.298523,1,9966.228586
233.298523,1,9966.279353
678.005913,400,9970.426835
-21.362798,14,9970.642399
210.460057,1,9970.689928
1063.536916,300,9973.754328
82.083155,341,9977.295582
-33.688933,44,9977.842839
-17.812215,105,9978.947397
-66.384852,341,9982.422304
-55.275607,400,9986.713588
311.517849,400,9990.805435
233.298523,1,9990.853219
233.298523,1,9990.904485
45.61997,128,9992.234174
438.357306,300,9995.39857
731.771344,341,9998.967309
628.3501,300,10001.986909
1081.398118,300,10005.234782
578.248452,300,10008.274508
-79.333386,204,10010.502007
865.348425,273,10013.431931
233.298652,1,10013.479908
148.257572,341,10016.967814
-10.235314,341,10020.524032
-9.126901,21,10020.771389
630.706631,300,10023.932281
-16.443784,341,10027.538416
1030.799976,300,10030.637388
260.35725,136,10032.083635
52.752904,156,10033.730122
256.256393,134,10035.196545
30.488845,25,10035.483628
653.016234,341,10039.089142
207.486799,1,10039.140239
62.574249,341,10042.612216
237.946914,1,10042.664062
-24.117107,29,10043.057089
-19.446106,1,10043.108913
256.24866,134,10044.5685
233.298309,1,10044.615888
81.917866,137,10046.102611
-39.454327,341,10049.702997
-4.478323,28,10050.014745
7.531279,13,10050.183394
9.944066,106,10051.373514
85.267693,141,10052.91828
-7.683698,6,10053.01598
30.473755,340,10056.521589
587.905767,300,10059.634258
560.023486,300,10062.868405
-46.584548,73,10063.63266
749.985425,341,10067.148355
513.769077,300,10070.246045
-35.248448,28,10070.56136
233.298309,1,10070.612695
-20.170887,300,10073.889326
800.157229,400,10078.021627
218.432403,1,10078.07029
59.240532,341,10081.580966
72.24442,341,10085.156846
87.499267,139,10086.591327
-20.748556,3,10086.658927
206.160003,1,10086.709756
233.298309,1,10086.75659
583.901923,300,10089.904736
1.193923,10,10090.04217
89.216248,139,10091.554369
260.397387,137,10092.915232
73.400561,341,10096.451267
208.814723,1,10096.498128
750.354595,341,10100.133752
12.147278,17,10100.337287
-17.989065,1,10100.388124
626.266258,300,10103.465908
591.681377,300,10106.589953
86.755428,400,10110.844032
233.298523,1,10110.891221
751.604981,341,10114.292707
-5.477691,56,10114.926241
233.298309,1,10114.974071
233.298523,1,10115.027026
-23.396508,22,10115.279411
88.227625,141,10116.893394
88.462423,400,10121.103719
-20.642098,1,10121.155912
-20.238815,1,10121.203427
-24.943333,33,10121.681304
224.601112,1,10121.728487
1066.018701,300,10124.899657
-1.551578,9,10125.02684
641.560372,341,10128.55595
77.741983,144,10130.075776
-21.638992,6,10130.174148
1069.91733,300,10133.35533
86.433993,141,10134.864913
-10.055199,18,10135.084309
39.494349,29,10135.404027
79.557964,341,10139.066932
616.26564,300,10142.160481
652.354899,341,10145.900969
235.676866,1,10145.952531
86.183392,341,10149.457546
68.954119,341,10152.991182
749.057437,341,10156.61999
-18.494199,3,10156.689855
576.018921,300,10159.813018
232.91717,1,10159.86079
-21.205585,3,10159.930488
233.298523,1,10159.976766
76.107264,218,10162.406046
-16.579969,75,10163.174705
666.931221,300,10166.933401
222.363713,1,10166.982456
77.24422,215,10169.197477
663.051253,341,10172.77205
627.74984,300,10176.002333
1044.378207,300,10179.092339
-20.009699,1,10179.142987
-10.097623,16,10179.337282
916.88608,400,10183.452341
155.166689,400,10187.618294
674.446541,339,10191.116354
46.098372,113,10192.29659
183.65023,400,10196.396245
60.934628,341,10199.938638
127.690794,262,10202.713645
625.254451,300,10205.819336
65.12229,341,10209.436326
233.298523,1,10209.483325
188.042135,400,10213.641175
233.298523,1,10213.692631
-15.582163,8,10213.810258
105.927889,341,10217.362019
886.435049,400,10221.50491
731.808823,341,10225.003751
34.606805,400,10229.172064
131.830544,283,10232.065049
-26.004186,29,10232.433239
-16.582051,106,10233.581042
569.758898,286,10236.562671
313.715681,162,10238.243498
317.790233,164,10240.002773
116.567555,341,10243.519894
127.364223,159,10245.149817
24.388922,22,10245.443577
233.298523,1,10245.493167
523.766228,400,10249.621168
-41.927938,71,10250.403186
78.475807,341,10253.948699
1059.527258,300,10257.191732
896.57698,400,10261.353579
113.268503,341,10264.881768
260.493383,136,10266.286009
150.321594,341,10269.9065
749.417047,341,10273.377404
-20.22002,1,10273.423883
40.357947,108,10274.626625
264.55822,138,10276.008933
93.160603,341,10279.561314
1141.708464,300,10282.589932
16.601812,400,10286.791162
67.350286,341,10290.313225
233.298523,1,10290.364701
233.298523,1,10290.412376
225.983037,1,10290.462807
550.477794,283,10293.432633
126.629618,341,10296.905204
106.921009,341,10300.382389
516.158455,400,10304.497138
412.126383,217,10306.77854
89.814552,341,10310.309719
441.858405,229,10312.719093
751.893569,341,10316.191573
116.67059,341,10319.667975
211.216153,1,10319.715664
73.725855,341,10323.241305
244.55731,1,10323.28793
260.364969,136,10324.698978
463.035724,245,10327.256425
233.298523,1,10327.303453
209.586319,1,10327.353479
437.423045,400,10331.538102
233.298523,1,10331.585075
14.879606,17,10331.789088
25.164569,22,10332.040416
752.676936,341,10335.569104
391.363283,227,10338.025446
217.015003,1,10338.075362
57.894273,341,10341.661467
60.017672,341,10345.143774
190.336123,400,10349.270504
64.110287,341,10352.774761
-22.507736,280,10355.653403
-8.980605,20,10355.885833
755.184751,341,10359.400388
44.035618,341,10363.035982
660.416199,336,10366.463867
802.280895,341,10370.018847
56.962564,341,10373.467706
45.621802,341,10377.009749
233.298523,1,10377.061594
59.799963,141,10378.513076
-23.738442,17,10378.723074
379.147081,261,10381.568853
1078.257201,300,10384.7377
-22.779852,400,10388.921497
579.710565,289,10392.002834
233.298309,1,10392.050229
60.906691,143,10393.545619
218.582136,1,10393.594457
58.46816,341,10397.093627
747.170064,341,10400.621037
6.133228,13,10400.797247
-8.111218,15,10400.980229
542.690895,300,10404.056854
125.897323,341,10407.536574
148.557424,291,10410.563262
91.919201,341,10414.116659
670.463244,300,10417.256295
252.643542,132,10418.746928
738.308472,259,10421.351549
552.934172,387,10425.469484
760.420275,400,10429.545638
-20.915819,400,10433.730981
637.224316,300,10436.774435
526.457002,266,10439.574326
-43.275129,35,10439.957078
69.365447,202,10442.088112
910.980972,400,10446.170299
36.643548,28,10446.482746
692.688055,400,10450.701345
256.770698,134,10452.179456
13.642284,341,10455.696861
68.901468,341,10459.405252
715.2496,341,10462.936055
-15.946115,8,10463.054714
-32.153147,34,10463.43048
68.435166,341,10466.953461
-25.831406,21,10467.199995
233.298523,1,10467.246872
683.418993,400,10471.472407
889.656485,400,10475.707384
186.631879,400,10479.893876
233.298523,1,10479.94603
533.835946,300,10483.110519
654.808659,400,10487.360467
407.630334,243,10489.833003
-26.952033,19,10490.059342
593.718507,300,10493.240474
-34.856166,43,10493.70524
112.179885,341,10497.24135
894.500654,400,10501.348305
96.511894,341,10504.884741
-17.881031,1,10504.93571
629.296381,341,10508.448989
-9.765909,16,10508.645369
897.962471,400,10512.796389
-11.997935,4,10512.875455
534.84238,400,10517.02184
32.434074,357,10520.672391
747.563433,341,10524.203277
-4.516497,28,10524.518044
-78.646212,132,10525.919175
56.088754,341,10529.58592
233.298523,1,10529.632384
-69.416516,341,10533.267605
-20.383289,8,10533.386132
84.984453,341,10536.883755
266.960536,139,10538.368529
712.480484,341,10541.88994
1060.058652,300,10544.973361
96.674786,341,10548.611775
748.708582,341,10552.168797
594.018617,300,10555.284468
82.847531,341,10558.80893
442.059497,236,10561.356311
676.446263,342,10564.866821
233.298523,1,10564.913926
728.589308,341,10568.39799
233.298309,1,10568.445471
128.030385,400,10572.679484
590.689397,300,10575.809354
664.351384,340,10579.319694
751.306791,341,10583.014038
125.198336,341,10586.521697
62.478595,341,10589.997892
-20.993929,300,10593.211163
443.995391,237,10595.66697
785.356921,400,10600.11573
37.203808,27,10600.460017
121.342326,341,10604.021152
598.173734,300,10607.116627
428.942055,228,10609.488657
-9.48184,17,10609.731754
1133.643106,300,10612.826928
1037.354931,300,10615.94896
406.311121,278,10618.915728
68.881917,341,10622.374499
-48.535666,300,10625.535626
690.218373,300,10628.584067
86.189915,292,10631.718959
-22.64952,300,10634.781132
12.846692,16,10635.013578
-18.893292,2,10635.074922
752.671554,341,10638.615876
-18.753623,300,10641.751545
887.142816,400,10645.937312
233.298523,1,10645.984257
78.446972,341,10649.624016
753.104651,341,10653.129079
753.221165,341,10656.592245
1197.225083,300,10659.747467
750.760471,341,10663.183145
81.081351,341,10666.735155
-6.185557,25,10667.017961
535.909447,400,10671.066591
408.615916,210,10673.277843
4.7526,341,10677.011614
1.187703,10,10677.147147
38.037495,341,10680.657389
819.365558,400,10684.995316
-26.286981,34,10685.363893
725.310688,300,10688.450791
568.178945,400,10692.575132
-7.709486,400,10696.778477
151.13883,341,10700.260777
436.444124,234,10702.613285
-25.841988,27,10702.952879
752.962635,341,10706.43376
100.795743,400,10710.42116
233.298309,1,10710.46763
438.092663,226,10712.827573
-19.231144,400,10716.894878
458.704711,236,10719.292586
406.742642,236,10721.800009
233.298523,1,10721.851772
746.938567,380,10725.786599
1057.867409,300,10728.911576
413.427023,221,10731.255687
463.128999,236,10733.667876
1085.569732,300,10736.735108
-30.100562,341,10740.322043
523.125023,300,10743.39093
641.698168,300,10746.406017
289.643838,150,10748.053694
233.298309,1,10748.100722
537.040974,300,10751.368221
-13.224019,400,10755.418207
597.68314,400,10759.502025
541.317143,300,10762.604193
98.8734,341,10766.154483
673.243181,400,10770.28729
554.748088,341,10773.712763
-3.950772,8,10773.869058
1050.414936,300,10776.945348
532.278726,370,10780.753145
-22.715123,17,10780.959206
-25.755216,35,10781.333801
211.045905,1,10781.384878
411.470458,222,10783.701966
475.090009,253,10786.261078
652.563721,300,10789.401983
-9.982311,5,10789.491634
-80.571803,341,10793.006262
888.229849,400,10797.274053
233.298523,1,10797.325058
81.553848,221,10799.57543
645.798753,300,10802.784074
95.506338,341,10806.315628
750.665474,341,10809.776784
117.444923,400,10813.987186
583.782974,300,10817.134211
-2.306608,341,10820.630877
536.355783,285,10823.709988
226.532609,1,10823.762235
-19.957584,400,10827.929001
583.762293,400,10831.991035
107.999527,341,10835.626145
233.298523,1,10835.677496
556.751553,300,10838.74991
167.955887,92,10839.79991
6.214295,341,10843.382827
-21.169054,17,10843.589295
3.759154,341,10847.046616
-21.506603,10,10847.182616
-18.404978,3,10847.253575
912.008463,400,10851.43432
718.724537,341,10854.964825
692.942512,400,10859.108413
0.527531,10,10859.245509
379.359126,195,10861.307666
675.703872,300,10864.470182
25.162364,22,10864.726015
233.298523,1,10864.773088
8.093443,341,10868.28892
-33.504943,26,10868.583904
421.010532,225,10870.879424
1053.372405,300,10873.953695
449.758017,241,10876.501664
79.487067,341,10880.011434
-22.498506,400,10884.223602
-20.304866,1,10884.274634
-27.775035,400,10888.490531
-7.825836,22,10888.784855
165.220153,400,10892.808838
896.550494,400,10896.896934
119.197107,262,10899.626101
756.521923,341,10903.114274
445.557109,241,10905.681636
540.932533,300,10908.87362
21.063428,20,10909.108298
417.352671,224,10911.371622
-12.225251,400,10915.694677
44.646789,32,10916.044267
233.298523,1,10916.090613
325.920597,168,10917.811073
549.787372,300,10920.955682
92.980273,341,10924.48667
166.929519,400,10928.562382
752.725302,400,10932.688471
84.29359,341,10936.192968
-36.540557,82,10937.185675
437.747108,235,10939.598578
1056.887846,300,10942.721973
748.238986,341,10946.266989
-5.354836,400,10950.414551
233.298523,1,10950.46666
-30.630752,341,10953.972968
582.304311,400,10958.133705
103.390294,277,10961.022158
738.400171,341,10964.544012
549.2573,282,10967.482348
-11.797786,341,10971.091569
1106.54982,300,10974.278453
576.814067,300,10977.306833
-23.015653,21,10977.586933
-22.247624,96,10978.600587
2.435245,11,10978.748506
233.298523,1,10978.79483
509.613975,400,10982.879344
580.956012,290,10985.91617
885.324592,400,10990.005696
-19.318013,341,10993.59791
85.359723,222,10995.880773
886.277839,400,10999.987952
561.17571,300,11003.147225
233.298523,1,11003.194681
752.238995,341,11006.730268
233.298523,1,11006.776928
436.348465,233,11009.237828
233.298523,1,11009.284277
79.239181,341,11012.834818
88.145114,341,11016.440035
552.738642,400,11020.580929
437.531096,233,11023.070235
751.519844,341,11026.68061
660.053346,300,11029.814543
650.242195,300,11032.933462
130.628661,400,11037.059211
745.189722,341,11040.626937
-21.550082,1,11040.67494
563.009635,300,11043.818658
560.824173,300,11046.931732
233.298523,1,11046.98363
-5.623906,26,11047.273643
-20.21978,1,11047.319884
447.865096,239,11049.768361
866.930412,400,11053.963022
739.487224,400,11058.106307
464.464674,239,11060.679907
142.294747,400,11064.753555
-83.192377,200,11066.932709
438.512925,234,11069.48935
-11.788956,4,11069.568892
93.247183,341,11073.103306
118.837101,400,11077.134218
470.076276,320,11080.454659
-11.258034,17,11080.656102
208.816488,1,11080.706931
721.607159,341,11084.359463
97.156314,341,11087.994749
483.237752,247,11090.467841
154.939993,176,11092.382478
566.470074,300,11095.451364
-51.652519,21,11095.694806
712.577491,400,11099.799363
553.154104,400,11104.005829
491.362313,262,11106.7145
3.932333,341,11110.19876
78.402988,341,11113.697308
439.875713,236,11116.188987
668.822822,300,11119.215875
713.594096,300,11122.380933
-13.880057,12,11122.537985
434.580865,231,11124.853749
98.512722,341,11128.322254
-184.475415,341,11131.829697
-160.017749,341,11135.341553
431.429449,229,11137.735897
653.826844,300,11140.862457
649.662637,300,11143.998359
-22.915299,13,11144.171093
-46.032066,73,11145.038358
439.600887,226,11147.30226
142.303287,341,11150.855097
233.298523,1,11150.901902
233.298523,1,11150.952227
416.451157,214,11153.262151
1105.669057,300,11156.394735
177.529745,400,11160.490907
118.966415,341,11164.043875
714.058508,341,11167.554664
-12.836013,14,11167.730541
682.171012,341,11171.155307
695.8409,341,11174.684291
-7.856428,22,11174.971194
-19.500001,1,11175.017679
647.125307,300,11178.146572
16.092024,18,11178.364975
693.0593,341,11181.878688
162.547909,180,11183.698766
106.250959,178,11185.540596
1080.541438,300,11188.665142
233.298309,1,11188.711502
14.694381,17,11188.915217
-0.924972,9,11189.038744
-20.226177,1,11189.090201
231.029602,400,11193.2494
84.404521,341,11196.734664
38.627103,105,11197.793019
621.98183,341,11201.33037
-42.621234,39,11201.79788
84.405751,341,11205.35974
736.494789,341,11208.83409
1059.188669,300,11212.273298
129.517106,281,11215.202143
932.755827,300,11218.3894
296.12646,400,11222.537322
479.010239,341,11226.089561
-47.89924,68,11226.827069
-43.114415,41,11227.265261
233.298523,1,11227.316619
1011.784401,300,11230.506362
-13.878991,341,11234.060626
101.017852,185,11236.001027
563.547458,400,11240.209946
462.983252,249,11242.81563
474.315417,321,11246.091859
-2.80698,33,11246.540151
92.856493,341,11249.997576
152.851814,355,11253.646073
1050.960524,300,11256.757962
210.26537,1,11256.809529
465.352155,250,11259.363182
607.473987,341,11262.923356
233.298523,1,11262.976549
467.561293,250,11265.578222
101.907181,341,11269.100055
0.715603,39,11269.5648
15.538751,108,11270.69654
233.298523,1,11270.74311
650.890085,300,11273.786428
-13.386463,13,11273.956827
94.389962,341,11277.499718
233.298523,1,11277.551287
90.306785,193,11279.517941
97.510786,341,11283.019332
721.332539,400,11287.188324
-20.231068,2,11287.248357
139.881795,341,11290.786682
233.298523,1,11290.83823
220.627148,1,11290.884742
558.256815,300,11294.024064
52.826318,183,11295.964887
233.298523,1,11296.011583
499.226694,341,11299.634293
110.628726,341,11303.17033
-63.127887,98,11304.165826
-11.81723,16,11304.359926
109.717002,341,11307.914975
72.348279,341,11311.45625
77.31506,341,11314.981221
81.61313,400,11319.12538
96.432924,341,11322.67028
-20.170314,1,11322.721539
96.351718,341,11326.292512
477.509142,253,11328.834026
413.663829,288,11331.840798
-3.264971,32,11332.19258
87.154844,400,11336.270614
659.530452,341,11339.743824
718.263888,400,11343.815786
233.298523,1,11343.867347
-10.134079,18,11344.080235
464.712079,249,11346.671945
128.154537,341,11350.275449
579.443768,400,11354.42458
429.684405,250,11357.05529
581.633059,300,11360.135976
-10.038711,18,11360.348788
437.369262,300,11363.508332
414.071268,341,11367.043581
233.298523,1,11367.100397
638.725603,300,11370.178212
639.748267,300,11373.221374
754.810048,341,11376.719069
-21.61483,7,11376.828997
675.008392,341,11380.362947
588.676547,300,11383.420456
441.138102,341,11386.888461
97.51831,341,11390.453805
470.87705,341,11393.985732
447.114765,341,11397.525566
92.028855,341,11401.074109
721.733107,400,11405.143539
74.506376,341,11408.605989
-21.495076,1,11408.656916
757.840442,341,11412.239799
1109.366879,300,11415.298782
82.198173,341,11418.872778
392.558418,236,11421.365372
749.215114,341,11424.833817
139.459324,341,11428.345894
-10.726008,18,11428.561257
233.298523,1,11428.60803
608.725577,304,11431.797277
84.999905,341,11435.260927
1064.04691,300,11438.41398
131.280232,190,11440.35954
651.835475,300,11443.37807
-27.389101,10,11443.514187
893.049089,400,11447.636565
-17.752939,324,11451.01943
501.628923,265,11453.74789
77.926173,400,11457.830036
214.112589,1,11457.881815
59.110243,400,11462.201892
226.487527,1,11462.248861
-25.71642,23,11462.511951
92.306143,341,11465.987126
20.330085,20,11466.26267
540.88878,300,11469.43032
233.298523,1,11469.482653
85.398883,341,11472.928105
73.380623,400,11477.053361
645.524339,341,11480.738732
562.476068,281,11483.541323
126.691247,341,11487.026469
640.745693,300,11490.124517
54.184477,400,11494.255565
-7.282559,6,11494.354269
-8.921177,21,11494.595845
117.064624,341,11498.162803
-21.557494,1,11498.21029
233.298523,1,11498.260723
213.595621,1,11498.306814
79.247745,341,11501.792658
377.968861,199,11503.892883
736.063516,341,11507.489921
622.853578,341,11510.949924
233.298523,1,11511.002616
-56.084806,315,11514.325706
-20.235354,1,11514.377931
-23.882045,400,11518.460545
233.298523,1,11518.50827
636.674711,300,11521.607051
90.12335,341,11525.190344
-41.970069,121,11526.413703
125.271452,341,11530.021088
-3.880624,26,11530.316296
1.192556,321,11533.596776
-23.067547,30,11533.926031
112.507181,341,11537.485759
1073.325364,300,11540.522588
-23.695694,30,11540.85223
465.848927,296,11543.908662
639.50286,300,11547.035904
-31.812875,40,11547.462872
71.298057,341,11550.951956
-16.956503,101,11552.073008
696.597237,341,11555.610781
48.239689,117,11556.785946
233.298523,1,11556.833076
956.469399,300,11560.095186
-19.449317,1,11560.147766
666.945496,300,11563.318717
233.298309,1,11563.366084
737.218054,341,11566.968904
30.408448,25,11567.250611
894.495065,400,11571.359987
118.233944,341,11574.830863
-19.72308,341,11578.32725
-35.425052,10,11578.464595
548.123715,300,11581.56436
751.665705,341,11585.181763
533.038897,300,11588.275028
1066.518079,300,11591.408083
119.360841,341,11594.94648
462.539371,247,11597.50725
230.51711,1,11597.554156
755.775439,341,11601.061541
-29.189746,400,11605.155023
27.567,341,11608.693611
233.298523,1,11608.746279
233.298523,1,11608.792434
753.640591,341,11612.433975
885.772134,400,11616.546407
710.32053,400,11620.622581
233.298523,1,11620.66985
233.298523,1,11620.721084
58.516207,341,11624.368598
744.750592,341,11627.991478
121.360075,341,11631.599867
60.388592,341,11635.17675
207.783981,1,11635.223974
-21.964751,400,11639.285184
539.623361,300,11642.375747
14.928161,17,11642.58487
619.942638,317,11645.856412
622.098965,300,11648.949789
83.665791,341,11652.531988
83.457341,341,11656.128458
-29.186591,17,11656.339967
456.54515,243,11658.974866
217.604303,1,11659.028766
50.269492,341,11662.518224
588.056334,320,11665.850914
582.783741,300,11668.959825
-17.999867,1,11669.011159
713.613471,400,11673.151582
-80.564303,43,11673.660462
727.843792,341,11677.112643
694.559952,341,11680.595069
724.087962,400,11684.6888
-19.432183,1,11684.740752
52.240398,341,11688.293709
49.438374,341,11691.799918
767.582441,341,11695.321559
732.850302,229,11697.68501
-28.126929,29,11698.000217
106.586933,341,11701.602188
707.781926,341,11705.165258
707.499133,341,11708.653321
1297.398387,288,11711.556906
233.298519,1,11711.604006
653.145139,300,11714.738695
450.671244,240,11717.364091
-17.243638,5,11717.454889
90.961617,341,11720.941014
85.463287,217,11723.207001
471.156331,321,11726.580295
555.133705,300,11729.682981
-21.555366,1,11729.739572
-3.914748,31,11730.079239
698.256782,341,11733.657667
643.481596,300,11736.806267
654.258608,335,11740.352557
-19.955662,89,11741.264391
-20.0726,1,11741.310544
61.016874,246,11743.946606
-27.425192,400,11748.099563
28.702048,23,11748.363732
75.596996,341,11751.959218
752.455597,341,11755.489446
84.413801,341,11759.136296
198.30272,105,11760.210146
81.705876,400,11764.45791
550.89472,300,11767.502455
1075.870127,300,11770.586922
548.509846,286,11773.600621
-42.835962,400,11777.68432
-23.69498,400,11781.857174
211.629976,1,11781.903657
-17.965107,1,11781.955808
61.537785,162,11783.848909
538.977696,300,11786.859672
623.223451,300,11789.991505
116.170323,341,11793.560764
555.51724,341,11797.106224
426.907292,213,11799.386511
233.296777,1,11799.438271
-17.56364,400,11803.51484
745.220071,341,11806.9703
233.298498,1,11807.022094
-50.654789,400,11811.16221
66.028069,341,11814.826852
-10.91373,17,11815.111398
1069.569812,300,11818.163864
111.933281,341,11821.707427
-48.042194,74,11822.46248
89.796929,341,11825.953005
59.117207,203,11828.051828
1075.095585,300,11831.213147
750.458911,341,11834.871202
-54.398087,400,11838.944113
233.297902,1,11838.991212
-16.916308,5,11839.080944
233.298189,1,11839.12739
722.521329,400,11843.245884
274.089963,300,11846.384527
637.061032,300,11849.493149
-20.117412,1,11849.544504
233.298547,1,11849.591516
661.645376,341,11853.12061
4.632196,12,11853.278474
8.670845,14,11853.456169
-15.947956,8,11853.57481
233.298458,1,11853.62194
47.652833,165,11855.351948
233.298521,1,11855.399457
491.935092,300,11858.466552
211.177456,1,11858.520849
233.29851,1,11858.566994
512.434853,341,11862.08174
640.353707,300,11865.346299
634.151671,341,11868.886485
-115.762312,341,11872.421463
1064.005591,300,11875.619543
111.194055,341,11879.131832
233.298412,1,11879.183594
213.522409,1,11879.230544
233.298416,1,11879.280766
122.734838,341,11882.758103
100.9966,341,11886.309381
-58.230443,300,11889.399462
608.537389,341,11892.887614
14.694754,218,11895.14487
60.675179,156,11896.754712
691.426412,341,11900.288573
-22.900389,13,11900.454338
414.599267,300,11903.622364
551.605862,341,11907.187893
113.335757,341,11910.637692
-15.065358,400,11914.766748
-6.860112,400,11919.009629
84.644526,341,11922.522074
651.462438,328,11926.015324
218.945253,1,11926.062921
233.298519,1,11926.116136
483.562779,333,11929.547115
233.29833,1,11929.598673
141.708571,400,11933.875171
651.731579,300,11936.972792
-40.575224,75,11937.773036
449.058584,300,11940.867844
727.183852,400,11945.068181
-34.718397,337,11948.651298
0.079318,10,11948.790891
698.924597,341,11952.32699
-22.01882,4,11952.406823
233.298506,1,11952.458065
233.298506,1,11952.504315
212.937639,1,11952.554548
233.298508,1,11952.603084
15.089912,108,11953.807275
70.650003,274,11956.552312
229.350353,1,11956.604051
69.919422,341,11960.241683
663.535098,341,11963.855962
-20.065301,1,11963.902381
233.298521,1,11963.954511
1058.235646,300,11967.059841
1054.55396,300,11970.139964
101.901259,341,11973.733486
752.989835,341,11977.272914
698.012658,341,11980.907426
729.611177,400,11985.091607
508.362631,332,11988.54852
-4.805101,29,11988.876621
99.243997,341,11992.530161
-27.425539,332,11995.950305
363.759278,198,11998.004021
18.126354,18,11998.257951
577.84604,370,12002.126492
18.177903,19,12002.353842
-28.933044,31,12002.774142
712.300106,400,12006.985242
-11.694343,400,12011.169068
-20.343377,1,12011.220772
225.362662,1,12011.267909
729.850896,400,12015.358348
-42.207235,121,12016.601568
-31.175011,93,12017.589176
243.613323,1,12017.640352
79.245885,341,12021.157181
233.29852,1,12021.209089
75.488232,341,12024.68055
-52.449591,37,12025.083213
21.110356,20,12025.319173
536.294598,300,12028.42998
13.568725,310,12031.617966
211.520895,1,12031.664999
705.26588,341,12035.27579
430.918176,341,12038.714456
110.928286,341,12042.360547
634.71347,300,12045.548738
527.518464,300,12048.739887
-23.837439,26,12049.036835
561.410521,300,12052.085146
-19.341185,1,12052.131925
566.210779,220,12054.434015
507.669802,300,12057.612403
757.437258,341,12061.051444
233.298073,1,12061.097875
754.860569,385,12065.152106
46.240143,400,12069.260514
241.000788,1,12069.307988
-10.177769,105,12070.462871
-10.862652,400,12074.63472
-21.586943,10,12074.771894
10.355378,400,12078.819302
632.202345,300,12082.087714
-21.643957,1,12082.134896
37.313729,400,12086.349367
-21.671963,1,12086.401448
48.737643,154,12088.086446
97.050618,341,12091.580181
113.889085,341,12095.122825
1056.100751,300,12098.233961
611.224737,314,12101.390087
-21.456061,16,12101.586027
1058.914265,300,12104.692908
-7.835514,22,12104.951364
515.368423,263,12107.756742
-59.02891,76,12108.617164
233.298519,1,12108.668965
108.012779,341,12112.300743
1089.412929,300,12115.474404
618.025349,300,12118.588362
408.408698,219,12120.936982
10.644431,15,12121.118383
543.842828,300,12124.289891
-17.787099,4,12124.368499
713.431125,341,12127.982498
705.180637,341,12131.459671
121.808317,341,12134.984942
-13.360062,13,12135.148373
543.359439,300,12138.235399
660.73252,333,12141.809565
1059.533259,300,12144.906106
26.031253,400,12149.120394
568.469694,341,12152.63623
233.298503,1,12152.687978
-28.396932,400,12156.834797
1060.444199,300,12159.933392
109.019217,341,12163.473305
544.15641,341,12167.001292
749.179995,341,12170.556982
529.344063,329,12173.946558
233.298213,1,12173.993791
-12.33724,15,12174.261893
-7.17821,25,12174.583266
-1.72082,9,12174.713881
366.634876,341,12178.254534
53.957529,36,12178.645388
893.838137,400,12182.790295
732.189082,341,12186.284006
119.035314,341,12189.894324
233.298458,1,12189.945981
233.318018,1,12189.99285
745.984115,341,12193.521592
102.035486,341,12197.049521
14.011422,17,12197.25935
396.798932,212,12199.540409
233.298454,1,12199.586881
1337.600373,277,12202.460653
296.238208,248,12205.128842
614.70711,300,12208.242775
86.609099,341,12211.715247
-15.674899,8,12211.832902
729.564958,341,12215.514889
-14.411891,11,12215.659254
756.888776,341,12219.151713
118.858892,341,12222.650813
7.949234,108,12223.744702
735.397999,341,12227.289795
745.684162,376,12231.143208
-13.150378,73,12231.927469
-6.993108,21,12232.177891
-19.431033,1,12232.233378
879.938478,400,12236.424995
564.145532,371,12240.273952
-1.41996,341,12243.761631
-11.974221,4,12243.840164
233.298277,1,12243.890895
660.46827,341,12247.655311
85.661979,341,12251.235542
-14.917568,10,12251.37357
773.366714,341,12255.549188
296.786709,155,12257.094108
217.335184,1,12257.141032
487.801158,258,12259.854994
912.656508,400,12264.068744
751.900577,341,12267.626788
207.674401,1,12267.674025
710.787852,300,12270.687282
730.949507,246,12273.376376
233.298301,1,12273.427824
-19.447034,1,12273.474303
887.210746,400,12277.629723
751.045925,341,12281.145215
86.754213,341,12284.717452
698.483295,341,12288.402792
766.581274,341,12291.909369
695.915416,341,12295.520584
712.916134,341,12299.035967
219.951337,300,12302.081832
114.102411,341,12305.721658
233.298489,1,12305.770777
754.532197,341,12309.281312
115.806008,341,12312.718774
-20.773375,1,12312.770988
-19.44701,1,12312.817603
627.503891,300,12315.913675
758.404851,341,12319.613868
297.115793,400,12323.782394
18.228133,19,12324.082403
233.298522,1,12324.134189
-30.663622,73,12324.888831
83.513289,307,12328.197784
113.175588,341,12331.711451
538.426799,300,12334.963275
108.767971,341,12338.499856
460.036802,244,12341.01524
104.298988,341,12344.660544
-44.923397,70,12345.384665
107.634668,341,12348.986316
-20.237172,1,12349.033929
-15.021621,9,12349.165435
14.122415,341,12352.700095
-8.094998,15,12352.889809
-16.867689,6,12352.987931
450.543229,239,12355.47833
-32.311692,33,12355.848918
89.94456,341,12359.427187
716.702591,400,12363.703636
680.279611,300,12366.801058
76.274599,341,12370.289768
20.327219,20,12370.525507
2.580974,11,12370.670838
421.88952,224,12373.048388
-58.151504,341,12376.540322
437.019372,233,12379.015003
718.604345,400,12383.240267
130.613283,341,12386.855354
-27.9955,21,12387.094359
867.882202,400,12391.262259
-1.338221,63,12391.917691
753.746582,341,12395.478112
1062.310249,300,12398.693912
716.99511,400,12402.959224
701.502576,400,12407.175197
32.057046,341,12410.636433
12.369186,16,12410.840655
439.331607,254,12413.451828
-5.474396,341,12416.946825
744.508178,400,12421.173399
233.298476,1,12421.224307
-161.525565,341,12424.657953
233.29848,1,12424.709105
448.583948,239,12427.25758
35.377647,27,12427.56336
-17.526738,4,12427.641128
168.196287,341,12431.126931
233.298301,1,12431.177979
446.69543,237,12433.650001
-58.849623,341,12437.25541
-20.109883,300,12440.294176
456.116931,243,12442.812587
231.952442,1,12442.864676
51.622025,135,12444.389347
-20.169375,1,12444.441076
233.298513,1,12444.486901
615.332273,400,12448.753488
109.266367,341,12452.231746
181.219822,348,12455.799678
121.971954,341,12459.32689
80.881788,341,12462.857121
233.298402,1,12462.904398
13.890961,16,12463.099518
472.197086,341,12466.621526
717.445104,400,12470.721672
67.646187,156,12472.346792
673.426217,300,12475.565961
660.098715,341,12479.067926
19.155728,341,12482.551825
41.657747,109,12483.646584
66.085612,341,12487.263983
484.997369,258,12490.064356
35.355526,27,12490.400703
447.231161,239,12492.816715
-31.705022,63,12493.702235
122.224657,341,12497.188317
-41.837608,72,12497.935284
618.308242,341,12501.48757
-26.871349,34,12501.859944
551.323098,300,12505.028436
1111.769446,300,12508.155812
34.322089,27,12508.498772
106.611091,341,12512.066532
757.110394,341,12515.548824
462.16874,247,12518.092867
632.417492,300,12521.20182
1072.170829,300,12524.268342
-19.491294,1,12524.322538
95.859951,341,12527.848666
477.30506,254,12530.492768
841.582629,300,12533.649462
42.647836,31,12533.998312
233.298522,1,12534.046556
43.793968,251,12536.657826
0.362988,37,12537.06306
58.127609,138,12538.485696
-52.582334,173,12540.381392
-34.34491,68,12541.08251
210.198253,1,12541.129349
548.081061,341,12544.647809
233.298352,1,12544.695122
545.66803,300,12547.831287
233.298307,1,12547.882432
233.298521,1,12547.928247
619.214235,300,12551.166718
233.298522,1,12551.217837
-18.000467,1,12551.263544
79.226623,175,12553.043595
-24.365962,15,12553.22736
372.379844,300,12556.337425
-7.348061,24,12556.612887
626.331961,300,12559.717959
34.273317,187,12561.703216
707.029998,400,12565.751126
753.889093,341,12569.423918
631.503361,300,12572.51593
708.727243,400,12576.633999
-19.447267,1,12576.686111
61.382483,144,12578.214944
268.786735,260,12580.865983
909.890177,400,12584.974076
750.501174,341,12588.497163
89.830556,341,12591.97585
752.270246,341,12595.47243
233.298523,1,12595.523951
550.009297,366,12599.291517
720.374988,400,12603.371823
233.298523,1,12603.419274
97.321082,341,12606.974365
66.179908,153,12608.627417
649.566351,341,12612.113684
750.011186,341,12615.599214
755.189982,263,12618.352432
1.595211,35,12618.773398
308.327549,400,12622.92669
757.040565,341,12626.55686
720.240654,400,12630.628858
-20.181717,1,12630.678719
120.194592,341,12634.351422
233.298523,1,12634.398574
112.471271,341,12637.997733
631.317739,341,12641.56001
-15.442446,9,12641.689059
309.532841,400,12645.792729
308.874809,400,12649.894001
-20.826643,5,12649.979862
723.903527,400,12654.147232
652.523892,341,12657.647196
131.226287,341,12661.15955
725.547219,400,12665.358665
162.275299,325,12668.750455
209.605838,1,12668.797213
-12.327737,15,12668.985109
1100.351648,300,12672.152467
713.061324,400,12676.311041
233.298523,1,12676.358309
-8.064129,6,12676.456534
-18.891511,22,12676.715206
528.579098,360,12680.400738
651.505592,341,12684.024373
574.195619,341,12687.678759
211.879557,1,12687.730897
480.273022,341,12691.383285
567.529691,365,12695.315368
292.254595,400,12699.398913
210.326819,1,12699.44646
233.298523,1,12699.497439
-77.920508,70,12700.220332
707.810116,400,12704.352134
397.672632,305,12707.503782
-22.15375,14,12707.681458
-20.197011,1,12707.732913
-18.280285,300,12710.836505
526.158467,341,12714.401025
233.298523,1,12714.452528
600.869211,341,12717.937184
442.555106,341,12721.506386
683.298269,400,12725.645382
256.322179,134,12727.029223
1076.459043,300,12730.156417
529.208335,300,12733.346323
1076.248101,300,12736.670613
467.302473,400,12740.739654
132.78777,341,12744.298391
63.722182,341,12747.846412
751.115499,341,12751.44629
462.205891,400,12755.615992
211.844994,1,12755.667884
114.798435,341,12759.244846
609.493884,310,12762.380376
36.192273,28,12762.69602
126.078424,341,12766.295904
61.804168,145,12767.790278
233.298523,1,12767.841626
566.476424,365,12771.585344
486.193548,341,12775.229593
805.675048,269,12778.010306
207.865901,1,12778.061682
