#{"t_start": 1765834259.4886758, "env_id": "None"}
r,l,t
-114.376068,400,76.028983
-94.192004,400,76.679626
-110.094217,400,77.294934
-7.643999,340,80.399412
-49.218762,133,81.718785
-49.488167,133,83.017434
210.113029,165,84.594765
-67.057954,134,85.894939
261.610156,143,87.186441
233.308523,1,87.230362
260.055691,133,88.443975
11.932485,15,88.609687
233.308523,1,88.650047
-78.000024,145,90.045424
156.062646,143,91.44767
-146.644931,347,94.84045
-99.750021,246,97.210143
124.968938,133,98.518579
-66.779043,133,99.792354
-76.783118,133,101.15363
-17.125332,203,103.044716
-33.804264,31,103.388319
124.962701,133,104.737559
233.308523,1,104.778242
52.082407,143,106.184345
260.055691,133,107.437205
233.30827,1,107.482384
124.962947,133,108.75774
-58.109703,144,110.231684
136.849557,170,111.779407
-58.168934,144,113.105344
-22.421717,169,114.769476
40.334603,133,116.005239
75.007119,133,117.248759
260.055691,133,118.582448
-20.38857,400,122.427208
-27.948487,400,126.178545
233.30633,1,126.224239
-56.608275,400,129.885806
263.753969,143,131.277883
-19.057663,177,132.971665
-56.162452,143,134.28887
176.687311,103,135.224308
261.684553,142,136.616442
-16.847781,5,136.691833
-66.748451,133,138.003253
-66.739775,133,139.389327
233.308312,1,139.434237
-44.800706,395,143.20062
-66.751708,133,144.588479
156.062628,143,146.023343
-27.449263,400,149.801036
261.684914,142,151.117656
75.009376,133,152.324031
40.366746,133,153.630678
260.055691,133,154.955741
-57.948491,143,156.355486
-17.037244,400,160.144453
-37.252858,400,163.88814
-23.198587,9,164.003596
-115.120025,360,167.378774
-40.854151,400,171.236647
124.974581,133,172.517535
-21.349786,9,172.631374
-25.982835,400,176.383306
-3.002012,8,176.488931
261.685324,142,177.83992
-21.49159,10,177.963546
40.357286,133,179.197847
-67.76287,200,181.097691
-63.212657,183,182.956223
233.30832,1,182.997274
233.308292,1,183.0402
-33.88358,400,186.848844
-23.137371,400,190.654729
-64.514295,204,192.538832
233.30847,1,192.580133
233.308457,1,192.623677
-11.498572,400,196.3454
-13.86097,3,196.403401
-30.497125,400,200.073192
-80.834628,249,202.456727
-83.889414,202,204.278353
-39.124637,400,208.079194
260.055691,133,209.297906
-25.217057,400,212.98051
339.982279,400,216.698222
261.610145,143,218.07626
380.862997,400,221.77768
124.963154,133,223.037523
40.366989,133,224.273173
-22.937632,21,224.525455
-296.765079,400,228.197715
-150.18221,389,231.719895
40.368469,133,233.088273
-33.381829,400,236.698356
-119.816254,400,240.376351
402.682131,400,244.107187
-49.000498,400,247.791451
124.972628,133,249.021295
-65.526339,259,251.378265
40.341261,133,252.719032
156.062649,143,254.076811
2.330821,400,257.741446
417.263364,400,261.418432
233.179956,1,261.463527
75.009378,133,262.763451
-34.441038,34,263.097376
29.696289,400,266.744354
260.055883,133,268.011463
-22.851499,27,268.317406
-21.264725,400,272.059762
-95.063321,400,275.79573
258.432876,132,277.05505
258.462983,132,278.279809
-16.347374,400,282.06907
156.062628,143,283.357741
-15.330505,400,287.215705
261.610145,143,288.489046
-45.198317,400,292.328982
-298.558517,400,296.024771
75.009377,133,297.289895
-13.612099,3,297.348866
-9.352412,5,297.428641
156.062628,143,298.753037
151.49076,145,300.20918
-15.555286,400,303.934777
233.134127,1,303.976184
233.143593,1,304.018999
45.042865,400,307.812773
-200.535569,400,311.700366
156.062628,143,313.072115
232.668161,1,313.117911
459.432051,400,316.853076
-232.706697,400,320.818913
213.509022,1,320.859216
232.475019,1,320.903217
75.00041,133,322.243287
508.428147,400,325.907706
261.610145,143,327.312302
1181.584097,400,331.027698
156.062628,143,332.409424
74.99984,133,333.65058
8.082769,400,337.310697
-28.260989,400,341.015138
-239.628859,349,344.254384
862.424653,360,347.525747
74.994737,133,348.804446
-20.541357,400,352.591231
-11.66482,400,356.315715
232.546292,1,356.35858
71.865533,149,357.729095
232.736672,1,357.770307
75.009119,133,359.045607
-22.495655,400,362.970652
156.062628,143,364.288728
-113.479482,400,368.07565
-95.708008,276,370.803896
232.584247,1,370.84906
261.610145,143,372.179851
59.163162,139,373.477001
-4.805375,400,377.306823
75.000956,133,378.635859
205.759277,400,382.679972
441.142447,230,384.994559
183.064823,161,386.637848
692.414006,400,390.642184
161.197473,400,394.626358
66.483764,141,396.067046
261.61017,143,397.536613
232.82614,1,397.578656
-20.160297,1,397.620805
232.916841,1,397.660506
233.042275,1,397.70378
410.187026,300,400.771231
380.370575,286,403.625808
-90.696989,400,407.6206
65.881006,156,409.156263
91.386742,400,413.167108
395.23152,205,415.169616
233.120799,1,415.214378
-77.496663,400,419.313493
13.655583,16,419.513462
63.528462,136,420.965472
233.236596,1,421.006772
203.679929,400,424.706701
186.912513,110,425.994899
214.135314,400,430.245614
-84.45467,400,434.533133
445.095738,237,437.003967
28.972079,23,437.237725
190.220618,400,440.959652
-24.43938,400,444.768166
261.610303,143,446.09882
17.098829,143,447.461612
435.907628,284,450.059092
-19.960317,1,450.103299
239.364695,181,451.805002
232.95165,1,451.849202
-26.396393,400,455.547338
209.784841,400,459.260371
235.471265,400,462.940303
42.067582,400,466.662866
-23.966055,26,466.957973
41.027106,140,468.249677
261.610179,143,469.557486
310.094265,183,471.283955
-17.527053,400,475.009948
-33.21483,400,478.712618
232.928048,1,478.756417
-25.624678,44,479.173995
75.002476,133,480.437222
417.092344,218,482.444873
260.452463,133,483.712302
5.556308,12,483.889867
261.610117,143,485.215251
-33.912035,400,488.958861
60.751556,132,490.181221
237.422105,400,493.98092
232.781884,1,494.02249
-29.648221,400,497.72424
249.422307,188,499.547488
16.194289,17,499.768279
75.009214,133,501.008247
431.023439,224,503.116882
261.610137,143,504.480739
75.009278,133,505.717036
227.68893,400,509.562211
261.610156,143,510.880583
33.173207,25,511.205094
186.045343,160,512.749897
-210.640354,365,516.229272
-13.491252,400,519.903722
212.671165,400,523.629957
892.000011,400,527.37613
75.00938,133,528.584523
261.610162,143,529.957771
60.691593,133,531.1535
-27.713382,400,534.861749
-34.08364,400,538.619411
222.243951,400,542.352524
40.346952,133,543.599852
-123.312614,276,546.128406
-46.207596,78,546.988371
75.009342,133,548.300807
232.598991,400,551.962945
889.493189,400,555.687574
233.146122,1,555.732632
849.606425,400,559.37767
261.61014,143,560.673211
-9.701974,73,561.387056
-38.754952,400,565.159822
75.009501,133,566.426934
21.06778,400,570.247118
445.115076,231,572.355835
261.610146,143,573.717403
-278.622416,400,577.654228
484.872807,249,579.976322
-43.75441,400,583.74395
233.253004,1,583.784237
74.990342,133,585.044828
-49.838309,42,585.49011
233.258924,1,585.530977
-10.733611,20,585.741145
-27.128092,400,589.526485
-37.008651,400,593.343967
40.374623,133,594.565075
266.559524,327,597.67891
893.810534,400,601.37494
427.058453,222,603.442219
260.080799,133,604.677306
75.001474,133,606.017707
890.703625,400,609.682124
260.052087,133,610.920952
-38.2356,400,614.65086
75.000912,133,615.928598
261.607107,143,617.287821
-49.019417,400,621.015337
35.415503,27,621.285379
74.99688,133,622.503909
187.778389,160,624.060275
60.979982,133,625.334546
-94.250925,400,629.065988
40.356573,133,630.313736
-62.752563,123,631.464793
-48.243985,400,635.25152
260.056736,133,636.531724
60.898799,133,637.734106
-103.641228,400,641.462527
50.668718,144,642.827601
-19.959388,400,646.666848
-39.728532,400,650.585836
-36.87622,400,654.403991
-20.137635,2,654.455848
75.017626,133,655.694804
236.485246,400,659.450274
-230.962064,400,663.29206
816.027988,400,667.067676
874.53682,400,670.772198
444.106409,230,672.98554
233.307624,1,673.026407
261.61013,143,674.365133
221.633206,210,676.475105
261.610139,143,677.861872
182.72076,157,679.343672
-287.147389,254,681.826188
830.922334,400,685.913382
-135.76531,400,689.758127
233.308202,1,689.799507
60.920963,133,691.088946
75.001613,133,692.341379
-25.981887,400,696.271214
49.034383,129,697.546452
60.720402,133,698.836461
267.75061,145,700.379826
-24.931366,11,700.510526
226.700354,176,702.255597
75.001685,133,703.608088
-77.551049,168,705.276723
265.682364,144,706.72775
-179.446142,400,710.528078
75.012493,133,711.880027
-25.810517,24,712.183026
462.209878,240,714.498251
60.328724,132,715.757029
-13.884093,11,715.934645
75.002466,133,717.189682
74.996243,133,718.494095
75.011068,133,719.8491
-24.188075,158,721.397905
-66.133999,126,722.599017
75.011009,133,723.945837
215.916933,188,725.815145
233.308085,1,725.855776
233.308057,1,725.898668
-54.092206,400,729.658707
-8.761524,20,729.875927
233.308033,1,729.917334
311.978144,400,733.866962
645.257802,400,737.65379
-185.45855,400,741.60831
-186.595144,400,745.516546
60.627714,133,746.776946
236.460413,124,748.073746
-21.794125,400,751.939011
21.222006,20,752.149505
-37.993733,400,755.937477
233.305046,1,755.980023
233.305062,1,756.024615
60.442626,132,757.305633
261.610106,143,758.765316
60.870765,133,760.031483
75.002489,133,761.295008
-82.280795,163,763.029884
-24.084441,25,763.287134
404.8685,212,765.277688
-90.232641,162,766.903265
261.609296,143,768.359765
220.281279,400,772.181122
235.582989,174,773.937253
127.179849,235,776.21386
75.002475,133,777.593974
75.013337,133,778.968731
-15.868971,400,782.856337
54.036579,136,784.226412
-14.988205,400,788.151514
372.829115,197,790.169168
260.37896,133,791.593986
-17.871067,1,791.63937
233.241289,1,791.681186
-18.814107,400,795.582537
341.29551,178,797.268916
390.94787,206,799.393222
37.278274,27,799.676954
96.580354,212,801.665507
-63.540316,400,805.526939
55.559974,119,806.657862
59.382089,130,807.9722
-60.192718,400,811.802673
232.786209,1,811.846806
764.310169,343,815.313132
416.912232,218,817.346227
182.366366,167,819.019285
792.531763,400,822.803855
211.75108,1,822.845974
186.424458,168,824.411136
757.090437,400,828.232607
191.726151,161,829.747623
212.73093,1,829.789619
-84.819479,400,833.528935
59.920981,131,834.755154
60.779421,133,836.08513
81.415927,200,837.970395
233.046234,1,838.015798
60.459014,132,839.275188
-24.175601,400,843.099673
-13.708847,400,846.90717
75.0137,133,848.202694
75.014555,133,849.509329
60.410266,132,850.738146
-21.500593,1,850.778955
-11.641616,15,850.950491
73.346295,188,852.710647
60.507804,132,854.003223
-28.51911,400,857.713923
75.009456,133,859.03822
81.132249,200,860.870948
61.05652,133,862.167275
432.447485,226,864.33191
75.009095,133,865.660764
-102.100504,400,869.500885
233.188225,1,869.546072
456.002516,239,871.81548
82.388835,199,873.70265
75.002362,133,875.000371
60.690657,133,876.364014
-87.822021,400,880.034611
56.817949,132,881.302569
233.290711,1,881.342594
-33.599056,400,885.098928
151.787105,148,886.525462
61.837795,177,888.16387
60.581844,133,889.464839
75.002409,133,890.729561
-22.604975,19,890.931493
139.71499,400,894.74597
33.569236,26,895.016429
233.283952,1,895.061335
-51.911246,400,898.880672
-53.306719,400,902.681972
312.213565,400,906.549258
75.000296,133,907.78924
60.629358,133,909.050627
-32.825988,400,912.823095
53.670863,138,914.192651
233.276772,1,914.233146
233.273494,1,914.276977
-28.781618,400,918.102928
-36.646529,400,921.936903
633.757054,400,925.749318
318.395847,400,929.515086
233.302347,1,929.558419
233.300629,1,929.602093
140.511346,142,931.013144
38.243786,107,932.032357
233.302864,1,932.076951
-38.601323,400,935.909741
43.226156,241,938.278007
7.576728,13,938.429712
233.302415,1,938.470404
75.006889,133,939.731813
613.462943,400,943.61801
225.626681,1,943.658711
53.743202,142,945.043282
-22.261863,400,948.774319
233.297818,1,948.819013
134.042777,400,952.65666
146.239656,146,954.038159
138.242189,141,955.417935
233.300249,1,955.462906
148.123623,149,956.861399
154.357212,154,958.355957
81.593362,135,959.735006
54.623039,138,961.134894
142.890406,145,962.506398
-130.8631,301,965.40201
393.017765,236,967.622339
60.645548,133,968.921037
74.999878,133,970.187621
-45.948613,400,974.025752
-28.324798,400,977.979453
154.469362,154,979.387056
224.670551,143,980.751357
244.045033,400,984.554468
60.588063,133,985.858399
-20.899059,4,985.929832
121.107863,67,986.628396
53.181565,214,988.666764
-4.13884,400,992.439133
233.307511,1,992.484266
52.898868,133,993.791245
-15.909855,2,993.843364
146.221184,147,995.311737
214.326785,1,995.353015
3.671174,400,999.226685
75.008421,133,1000.549988
-139.073388,295,1003.397349
75.00097,133,1004.627366
-75.050038,400,1008.383147
60.62038,133,1009.68975
60.632312,133,1010.998901
233.304684,1,1011.039789
228.61712,143,1012.406138
-105.456172,291,1015.160473
233.303046,1,1015.206144
440.042412,229,1017.442618
798.431392,400,1021.290933
226.312847,176,1023.013198
-75.161065,400,1027.485536
131.496422,136,1028.816436
-69.751857,143,1030.216285
882.941357,400,1034.064657
74.93488,133,1035.331255
827.178594,400,1039.136523
220.4587,144,1040.557598
433.872468,227,1042.799004
16.947096,28,1043.121684
-18.446037,400,1047.018331
-38.564114,178,1048.737768
-8.1847,21,1048.961382
-9.626398,266,1051.560117
61.459154,56,1052.134832
223.999616,141,1053.515144
233.303739,1,1053.556729
60.590727,133,1054.861511
75.013711,133,1056.159024
16.291486,400,1059.989507
852.319787,400,1063.916494
60.577231,133,1065.182218
60.603158,133,1066.52421
210.324838,139,1067.954902
-77.059176,400,1071.801229
453.894882,236,1074.001471
-18.440399,400,1077.805221
60.570108,133,1079.031934
246.397575,144,1080.467308
60.620623,133,1081.788781
782.396423,400,1085.520562
75.009964,133,1086.931103
-98.700793,270,1089.487242
56.711841,140,1090.826685
72.867174,133,1092.112129
35.191892,145,1093.604698
233.295735,1,1093.649777
233.295735,1,1093.690023
217.742881,147,1095.236005
134.518586,142,1096.590632
233.288985,1,1096.631888
217.642231,149,1098.119781
60.645627,133,1099.397206
228.436149,143,1100.797723
463.825187,241,1103.208926
-97.008182,400,1107.102548
233.29506,1,1107.147761
233.29506,1,1107.186918
60.621016,133,1108.419049
-5.709808,320,1111.590801
10.921889,27,1111.869001
103.975545,400,1115.698332
156.399149,166,1117.303848
74.975539,133,1118.691426
232.374972,144,1120.092928
-24.016785,34,1120.476709
155.791255,400,1124.263739
60.565295,133,1125.567126
254.282764,400,1129.498176
-73.480891,400,1133.323321
217.407938,400,1137.141408
-30.536361,400,1140.940699
233.306538,1,1140.985713
266.620202,400,1144.925933
-65.101204,400,1148.77506
237.687602,140,1150.280816
-121.838551,364,1153.755517
64.486299,113,1154.878596
-37.813935,282,1157.634685
233.307731,1,1157.680091
225.557978,137,1159.026064
444.248409,231,1161.222767
60.563297,133,1162.498061
452.464972,237,1164.857239
3.853382,349,1168.350667
55.116371,136,1169.678674
466.396081,242,1171.966224
-15.733868,7,1172.066644
211.997146,137,1173.397348
-83.239071,400,1177.226876
-34.012108,400,1181.078733
203.342563,144,1182.4648
1433.959103,400,1186.204596
456.561035,240,1188.553607
1151.867813,400,1192.387339
427.441238,254,1194.804848
460.680364,239,1197.149781
233.307549,1,1197.190892
456.399403,237,1199.445334
-24.652837,400,1203.462456
-24.446065,400,1207.326296
233.307549,1,1207.367319
-32.176737,177,1209.010845
-122.50202,381,1212.705512
67.543289,159,1214.284073
-60.661916,400,1218.067348
540.062367,275,1220.672732
233.308057,1,1220.717376
-0.910959,400,1224.63277
233.308122,1,1224.672559
236.676224,154,1226.209899
231.152019,149,1227.671805
60.562857,133,1228.986475
-29.034521,400,1232.858825
436.023972,226,1235.157735
-62.469873,400,1238.960739
907.98218,400,1242.796182
46.821016,135,1244.059895
-30.962853,400,1247.986543
46.81014,135,1249.397289
75.009116,133,1250.756294
233.307433,1,1250.79691
9.88368,400,1254.610045
26.008952,400,1258.507371
74.948226,133,1259.798012
-3.022045,137,1261.174772
-20.63117,4,1261.246663
-142.447286,369,1264.918215
-94.927213,400,1268.74831
896.796568,400,1272.698621
75.002235,133,1274.010513
900.856663,400,1277.940727
226.996877,1,1277.986791
-17.870343,1,1278.025325
261.67427,142,1279.458422
-21.210149,8,1279.599831
129.710052,137,1280.989283
237.84879,149,1282.442304
-79.018521,400,1286.28441
178.756216,400,1290.081659
-20.106204,1,1290.126813
-4.365471,89,1291.10167
296.603648,160,1292.666652
-1.965109,23,1292.912982
233.30844,1,1292.95405
404.498066,211,1294.986072
194.787355,400,1298.814008
233.308448,1,1298.854961
60.568178,133,1300.134967
75.009197,133,1301.374822
60.570413,133,1302.69633
257.158484,143,1304.105148
-13.379712,12,1304.25044
75.002499,133,1305.614289
150.802615,400,1309.51657
75.002563,133,1310.804063
261.683595,142,1312.207131
-29.62034,400,1316.044221
830.965549,400,1319.972654
75.002489,133,1321.33998
60.593916,133,1322.694966
75.002485,133,1324.013315
-23.053799,7,1324.112856
60.608712,133,1325.424464
261.673259,142,1326.754104
414.548702,216,1328.863665
75.003725,133,1330.138257
284.471056,154,1331.604019
-162.557875,365,1335.233571
-15.311453,400,1339.195015
75.010994,133,1340.525856
44.632688,134,1341.859429
75.002831,133,1343.183498
233.308423,1,1343.226371
60.637981,133,1344.560232
820.218328,400,1348.447774
15.866975,400,1352.31624
60.588208,133,1353.714521
259.608392,141,1355.100493
-9.369575,5,1355.177048
261.664717,142,1356.529925
75.009401,133,1357.89028
4.320671,400,1361.778063
233.308415,1,1361.81813
-16.253816,11,1361.956582
278.127386,150,1363.425873
189.348474,153,1364.908062
394.592312,206,1366.896464
42.599084,134,1368.197028
60.617365,133,1369.560754
233.308415,1,1369.600234
-25.276012,29,1369.935472
48.240715,111,1371.048704
63.068946,49,1371.565891
144.900099,151,1373.037628
234.352099,1,1373.082556
54.634254,163,1374.739458
60.624751,133,1376.057307
12.793896,16,1376.237659
64.724222,139,1377.608458
233.308381,1,1377.655267
233.308381,1,1377.694694
-23.37593,25,1377.994018
-23.973967,31,1378.308304
14.12307,400,1382.171683
149.274612,400,1386.072069
176.166631,166,1387.705438
-25.025273,78,1388.484046
207.985542,1,1388.529368
177.857947,164,1390.262455
141.258367,400,1394.124207
-46.279477,400,1398.222458
261.593878,143,1399.66974
130.475701,139,1401.054963
140.719204,400,1404.965995
233.308518,1,1405.006073
261.683781,142,1406.408647
26.949566,400,1410.285611
42.572043,134,1411.651186
26.72775,22,1411.885935
915.471985,400,1415.850028
59.236671,134,1417.117942
64.236119,138,1418.597349
-27.852427,19,1418.806826
233.308519,1,1418.847068
75.002481,133,1420.245749
75.00356,133,1421.66843
406.331576,211,1423.781578
-63.15641,225,1425.914632
233.308513,1,1425.96032
60.8199,133,1427.280833
32.307796,400,1431.086449
75.009446,133,1432.336749
404.468895,211,1434.4283
-22.18717,15,1434.611218
16.171513,400,1438.543635
75.003988,133,1439.818195
259.979637,134,1441.172078
231.268118,146,1442.61085
106.554634,400,1446.549866
24.713389,400,1450.358942
56.833104,135,1451.703734
-35.936712,400,1455.586348
75.00252,133,1456.875648
-15.459341,4,1456.945803
233.30851,1,1456.989748
61.685449,137,1458.418059
59.28538,136,1459.873665
278.301512,151,1461.400586
42.50746,133,1462.679674
228.20634,400,1466.523328
153.337545,160,1468.161085
233.308502,1,1468.208904
280.175956,151,1469.654803
75.009589,133,1470.977592
133.442813,400,1474.861873
173.912257,400,1478.707094
117.338578,400,1482.523105
75.00952,133,1483.814687
42.43853,133,1485.107197
60.797597,133,1486.47447
58.904271,135,1487.784655
122.5908,400,1491.701786
57.948338,134,1492.954741
903.154206,400,1496.827601
-19.982848,1,1496.868489
-20.160437,1,1496.91302
-36.182918,400,1500.879849
418.55739,218,1503.014976
406.576385,213,1505.145397
233.308444,1,1505.190202
420.449921,221,1507.426972
288.756589,400,1511.423344
4.965968,400,1515.349668
58.493795,158,1516.915017
233.308284,1,1516.954841
58.048679,134,1518.2511
75.009909,133,1519.579912
-21.786615,12,1519.719302
59.312003,130,1521.051999
53.993445,133,1522.418977
-115.25215,337,1525.581822
906.220592,400,1529.415027
75.008665,133,1530.746574
1355.708495,400,1534.633242
-5.786349,400,1538.521061
-33.882408,27,1538.793261
904.188905,400,1542.743336
342.676186,200,1544.660664
74.992085,133,1545.948906
261.610132,143,1547.331162
49.629663,145,1548.733417
58.876999,129,1550.017459
261.611273,143,1551.401274
102.819763,400,1555.384931
57.547191,133,1556.631687
364.32456,193,1558.609719
261.610212,143,1559.981544
75.002508,133,1561.270867
55.58304,133,1562.561221
-12.641718,240,1564.946195
-59.34379,400,1568.93737
60.834983,132,1570.321431
62.123374,400,1574.278955
233.308426,1,1574.318208
-20.285788,2,1574.364535
68.711524,400,1578.407949
60.887281,133,1579.695637
371.352259,194,1581.610553
-39.656579,400,1585.614187
60.745697,133,1586.979661
902.447605,400,1590.821675
89.931226,231,1593.100919
60.731721,132,1594.417552
33.884802,143,1595.787919
343.566577,182,1597.521714
-53.85084,400,1601.395634
79.253615,237,1603.716013
-36.349701,400,1607.617173
5.68507,400,1611.435504
-54.654622,400,1615.479521
-5.649937,7,1615.57375
46.410724,400,1619.432588
-118.582349,155,1621.094764
337.329348,177,1622.853593
59.078893,133,1624.174995
-41.676148,400,1628.091792
1.290788,400,1632.011842
-39.633159,400,1635.927294
20.0288,400,1639.925081
261.610459,143,1641.330289
-24.227257,37,1641.729853
276.482289,147,1643.183994
17.135907,159,1644.696046
88.213619,222,1646.915665
-22.309886,16,1647.090655
261.61041,143,1648.540636
134.507322,141,1649.949801
171.280234,400,1653.909336
81.302868,230,1656.117597
42.447126,133,1657.499521
774.256279,389,1661.256727
68.989709,245,1663.60583
-29.825317,215,1665.742011
523.107895,268,1668.428238
61.074704,133,1669.719523
7.681446,13,1669.865519
133.288776,400,1673.731979
61.597969,134,1675.073498
901.588546,400,1678.88929
77.55358,264,1681.475601
270.898855,138,1682.770959
184.274855,400,1686.691088
-80.972721,320,1689.808017
259.889007,168,1691.418068
75.003424,133,1692.776208
208.353148,1,1692.816157
233.308368,1,1692.854099
-44.926441,400,1696.723204
233.308494,1,1696.759064
-213.692486,164,1698.324244
61.412228,133,1699.637505
-37.269471,400,1703.485604
233.308445,1,1703.521169
903.859078,400,1707.488853
62.042747,134,1708.854749
233.30849,1,1708.895316
233.30849,1,1708.930252
257.003214,228,1711.181365
-46.097544,400,1715.124641
-140.166834,292,1717.964386
16.630805,400,1721.813305
254.19868,227,1724.038721
-26.360315,400,1727.906213
40.385853,133,1729.194962
231.017468,400,1733.119882
11.865689,400,1737.030798
126.668657,132,1738.34532
-3.610432,129,1739.647775
-53.241854,400,1743.575519
10.813979,400,1747.54665
75.002477,133,1748.814636
75.002475,133,1750.180861
22.447848,400,1754.056538
126.779928,132,1755.389554
89.019861,400,1759.213161
125.330374,134,1760.539139
-115.26185,400,1764.504066
233.308498,1,1764.54098
262.088735,134,1765.909529
75.002476,133,1767.193329
16.496838,400,1771.042902
233.308483,1,1771.080241
-90.949875,400,1774.99908
430.834871,400,1778.846272
273.04047,139,1780.232087
60.845897,133,1781.545912
268.771737,137,1782.896531
24.308026,400,1786.81228
87.307316,141,1788.202325
259.821649,161,1789.803251
-74.513128,278,1792.466826
610.807074,308,1795.502141
-9.342827,19,1795.703149
62.257742,135,1797.009571
29.172596,400,1800.837229
233.308223,1,1800.873913
-4.375075,400,1804.684039
-49.043695,400,1808.552519
724.766046,363,1812.164431
55.886494,117,1813.328162
258.369238,132,1814.559318
6.618051,400,1818.381918
75.002478,133,1819.771051
903.446567,400,1823.625618
135.178642,400,1827.55008
261.610184,143,1828.915429
59.535373,400,1832.726679
-92.456957,177,1834.426079
-61.772117,157,1835.973848
-25.133556,59,1836.541923
262.287962,134,1837.948915
20.440371,147,1839.474797
127.827827,131,1840.797651
207.815074,1,1840.833179
5.866671,400,1844.758113
34.019115,400,1848.594378
-66.977814,400,1852.460487
-50.941897,276,1855.162238
13.604054,165,1856.817812
-54.772254,400,1860.829966
282.717581,151,1862.31249
-38.231102,400,1866.188716
75.002475,133,1867.497955
-40.945179,400,1871.382854
179.207521,400,1875.248056
233.308423,1,1875.28296
233.308417,1,1875.322431
233.308417,1,1875.35801
39.773966,136,1876.638418
12.925891,16,1876.846493
183.58091,400,1880.813326
-35.930697,400,1884.693813
128.41503,130,1885.942635
716.262459,357,1889.369675
7.505312,400,1893.29038
37.625662,144,1894.686988
75.002474,133,1895.974689
402.906666,400,1899.856583
346.505631,233,1902.175629
233.308394,1,1902.211885
28.949115,146,1903.627572
-20.160003,1,1903.667779
233.30831,1,1903.703727
44.231498,143,1905.145469
115.243272,400,1909.029158
233.308322,1,1909.065285
233.308242,1,1909.105247
261.610584,143,1910.541191
128.56164,132,1911.858495
261.610529,143,1913.215235
233.30827,1,1913.250933
233.308318,1,1913.289957
-28.795859,400,1917.283477
233.308169,1,1917.319
293.79423,156,1918.812445
-29.028954,247,1921.17198
-37.252628,400,1924.998149
-33.634041,400,1928.921896
32.42917,144,1930.310887
144.221662,139,1931.740976
60.289238,138,1933.056801
233.308273,1,1933.098481
760.233974,379,1936.700887
56.421568,36,1937.122987
905.946536,400,1941.060478
599.315334,400,1944.901973
-11.395507,239,1947.260897
63.324137,137,1948.572432
269.689361,146,1949.974817
26.883085,400,1953.836288
261.610747,143,1955.22259
-29.210631,400,1959.019942
-21.114704,400,1962.968149
-29.791687,29,1963.289426
59.163525,139,1964.687088
75.002483,133,1965.976357
227.079433,400,1969.924143
-50.389255,400,1973.827478
-36.248806,400,1977.731776
128.168785,130,1978.959724
208.344721,1,1979.000237
-8.189249,21,1979.221922
62.965347,137,1980.643028
105.894916,117,1981.733758
261.610242,143,1983.079071
-7.439147,236,1985.379942
261.610217,143,1986.748372
233.307949,1,1986.789014
12.590513,400,1990.712106
338.649702,400,1994.562186
-2.875519,400,1998.492281
387.941912,400,2002.326964
58.784843,400,2006.841008
277.657224,150,2008.254588
334.516158,176,2010.065134
-28.395083,242,2012.40687
-36.956277,400,2016.336776
-6.649374,400,2020.205519
0.671481,35,2020.552379
233.306571,1,2020.592844
261.610705,143,2022.023757
70.919132,400,2025.876358
901.752068,400,2029.779566
-9.559576,400,2033.669783
256.025982,131,2035.010103
-11.002582,400,2038.822717
-3.377033,29,2039.11646
75.002474,133,2040.434729
212.465914,151,2041.964266
261.61206,143,2043.328504
900.022626,400,2047.186689
233.296372,1,2047.223221
-14.947778,9,2047.338634
42.479862,133,2048.691113
-3.434582,400,2052.557542
26.346312,400,2056.37845
929.3086,400,2060.259972
25.364367,151,2061.721164
233.283244,1,2061.756907
213.083001,160,2063.316586
261.610482,143,2064.691722
68.328722,400,2068.513234
83.136895,195,2070.431042
261.610462,143,2071.823562
199.874133,400,2075.724434
901.267745,400,2079.545577
283.594714,152,2081.026978
233.14574,1,2081.062963
1.937524,400,2084.949202
-26.136823,81,2085.799771
42.409484,133,2087.090519
42.412742,133,2088.379202
70.804998,181,2090.162844
81.236274,400,2094.109492
233.134364,1,2094.149675
-7.890975,237,2096.424366
279.709985,151,2097.890845
78.789272,194,2099.805402
261.610431,143,2101.182769
261.610648,143,2102.52898
75.002507,133,2103.906105
233.028534,1,2103.949466
-37.636471,400,2107.776343
64.633336,400,2111.616578
247.776109,169,2113.262329
-23.972173,31,2113.580724
228.604402,1,2113.615951
-15.456019,400,2117.548616
-15.542919,400,2121.402035
228.335425,1,2121.44258
-3.704576,26,2121.714689
-153.237007,400,2125.625263
53.714041,400,2129.508095
43.867034,172,2131.224088
229.335598,1,2131.259188
305.614267,162,2132.820974
-17.903583,1,2132.861361
-146.457091,400,2136.774505
261.610152,143,2138.214406
-17.662029,400,2142.098068
228.129927,1,2142.138867
44.052522,170,2143.837317
-2.226216,30,2144.141673
299.550591,159,2145.655417
275.732107,149,2147.126547
75.003285,133,2148.423225
852.018174,400,2152.261897
850.150439,400,2156.247926
44.835807,184,2157.997335
60.549956,39,2158.448287
-18.012251,400,2162.261181
26.240597,209,2164.416495
-76.626678,176,2166.055807
87.20706,208,2168.167824
261.610195,143,2169.564375
511.471052,259,2172.140875
261.610171,143,2173.515917
70.341513,182,2175.349982
-3.678397,120,2176.526568
229.741496,1,2176.563059
261.610438,143,2177.950987
261.610191,143,2179.373476
196.685592,400,2183.444491
-41.935499,400,2187.473306
100.440199,400,2191.395702
229.106989,1,2191.4347
225.453,400,2195.320196
261.610161,143,2196.687667
-15.766609,2,2196.735053
75.002559,133,2197.992302
686.286103,400,2201.842045
228.191456,1,2201.878588
75.004175,133,2203.333353
229.156906,1,2203.371773
28.246566,183,2205.122662
228.627275,1,2205.158818
-26.937034,147,2206.549133
261.610217,143,2207.988228
-1.395867,237,2210.293303
-290.086891,400,2214.141964
87.000709,400,2218.035686
229.801596,1,2218.071588
7.187093,233,2220.390053
718.898353,400,2224.24863
232.474907,1,2224.285133
261.610143,143,2225.76858
-4.564607,31,2226.086401
-15.523618,19,2226.352847
257.570232,142,2227.727603
-22.712722,281,2230.481251
1616.752335,396,2234.362148
12.729924,400,2238.310747
3.590961,236,2240.695064
551.831452,278,2243.337648
298.239418,151,2244.877889
260.148918,133,2246.17842
189.582449,400,2250.096587
230.046996,1,2250.136877
-10.91676,400,2254.046141
13.265995,400,2258.022374
232.364713,1,2258.05823
230.318003,1,2258.098587
75.001842,133,2259.45447
261.770943,143,2260.950872
34.295863,400,2264.858085
233.131239,1,2264.893995
897.487697,400,2268.775025
233.06011,1,2268.815288
260.01722,133,2270.198038
429.505421,400,2274.103522
320.799931,400,2278.050655
75.001851,133,2279.412968
-22.239623,400,2283.388841
210.967157,400,2287.383497
179.217883,400,2291.292575
234.451577,187,2293.185993
-33.905578,400,2297.021814
42.45857,133,2298.357785
434.971341,212,2300.519916
302.242125,153,2301.997567
-25.165574,400,2305.821854
190.893801,400,2309.745593
-26.789214,244,2312.072657
281.666224,143,2313.516723
-20.648409,4,2313.582671
16.68943,236,2315.921745
233.227097,1,2315.958502
905.255347,400,2319.926706
260.039115,133,2321.261782
75.00267,133,2322.578145
103.226664,400,2326.461374
-27.890678,301,2329.37149
-33.031892,400,2333.282772
1181.140244,400,2337.284406
279.013522,400,2341.161444
225.627342,400,2345.06312
3.21901,243,2347.428018
232.822651,1,2347.468943
232.822651,1,2347.504319
-109.378497,400,2351.375727
189.670052,400,2355.177925
-13.498082,245,2357.625362
-25.425688,248,2360.058466
0.436241,400,2364.03309
-60.416479,62,2364.687397
264.936999,400,2368.650889
244.104756,400,2372.577815
-45.121747,400,2376.440048
-42.647815,19,2376.642947
251.292274,400,2380.54033
42.498192,133,2381.842545
-16.361797,400,2385.698774
-25.66843,400,2389.721875
-11.068207,400,2393.613013
250.770256,400,2397.561213
-8.439597,248,2399.992177
-107.323359,400,2403.901696
-82.575251,400,2407.827212
22.553839,20,2408.04402
233.292176,1,2408.081436
-1.906913,31,2408.39851
74.858629,133,2409.750422
261.610656,143,2411.13135
261.611297,143,2412.514598
111.168007,400,2416.369231
-95.406221,400,2420.370624
233.285542,1,2420.411124
-16.903011,254,2422.815609
-146.602038,400,2426.661634
-9.819216,400,2430.505607
248.762175,400,2434.479862
-21.00739,7,2434.572625
89.67238,400,2438.60822
261.610401,143,2440.120547
57.028086,163,2441.719722
74.900031,133,2443.024011
8.819216,246,2445.510202
-138.570137,400,2449.510109
11.941814,400,2453.440075
63.361208,165,2455.068471
-21.080167,7,2455.166969
29.548174,24,2455.417724
325.417785,175,2457.188822
53.829859,293,2460.026003
-14.495596,400,2463.915676
229.930214,1,2463.952101
10.243994,400,2467.879217
74.954214,133,2469.20249
3.126334,240,2471.544216
-26.108952,32,2471.872644
-39.420187,400,2475.808956
131.851781,400,2479.731994
51.30961,152,2481.236964
233.303376,1,2481.273
1206.7264,400,2485.206555
54.643976,162,2486.896805
99.293962,400,2490.754717
9.801557,14,2490.91643
-67.772006,249,2493.450385
290.192782,158,2494.97541
74.931685,133,2496.268595
-25.220778,47,2496.800005
261.610425,143,2498.189554
74.912622,133,2499.495023
-20.923098,6,2499.592999
-24.138734,24,2499.853022
1296.406125,400,2503.873805
-23.434809,26,2504.152711
52.927395,400,2508.286509
39.12728,400,2512.241103
56.351892,400,2516.190385
307.499687,169,2517.941246
55.63568,119,2519.123629
291.212516,191,2521.104511
-23.092679,9,2521.223031
57.981131,400,2525.246326
56.477806,36,2525.617718
11.814877,15,2525.787396
-32.477733,346,2529.180622
280.260692,183,2531.026442
6.090925,246,2533.504908
-25.089508,345,2536.891579
-26.445488,362,2540.499384
199.301344,400,2544.431498
261.610116,143,2545.975001
44.590056,134,2547.299001
155.193778,344,2550.771234
20.847099,244,2553.226985
59.087325,137,2554.609031
15.997091,88,2555.534548
200.716972,365,2559.320635
67.655982,400,2563.456184
205.707455,1,2563.497822
260.221582,134,2564.824202
51.53939,253,2567.288365
266.805065,172,2569.023185
82.373954,400,2573.027825
56.228228,400,2577.073531
30.057969,400,2581.06398
30.052941,250,2583.468252
344.775602,400,2587.344485
39.902955,260,2589.932079
317.526495,400,2593.841783
359.260525,400,2597.784838
-23.324805,9,2597.901703
45.526725,400,2601.865395
41.899385,251,2604.357797
229.412152,1,2604.399217
229.158419,1,2604.442999
322.103696,400,2608.324187
-24.737549,22,2608.566456
349.2947,400,2612.558244
87.303655,400,2616.471134
-8.133646,21,2616.699175
39.782065,400,2620.701961
54.664883,258,2623.257068
316.195205,201,2625.171083
223.920167,1,2625.212865
300.714748,161,2626.928374
286.832186,195,2628.773459
145.055981,147,2630.327559
21.885405,20,2630.550513
294.459055,159,2632.103871
-25.218864,47,2632.577879
229.299734,1,2632.621502
-21.096286,3,2632.684637
-25.689791,56,2633.274758
233.810406,1,2633.317622
33.57068,241,2635.689149
44.951277,400,2639.617523
-37.459195,400,2643.572395
294.205553,400,2647.479362
303.099031,400,2651.396434
-55.648237,400,2655.352181
42.43224,133,2656.658686
-16.481314,152,2658.127792
229.567675,1,2658.174199
151.309143,146,2659.637586
239.61434,400,2663.532288
53.33541,194,2665.453434
344.536001,400,2669.525102
568.185211,282,2672.375771
74.98954,133,2673.646183
285.995983,290,2676.50234
34.112641,400,2680.481464
-51.058801,343,2683.910638
230.271441,1,2683.951962
139.165102,400,2687.917213
74.97462,133,2689.234949
-23.76875,17,2689.425906
-26.050753,101,2690.469486
11.208622,400,2694.4593
344.405649,400,2698.542461
9.159036,190,2700.438671
354.412422,400,2704.298723
-18.975816,400,2708.285707
-17.230974,4,2708.358516
145.76107,137,2709.751311
180.453451,400,2713.943829
74.98331,133,2715.220638
19.148468,19,2715.431763
568.911302,265,2718.045998
-20.489762,1,2718.087563
627.182259,400,2722.016326
334.947775,400,2726.018939
307.071947,271,2728.782098
106.643146,400,2732.673473
-11.643999,15,2732.850061
-17.955812,1,2732.894661
40.38612,133,2734.158327
94.765068,400,2738.072976
344.142803,400,2741.993731
-38.390448,400,2745.994601
375.367216,400,2750.02779
630.028237,317,2753.179521
8.787217,14,2753.343081
34.964146,175,2755.117487
262.457755,134,2756.523468
591.58535,400,2760.537861
30.533202,400,2764.479143
188.176812,400,2768.480685
221.480633,400,2772.368864
75.002476,133,2773.677371
37.147772,400,2777.660615
38.209633,133,2779.012784
272.54515,147,2780.535175
131.161849,400,2784.408684
1222.67199,400,2788.344415
1415.301832,400,2792.359558
270.440995,146,2793.833055
-24.159063,33,2794.175879
261.613178,143,2795.566132
232.793377,1,2795.607408
-25.169727,400,2799.728565
75.132207,400,2803.70605
160.893826,400,2807.794597
224.153944,400,2811.886168
270.445533,146,2813.281807
253.535765,400,2817.220432
-18.360389,3,2817.284986
79.524839,400,2821.285058
90.942518,330,2824.662509
65.477911,400,2828.665881
198.575453,400,2832.839133
338.309104,180,2834.584798
766.436589,378,2838.232515
232.706407,1,2838.273768
73.870199,314,2841.298511
261.610181,143,2842.696847
0.527282,10,2842.822722
1.017945,286,2845.709173
261.610429,143,2847.072442
697.76852,400,2851.071428
104.399797,400,2855.051336
33.710373,400,2859.048726
43.004838,300,2862.060489
-20.157264,1,2862.107299
10.895539,15,2862.280145
23.903329,400,2866.287651
-108.931156,400,2870.278181
39.576544,28,2870.574067
-20.317308,2,2870.625907
28.33589,400,2874.656811
-131.173217,400,2878.653919
-20.318023,2,2878.705891
652.603653,325,2882.066206
261.610167,143,2883.468927
103.403414,226,2885.726075
81.784995,216,2887.871182
4.591022,400,2891.883637
295.132143,167,2893.527498
262.013828,142,2894.933656
24.710354,21,2895.165404
162.969243,400,2899.192637
267.6034,400,2903.136714
107.176772,222,2905.322192
40.365215,133,2906.743353
556.044436,283,2909.666819
321.423201,172,2911.350934
315.691741,168,2912.962794
46.781047,204,2915.128841
436.880006,344,2918.561399
33.465649,95,2919.520736
19.159906,400,2923.463444
232.378403,1,2923.504886
261.62439,143,2924.904959
75.004639,133,2926.293958
50.721429,135,2927.701164
230.272074,1,2927.745443
-20.460258,1,2927.789747
95.811799,205,2929.885877
229.794186,1,2929.930915
99.743896,208,2932.010509
55.445073,237,2934.471859
128.09143,400,2938.525269
141.705451,400,2942.434075
46.636024,135,2943.812938
-34.291632,116,2944.966395
260.051517,133,2946.35348
-0.861884,9,2946.475168
-23.517835,28,2946.803965
230.156639,1,2946.844869
241.281351,400,2950.772789
-30.173652,118,2952.023635
59.223954,137,2953.347648
216.953419,1,2953.388467
401.506666,207,2955.502912
368.356756,321,2958.687268
232.986283,1,2958.733256
1096.088925,400,2962.72068
44.924321,254,2965.198825
233.084964,1,2965.239233
74.998757,133,2966.669364
80.038473,202,2968.701681
260.052144,133,2970.116926
17.771296,400,2974.04315
368.418257,400,2977.91591
289.787996,222,2980.180799
-24.20706,24,2980.443831
32.250981,182,2982.227703
296.795418,400,2986.150357
286.98906,155,2987.770226
74.933689,133,2989.06075
-22.876369,400,2993.071374
32.072532,25,2993.411582
74.975651,133,2994.828661
75.002631,133,2996.141801
79.623018,183,2998.445533
917.089529,400,3002.487105
264.231901,135,3003.821028
-5.093076,7,3003.91803
35.601643,284,3006.729721
-15.428425,400,3010.719038
228.277752,1,3010.763991
230.296418,289,3013.644222
268.469325,137,3015.004825
273.349354,400,3018.996293
699.667317,400,3023.04197
1496.141185,400,3026.990062
44.547708,289,3029.877961
236.122262,270,3032.530876
14.93885,400,3036.490887
154.408836,400,3040.387698
269.752153,145,3041.950042
698.80772,400,3045.883736
27.566607,236,3048.314944
-4.894968,320,3051.469505
207.217561,1,3051.511529
233.233228,1,3051.556507
487.849642,374,3055.421539
233.169803,1,3055.461921
233.222041,1,3055.506169
282.838521,153,3057.01619
308.609326,164,3058.736511
-24.287509,19,3058.985361
233.190048,1,3059.026767
35.439305,208,3061.005583
291.10411,157,3062.595692
-38.967575,120,3063.894052
282.334495,178,3065.673691
53.89201,400,3069.672021
1495.335383,400,3073.603734
28.194223,95,3074.606232
390.417349,205,3076.615743
637.763257,322,3079.907862
158.838126,400,3083.893885
312.907244,400,3087.87468
661.602415,328,3091.045724
72.675775,400,3095.044764
32.285635,400,3099.150227
901.522688,400,3103.097923
307.37074,163,3104.745655
1529.719455,342,3108.081023
140.183347,400,3112.164337
68.865191,400,3116.078505
-7.230436,6,3116.169412
-50.754288,21,3116.400786
698.72833,400,3120.501836
36.198187,292,3123.526348
72.646788,133,3124.953172
289.08552,152,3126.438067
-30.319585,35,3126.874238
-4.670535,27,3127.162061
291.92618,148,3128.614427
702.425808,400,3132.503084
233.297882,1,3132.55092
917.671464,400,3136.479845
2.433647,400,3140.437265
159.928326,400,3144.398321
362.483158,190,3146.313925
64.2335,400,3150.296118
6.052525,400,3154.21353
72.675319,133,3155.609741
141.176361,400,3159.493203
63.820585,400,3163.496234
10.606795,400,3167.566619
-24.968201,25,3167.838243
233.298769,1,3167.878749
-1.262526,9,3168.001116
0.477082,400,3171.968052
214.97981,400,3175.945644
84.545079,173,3177.670683
187.16524,400,3181.640746
173.982915,400,3185.597635
-3.592512,8,3185.741114
-20.36319,1,3185.786074
311.501009,167,3187.451762
307.124063,400,3191.452117
21.223097,400,3195.42736
233.294552,1,3195.472693
212.141798,282,3198.296771
672.497748,400,3202.194597
-22.825877,21,3202.422546
269.921474,137,3203.825591
-24.38287,26,3204.143004
39.984104,29,3204.450277
249.366235,400,3208.434597
72.475359,133,3209.771803
41.660443,400,3213.742848
233.306141,1,3213.784279
267.100289,279,3216.517503
343.989349,183,3218.44317
436.25174,400,3222.505024
234.941672,306,3225.493719
64.22688,283,3228.252764
1135.610435,347,3231.659662
233.302325,1,3231.704855
915.42034,400,3235.646141
233.289983,1,3235.68751
-15.809617,5,3235.772338
373.554313,199,3237.835101
1547.35679,346,3241.164336
273.258823,139,3242.546759
335.370154,190,3244.489672
929.64709,399,3248.480554
552.680706,285,3251.250288
65.699179,301,3254.231245
305.533402,400,3258.242905
-63.500542,119,3259.495683
1481.618633,340,3262.850192
313.023147,400,3266.783481
1043.083715,275,3269.480543
522.061459,394,3273.378275
54.342216,285,3276.248863
292.46606,400,3280.253098
95.218659,400,3284.283992
33.943229,400,3288.226606
-13.107673,11,3288.363777
304.561604,400,3292.320756
-7.613789,19,3292.535249
537.469995,367,3296.154169
-19.748406,14,3296.321286
42.512617,400,3300.278632
10.746907,400,3304.330733
694.671647,348,3307.665069
747.199293,400,3311.677369
65.578396,400,3315.618139
68.514103,214,3317.815019
330.351733,400,3321.783806
215.8075,1,3321.830265
-29.059644,400,3325.902799
382.025168,192,3327.756459
356.817233,400,3331.672362
291.414965,327,3334.860554
-16.052663,18,3335.063612
67.406581,400,3339.031311
356.307905,400,3343.050806
285.354982,330,3346.363146
443.664513,226,3348.653139
-7.22642,6,3348.743034
-66.756669,133,3350.103517
298.900254,400,3354.070237
-23.023142,16,3354.25317
36.454246,285,3356.953331
72.716307,133,3358.373947
409.738444,400,3362.346933
379.689208,400,3366.243254
-24.650895,20,3366.463556
78.897669,400,3370.332253
-17.986248,400,3374.306386
-34.744679,161,3375.900062
5.945881,397,3379.806563
743.779997,400,3383.779252
19.094638,308,3386.915547
200.759561,400,3390.926837
-5.094312,7,3391.026494
233.308508,1,3391.07092
7.522504,400,3395.231013
-18.524789,9,3395.347908
483.378113,400,3399.304497
-13.465592,400,3403.258542
-19.298083,1,3403.304362
-26.699113,39,3403.705117
233.30852,1,3403.750084
-4.278796,23,3404.03223
-20.775683,5,3404.116994
-29.769187,400,3408.021633
-21.509532,9,3408.138363
363.36462,261,3410.713356
419.021809,400,3414.614919
190.032886,400,3418.764641
-25.230458,139,3420.143423
-10.108956,15,3420.321133
21.214796,20,3420.542871
265.022799,243,3422.934578
384.325898,400,3426.936471
-21.390741,8,3427.046028
72.712074,133,3428.402739
210.877108,1,3428.44387
267.51049,279,3431.2966
233.30852,1,3431.337006
264.673412,135,3432.675611
387.067946,400,3436.765481
388.863352,400,3440.688673
1.73805,141,3442.121366
233.308308,1,3442.166166
233.308308,1,3442.206256
-58.063075,400,3446.19555
-66.776112,133,3447.488078
180.733683,400,3451.578485
246.74725,258,3454.197342
233.308457,1,3454.239287
74.826023,133,3455.526338
214.102875,400,3459.483743
266.783201,136,3460.841209
345.241696,400,3464.750089
307.562432,400,3468.888437
233.308497,1,3468.929285
-66.773878,133,3470.294493
939.543498,289,3473.255786
13.520172,400,3477.26987
215.045488,1,3477.315025
697.343305,400,3481.218566
12.926921,16,3481.402823
-20.647298,4,3481.473407
-20.036072,1,3481.515577
56.191283,400,3485.39685
-22.792853,8,3485.506413
233.308504,1,3485.551961
66.570249,400,3489.575907
28.310018,400,3493.540471
267.6787,400,3497.46414
-17.916306,2,3497.516598
-66.777844,133,3498.874182
266.56966,136,3500.276195
26.279761,400,3504.224971
671.550838,400,3508.138241
61.37501,400,3512.168675
53.932729,400,3516.203431
218.985823,1,3516.247739
101.408393,400,3520.140049
-19.426322,27,3520.429049
50.366299,246,3522.91483
3.419509,11,3523.055786
-39.969148,56,3523.653787
93.244625,400,3527.605491
49.56601,400,3531.648189
95.712652,400,3535.597769
25.495169,236,3537.950051
641.594131,400,3541.906034
18.285799,18,3542.111534
-25.428856,29,3542.418641
29.669882,130,3543.745636
87.0549,317,3546.854567
-17.191418,17,3547.115149
50.638648,400,3551.05686
648.357543,400,3555.069438
414.726706,400,3559.071967
26.948021,400,3562.959329
-71.326265,102,3563.971601
480.455994,400,3567.968932
678.643601,400,3571.905521
480.250445,400,3575.936638
295.461286,185,3577.851506
47.164252,313,3581.013505
615.010272,310,3583.93763
1.689049,400,3587.932079
-38.54881,84,3588.840789
75.782855,400,3592.732042
500.086075,400,3596.610917
1562.081101,362,3600.270537
224.506462,1,3600.31565
330.986848,167,3601.974863
172.931192,400,3605.93978
-12.368566,12,3606.086909
677.870865,400,3610.137181
601.808577,400,3614.101493
905.830943,400,3618.143123
118.778298,400,3622.176713
58.768366,400,3626.136258
74.674877,400,3630.269059
186.383166,400,3634.287909
-50.103346,89,3635.176987
34.59056,400,3639.260771
64.502858,236,3641.645577
713.306656,400,3645.665995
106.630447,400,3649.633488
339.157147,171,3651.443729
74.72617,400,3655.407937
233.308523,1,3655.4544
345.792242,174,3657.123574
339.946894,181,3658.997562
423.771931,255,3661.473657
233.308523,1,3661.514518
277.568413,141,3662.881147
9.253854,400,3666.79322
55.621232,148,3668.39772
763.021472,384,3672.327513
283.799206,144,3673.767194
-19.80127,400,3677.750013
233.308522,1,3677.791599
97.235831,400,3681.926832
24.069888,400,3685.82347
-68.732296,146,3687.382044
484.889722,400,3691.292678
905.906704,400,3695.25467
15.269823,400,3699.302054
204.189578,400,3703.399287
121.636396,276,3706.132781
-17.39585,400,3710.075927
233.30852,1,3710.120113
-13.196978,400,3714.168986
206.523373,1,3714.209481
262.416097,134,3715.542014
736.706235,400,3719.596741
374.736449,198,3721.529204
6.688496,13,3721.689072
768.354537,400,3725.71297
88.433962,400,3729.696609
-66.776982,133,3731.000215
1482.235243,341,3734.471583
-56.528878,108,3735.510002
233.308306,1,3735.550946
907.000086,400,3739.507558
1477.443244,339,3742.988145
378.78512,197,3744.908143
-19.814589,18,3745.110417
-8.076631,400,3749.181817
457.941181,400,3753.176446
313.54007,352,3756.695031
238.168798,400,3760.632155
-66.778741,133,3762.039556
64.07527,400,3766.122021
62.185537,400,3770.066843
1465.408763,334,3773.362122
-66.778928,133,3774.680349
233.909546,400,3778.835948
92.389716,400,3782.764597
55.659979,400,3786.824705
101.765828,400,3790.79308
570.138136,400,3794.747039
233.308523,1,3794.791194
75.002474,133,3796.106174
227.99081,1,3796.150745
757.67024,400,3800.028929
-34.361814,213,3802.152516
800.136503,400,3806.131615
140.926425,400,3810.184348
-14.959961,8,3810.294995
37.58334,400,3814.283804
49.829661,400,3818.256854
87.003301,400,3822.171762
60.681921,133,3823.485564
75.733719,400,3827.394937
75.002474,133,3828.754816
133.893804,231,3831.053382
67.718122,400,3835.031561
341.112804,400,3839.004261
206.612734,400,3843.183403
75.002473,133,3844.545681
-49.038112,94,3845.501088
309.928276,268,3848.138153
65.424779,400,3852.059308
-19.374693,56,3852.652961
407.915991,205,3854.655221
233.308522,1,3854.696184
556.243554,400,3858.659875
97.054689,400,3862.59081
34.658138,400,3866.696009
58.628924,38,3867.163713
402.067999,400,3871.08162
63.109655,400,3875.026166
499.723693,400,3879.030759
905.300152,400,3882.992508
-20.479077,3,3883.057092
-21.363315,8,3883.199688
119.82086,400,3887.143226
121.153109,400,3891.127244
88.669164,400,3895.132149
23.814325,400,3899.076304
225.2857,1,3899.117156
350.436056,400,3903.165226
421.87569,212,3905.269791
645.753252,400,3909.31341
215.091827,1,3909.359077
27.458756,23,3909.606792
-72.483975,145,3911.076537
60.633052,133,3912.379033
639.823998,400,3916.486188
666.12191,400,3920.409995
429.512738,400,3924.405979
619.120785,400,3928.451694
75.002475,133,3929.858138
613.46518,400,3933.768695
-3.197239,55,3934.384212
381.803512,192,3936.23241
-72.077679,194,3938.248985
60.763492,133,3939.55232
233.308511,1,3939.594204
457.617456,400,3943.65598
442.513443,400,3947.611526
54.873248,400,3951.499812
903.300562,400,3955.54043
649.386576,400,3959.487061
197.321691,400,3963.414477
410.874567,400,3967.347369
54.790045,400,3971.454829
-21.200226,7,3971.558731
55.48253,400,3975.48748
-39.195051,296,3978.490579
523.686244,400,3982.46573
19.024603,254,3985.037549
-1.284438,274,3987.745313
65.759421,400,3991.942749
-53.486887,48,3992.467844
306.836388,400,3996.419847
-65.2795,133,3997.742504
1475.892778,337,4001.593033
233.30852,1,4001.634703
667.380453,335,4004.939434
56.722446,400,4008.924497
233.30851,1,4008.965922
-102.941667,217,4011.097161
233.308486,1,4011.140749
81.376561,57,4011.749213
60.838977,133,4013.107111
-75.613958,174,4014.778077
744.293089,376,4018.583971
650.463183,326,4021.85292
-19.454144,1,4021.901455
363.761978,303,4024.961204
514.242333,400,4028.958535
110.30761,261,4031.585785
289.113418,392,4035.460613
-35.123597,9,4035.613307
233.30851,1,4035.664192
-41.231039,400,4039.660602
1445.360555,319,4042.859663
69.105458,400,4046.807424
345.071414,286,4049.743229
233.308482,1,4049.788947
331.716319,327,4053.053434
-173.30263,400,4057.010911
372.795545,286,4059.881088
589.676779,400,4063.780211
1640.823279,376,4067.518544
1613.021397,372,4071.240316
234.117799,1,4071.286485
-17.955888,1,4071.329188
233.308422,1,4071.373237
74.106711,400,4075.318329
233.308445,1,4075.359571
1604.418435,371,4079.143872
431.780639,400,4083.197398
434.11766,400,4087.212324
106.140589,400,4091.20685
-24.738451,24,4091.468931
1607.646503,366,4095.30255
75.002475,133,4096.624016
397.244081,204,4098.760862
99.689107,400,4102.680866
-21.616187,1,4102.726351
-36.297674,368,4106.461242
872.665828,400,4110.51443
2.823578,20,4110.735955
-11.483012,4,4110.807582
69.570521,168,4112.420947
75.002475,133,4113.857566
63.826751,400,4117.787925
38.374647,235,4120.113302
60.562991,133,4121.427938
647.702253,400,4125.317545
217.880607,1,4125.363975
233.30851,1,4125.40794
219.387585,1,4125.45243
641.627003,400,4129.362712
73.440173,189,4131.314498
371.876134,300,4134.280455
115.830088,309,4137.365677
75.001645,133,4138.693339
786.521456,262,4141.342497
330.007391,343,4144.794823
331.36939,400,4149.001209
902.143659,400,4152.998135
409.030261,355,4156.494377
233.308523,1,4156.540177
583.679409,400,4160.453335
92.20144,400,4164.367666
435.870161,400,4168.453294
-15.757711,400,4172.357765
26.525404,400,4176.262013
233.308523,1,4176.30313
75.002475,133,4177.701838
164.452684,352,4181.15506
389.871573,196,4183.185928
-21.489745,10,4183.314865
303.429913,400,4187.3662
99.673758,400,4191.373833
-20.477396,3,4191.436179
233.308523,1,4191.480949
-21.811735,11,4191.616811
233.308523,1,4191.661776
24.488336,89,4192.542653
-57.079981,400,4196.466813
20.429259,19,4196.683843
122.356111,400,4200.749318
75.000846,133,4202.26864
92.162725,400,4206.392276
233.308523,1,4206.43662
395.150342,198,4208.376729
80.949234,194,4210.362495
96.116572,400,4214.29643
389.03144,203,4216.362713
414.911469,259,4218.845132
418.112845,211,4221.007532
363.693976,360,4224.554633
500.905718,255,4227.086408
60.563813,133,4228.45425
43.797608,30,4228.772824
52.330721,400,4232.789094
640.217624,400,4236.843657
-68.640405,100,4237.816732
652.661594,329,4241.092607
698.431234,400,4245.010151
694.937985,400,4249.029476
421.123592,220,4251.388282
512.267942,400,4255.391931
60.568994,133,4256.725731
60.573796,133,4258.135838
-11.638885,15,4258.30747
49.002557,153,4259.891241
232.419986,1,4259.932229
4.596662,328,4263.201517
380.369112,362,4266.819672
482.52606,400,4270.820355
-25.324411,28,4271.124264
460.908255,400,4275.102128
441.429899,400,4279.109425
150.517283,293,4281.983342
-15.451057,400,4285.952875
64.548576,164,4287.578847
233.308532,1,4287.619312
75.002475,133,4289.024803
75.002475,133,4290.420311
656.975981,400,4294.370185
1449.025574,328,4297.622441
66.16665,167,4299.437799
1468.807118,336,4302.840482
42.346012,400,4306.818429
439.475,400,4311.034475
688.784364,400,4315.00535
140.051117,400,4318.965447
132.134722,400,4322.89879
53.14062,400,4326.894083
-39.402428,85,4327.808012
1497.761364,342,4331.265991
-15.024682,8,4331.378714
117.714424,400,4335.347517
116.159185,400,4339.335251
75.002466,133,4340.674976
222.467144,1,4340.71697
751.779186,400,4344.656238
54.673236,400,4348.59023
690.289544,400,4352.629109
693.222895,400,4356.718109
-21.540497,1,4356.766479
454.50112,400,4360.723243
233.308522,1,4360.76448
90.750435,400,4364.758994
47.824394,400,4368.725464
686.602138,400,4372.646713
233.308522,1,4372.692185
60.564362,133,4374.080017
-19.370342,1,4374.125944
717.094605,400,4378.081506
-17.80927,4,4378.152288
64.747621,400,4382.12935
209.747891,1,4382.171135
36.849861,190,4384.066346
329.716228,167,4385.932461
506.252346,400,4389.961136
75.00162,133,4391.287089
573.678322,400,4395.294181
-22.555833,17,4395.488771
40.301847,138,4396.880192
71.272571,400,4400.870907
-7.029,23,4401.120324
628.945677,400,4405.082749
448.488018,400,4409.026217
642.768057,323,4412.274159
123.666435,252,4414.825952
60.562651,133,4416.15195
729.166416,400,4420.135664
505.667984,348,4423.584834
1469.851062,333,4426.979463
427.717874,323,4430.165982
60.56255,133,4431.454585
315.307614,400,4435.442404
422.051386,213,4437.621986
338.635194,179,4439.420009
875.408569,400,4443.392654
31.049191,24,4443.655222
64.820785,153,4445.230903
904.879997,400,4449.131309
66.34561,400,4453.048789
75.000823,133,4454.421928
549.543036,400,4458.390541
-9.257358,400,4462.349318
163.866951,320,4465.50395
-76.284778,114,4466.656523
45.839775,400,4470.600557
16.700531,277,4473.320817
408.102965,205,4475.354479
507.267372,262,4477.970269
893.01891,400,4481.915985
60.565349,133,4483.24588
11.917678,15,4483.42409
-21.166216,7,4483.523725
959.202295,400,4487.449959
233.308523,1,4487.495701
693.983964,400,4491.430895
60.58693,133,4492.703412
220.03289,1,4492.749258
38.252244,224,4494.960754
206.723537,1,4495.007501
192.470951,362,4498.546027
455.416717,400,4502.498179
75.001708,133,4503.822373
63.719046,400,4507.821846
410.231796,207,4509.993356
143.548338,400,4513.926615
358.603782,189,4515.855789
413.257853,215,4517.935819
233.308519,1,4517.980724
60.581782,133,4519.307806
-10.453528,1,4519.354063
60.927939,39,4519.786937
233.308523,1,4519.831881
316.245521,400,4523.784784
233.308523,1,4523.82582
-26.369471,40,4524.231316
314.960543,400,4528.212411
904.311197,400,4532.19051
9.492615,322,4535.396701
208.456686,1,4535.442889
233.308522,1,4535.48246
149.656239,400,4539.463271
27.44774,400,4543.477649
70.180668,132,4544.867274
407.535149,213,4546.90844
-5.280863,26,4547.183562
72.41746,132,4548.683707
76.368014,220,4550.981633
441.762945,225,4553.200839
698.982281,400,4557.202647
-19.370346,1,4557.247741
60.563346,133,4558.611811
-1.153836,30,4558.928795
904.727018,400,4562.920269
40.119236,201,4564.934429
95.469846,400,4569.004382
143.580432,400,4572.936918
431.936676,400,4577.032518
306.11722,400,4580.999797
1460.747152,333,4584.313796
-19.455423,1,4584.359322
312.734538,400,4588.293212
412.560408,217,4590.414248
-12.488728,400,4594.39959
314.396782,400,4598.375657
1532.451388,400,4602.377314
312.141189,400,4606.306175
-83.712747,137,4607.821221
23.574534,221,4610.013669
1634.043764,376,4613.727055
233.308523,1,4613.773973
440.2682,400,4617.745923
74.465512,400,4621.755903
53.559736,400,4625.674351
62.315317,400,4629.61228
207.238986,387,4633.445503
248.832087,127,4634.813297
238.978607,1,4634.854857
-11.751487,400,4638.784326
-6.958886,400,4642.847967
435.244852,400,4646.788236
233.308523,1,4646.83331
210.554333,1,4646.874019
90.833861,400,4650.836629
738.752775,400,4654.78923
233.308523,1,4654.834947
233.308523,1,4654.87544
1535.083028,358,4658.408612
58.897591,400,4662.513032
896.293124,400,4666.617926
-9.247205,18,4666.820968
181.722559,348,4670.297569
313.384222,400,4674.285447
180.067283,340,4677.77304
39.840698,400,4681.743837
531.676278,400,4685.6917
532.49522,400,4689.812233
1496.741113,400,4693.796555
1636.128739,374,4697.478449
-23.662733,21,4697.716756
478.753326,400,4701.73142
-24.045202,21,4701.962555
75.002513,133,4703.333399
-20.06775,1,4703.377083
233.308523,1,4703.421623
-64.389234,330,4706.722153
75.001038,133,4708.055223
213.332967,1,4708.101905
438.298044,231,4710.347518
54.920006,400,4714.374781
84.978518,400,4718.332633
-11.326866,400,4722.353877
-1.840162,400,4726.332056
-2.971099,400,4730.327983
430.687029,400,4734.278768
133.159346,400,4738.258618
284.985601,400,4742.292124
144.037493,400,4746.301212
48.093032,32,4746.641802
-18.85457,400,4750.700519
-5.509234,23,4750.95719
473.193096,400,4754.914167
75.002475,133,4756.418559
380.411037,201,4758.515026
-166.866457,400,4762.635886
130.513067,400,4766.59046
233.308523,1,4766.633366
80.396186,198,4768.616283
159.456851,336,4771.920779
162.057241,400,4775.989717
-19.619632,20,4776.216405
438.2531,255,4778.878108
316.115219,400,4782.821489
114.036157,400,4786.853134
-22.12031,13,4787.008404
401.334853,232,4789.288005
-17.156291,5,4789.373228
81.519835,202,4791.540717
-8.674195,400,4795.521146
-20.98383,6,4795.611902
-8.802518,400,4799.652016
711.874963,358,4803.225603
471.65565,245,4805.611136
50.208253,34,4806.004771
35.679807,27,4806.295031
65.785471,400,4810.33702
122.771756,400,4814.30162
-26.947245,40,4814.721261
233.308519,1,4814.761094
1468.896425,400,4818.952981
-7.663516,309,4822.002181
-5.528852,400,4826.158129
233.308521,1,4826.199142
-69.231956,225,4828.460865
92.564417,219,4830.605425
318.680544,400,4834.597305
75.002475,133,4835.968281
469.351603,400,4840.141161
880.209981,400,4844.223907
503.376437,400,4848.156053
-17.524984,4,4848.22751
236.177886,1,4848.267709
-19.455312,1,4848.312284
209.319855,1,4848.352068
360.445699,291,4851.219447
75.920704,400,4855.273299
-139.16155,400,4859.233641
378.878101,238,4861.67267
95.699341,229,4863.960552
233.308422,1,4864.006182
233.308422,1,4864.046213
690.613057,348,4867.533173
-27.002703,39,4867.945919
522.70013,266,4870.677381
233.308485,1,4870.718796
454.634046,237,4873.147882
74.227608,231,4875.534357
362.416746,193,4877.649334
-103.122006,400,4881.745559
-25.179115,28,4882.047259
369.423785,214,4884.180506
537.189712,277,4887.106724
405.429471,223,4889.294852
233.308412,1,4889.336346
58.247815,46,4889.841421
-13.861524,3,4889.90574
233.308423,1,4889.946625
240.230928,1,4889.990685
-12.525091,400,4893.971673
-22.821609,20,4894.193878
45.06425,400,4898.188872
131.329567,267,4900.883758
-74.382448,400,4904.998741
233.308445,1,4905.044969
418.386792,217,4907.207245
804.154677,400,4911.186635
1493.950528,400,4915.214361
75.002475,133,4916.691772
625.737812,318,4919.908213
-42.503129,400,4923.899574
574.75183,292,4926.890006
450.609701,235,4929.271194
518.009889,400,4933.301023
95.521932,400,4937.327911
-44.069105,347,4940.773253
65.058683,400,4944.884303
445.033495,400,4948.862573
19.127445,19,4949.074496
408.614606,212,4951.337586
418.177493,231,4953.691032
-47.27033,334,4956.996594
908.148256,400,4961.078739
16.19504,17,4961.27372
1477.537214,400,4965.282917
84.746291,400,4969.371711
1436.003338,400,4973.373115
80.102731,400,4977.357831
902.345603,400,4981.403279
392.389644,197,4983.459603
442.332626,226,4985.711727
93.534714,400,4989.744148
645.48575,324,4993.017956
-20.159984,1,4993.058983
509.176365,400,4997.160277
87.425976,400,5001.232319
379.581315,384,5005.62198
233.308485,1,5005.667367
-21.421128,400,5009.685698
-11.373649,400,5013.719931
53.383138,151,5015.257617
803.770753,400,5019.376004
79.366055,400,5023.376015
405.7278,212,5025.488811
0.730714,17,5025.683342
392.482298,197,5027.725092
458.313763,242,5030.101105
-20.063032,1,5030.146953
49.066001,142,5031.683798
305.504823,400,5035.628274
382.5858,200,5037.685998
417.595198,211,5039.762652
233.308493,1,5039.808308
233.308493,1,5039.849354
-19.455398,1,5039.892858
683.80295,345,5043.443182
390.494134,207,5045.490908
376.611451,197,5047.48158
87.897291,400,5051.623321
-8.780146,400,5055.595968
-18.360391,3,5055.659793
-9.35316,5,5055.739282
233.308505,1,5055.784575
-20.488077,3,5055.844507
372.286237,196,5057.823634
233.308517,1,5057.869654
-20.090194,1,5057.910518
95.365715,400,5061.913998
59.258337,130,5063.193093
-21.3398,14,5063.361801
303.813649,400,5067.572421
33.185218,25,5067.852939
443.007785,231,5070.186962
370.992631,197,5072.155512
-19.553213,400,5076.151731
-27.384884,5,5076.230756
-5.868511,400,5080.197962
-67.354246,146,5081.700466
-21.396714,17,5081.898952
861.019428,400,5085.949232
233.308518,1,5085.990554
490.448438,400,5090.016325
399.370285,210,5092.256355
-66.339593,139,5093.690091
363.936784,184,5095.597474
-65.917386,137,5096.933865
1507.178942,400,5100.934521
458.632646,240,5103.438795
340.601056,179,5105.209786
-21.563154,9,5105.326333
207.519004,1,5105.373941
92.210356,400,5109.466722
123.428997,268,5112.149623
304.048733,400,5116.159313
59.825712,131,5117.563987
384.55327,201,5119.553603
376.752073,198,5121.546571
-65.783702,135,5122.934298
917.10416,400,5126.936762
-15.901061,2,5126.988614
60.387801,132,5128.332236
30.691096,98,5129.332926
407.389488,214,5131.455103
465.255188,400,5135.445978
223.045293,116,5136.680711
364.449493,192,5138.614587
985.555891,400,5142.607132
134.060192,400,5146.562957
501.853361,400,5150.633194
-0.395628,400,5154.739305
110.697562,400,5158.726751
41.371311,267,5161.410205
233.308329,1,5161.452284
233.30833,1,5161.498905
1379.779658,400,5165.513373
140.208917,277,5168.194103
14.597376,265,5170.877531
233.308322,1,5170.919318
-4.682704,400,5175.046679
-1.652332,400,5178.988242
865.880674,400,5183.095046
485.934415,246,5185.543803
304.409706,400,5189.558422
1543.226299,400,5193.586299
83.066845,400,5197.634543
-1.084043,400,5201.678425
60.432903,132,5203.045308
826.780856,400,5207.051189
-1.434538,400,5211.063796
101.737362,400,5215.056288
106.784105,400,5219.05787
-22.382684,18,5219.264252
233.308235,1,5219.309778
308.885786,400,5223.353098
398.345464,370,5227.102828
90.852291,400,5231.108262
47.940462,253,5233.673899
522.748842,400,5237.641049
520.29987,400,5241.633356
850.034095,400,5245.677936
304.688424,400,5249.80508
834.76452,400,5253.802511
30.205552,24,5254.063647
147.238019,400,5258.269818
304.334246,400,5262.282056
327.159898,400,5266.323673
757.431411,379,5270.133446
392.874256,207,5272.177972
472.008978,400,5276.264949
348.459838,185,5278.117985
74.888951,133,5279.458985
-15.598745,7,5279.564293
74.890223,133,5280.974747
417.406073,279,5283.775021
60.466413,132,5285.090564
233.308452,1,5285.131753
394.783393,207,5287.168336
688.793184,347,5290.68266
104.924669,400,5294.77235
-21.977127,9,5294.89489
1538.970277,400,5298.967658
233.308434,1,5299.009556
170.234321,342,5302.465379
218.554834,1,5302.512883
913.537225,400,5306.517438
175.123525,343,5309.918661
-13.870322,400,5313.981582
417.722632,210,5316.088543
1511.741496,400,5320.22399
96.634557,400,5324.336472
217.258578,1,5324.382772
382.76093,200,5326.428616
-69.707173,158,5328.09437
902.40211,400,5332.165809
60.415246,132,5333.449804
100.981355,400,5337.467021
308.962788,400,5341.571383
305.965683,400,5345.683003
98.21741,400,5349.712345
233.308448,1,5349.753816
132.405786,306,5352.891217
233.308268,1,5352.937401
688.993145,340,5356.466675
491.151326,400,5360.587761
-11.325824,400,5364.56417
-5.650829,7,5364.662619
232.329734,1,5364.70797
408.331038,205,5366.887193
387.284903,202,5368.896957
839.225676,400,5372.866851
843.178366,400,5376.856197
74.868571,133,5378.2426
393.396179,205,5380.294114
124.196693,400,5384.306169
900.642258,400,5388.308347
233.307811,1,5388.352633
833.059724,400,5392.32284
295.205284,400,5396.406175
88.546142,208,5398.521853
841.613606,400,5402.714384
-12.669902,400,5406.712086
356.002953,187,5408.603042
813.443533,400,5412.607987
361.606636,198,5414.663463
-25.398643,400,5418.656134
-6.38371,400,5422.746278
233.308286,1,5422.792281
233.308501,1,5422.833969
-8.022095,400,5426.916395
75.002476,133,5428.214467
372.72864,195,5430.246479
900.138947,400,5434.278594
-8.644665,400,5438.375765
185.223761,363,5442.04568
-2.474157,400,5446.059235
66.672901,185,5447.960557
-17.957959,1,5448.006251
233.308133,1,5448.047426
364.45044,191,5450.077911
-13.58868,11,5450.213247
233.308422,1,5450.257937
-15.565217,400,5454.363569
338.069998,179,5456.134831
65.145494,174,5457.896882
-51.900238,400,5461.960406
440.992565,229,5464.168469
-9.156261,400,5468.331837
233.308497,1,5468.372865
-29.37357,400,5472.429711
233.308447,1,5472.475647
60.360938,132,5473.91562
-6.954984,400,5477.891912
113.888597,400,5481.904364
-8.675169,400,5485.957623
-11.149684,400,5489.988088
-21.445388,8,5490.097935
233.308212,1,5490.139384
1494.770912,400,5494.143854
60.694047,133,5495.463563
-33.54447,87,5496.365949
1734.504977,394,5500.357372
380.794981,223,5502.588536
1512.480399,400,5506.646457
413.191372,215,5508.877378
-20.057824,1,5508.924917
365.351194,234,5511.242283
-3.339697,400,5515.259311
-6.751421,23,5515.543399
233.308263,1,5515.58856
233.308263,1,5515.629408
0.654006,400,5519.687595
75.002475,133,5521.030307
374.028221,190,5523.010458
48.296481,33,5523.35811
366.064326,191,5525.249731
233.308515,1,5525.291816
-71.969622,400,5529.450147
73.653388,400,5533.423179
75.002475,133,5534.759766
-4.006102,400,5538.831184
91.739042,400,5542.789856
-23.572752,400,5546.811645
28.96805,400,5550.790263
-7.626499,22,5551.034487
-19.680797,400,5555.044167
233.308498,1,5555.086171
-23.775992,400,5559.186666
286.187974,174,5560.910468
-29.503651,400,5564.936429
-3.076765,27,5565.244139
164.411056,324,5568.621734
-26.619168,400,5572.598199
209.888883,1,5572.640024
233.308485,1,5572.684726
59.920605,131,5574.002782
1568.442376,356,5577.573632
60.755143,133,5578.963109
60.696458,133,5580.316784
233.308479,1,5580.364715
54.688592,400,5584.456543
390.799155,204,5586.540684
862.220335,400,5590.526221
-62.351257,400,5594.481018
-51.375076,121,5595.745078
-32.623515,400,5599.802713
857.502234,400,5603.854259
125.059686,400,5607.829225
117.561385,400,5611.799371
212.367025,1,5611.844973
74.996468,133,5613.147712
726.749484,364,5616.827377
353.175602,179,5618.638973
98.427684,400,5622.739709
-13.702591,10,5622.870003
49.652519,400,5626.863538
75.002475,133,5628.17022
-9.062421,400,5632.20093
75.002475,133,5633.591486
414.939669,219,5635.818155
295.029758,400,5639.778407
-71.307432,400,5643.964674
784.400624,400,5648.073091
534.779891,261,5650.657499
-11.090204,400,5654.790304
418.368577,218,5657.057561
-32.474801,400,5661.017884
-16.11674,17,5661.21121
7.435659,400,5665.247704
-6.456263,24,5665.514363
413.669413,208,5667.660824
-19.947303,400,5671.718427
-48.520638,400,5675.683883
382.025208,193,5677.673568
-33.152686,400,5681.688445
75.002475,133,5683.03169
386.454219,194,5685.018212
-30.820694,400,5689.149375
-31.832228,400,5693.206081
-2.237016,400,5697.215431
478.558269,400,5701.276368
75.002475,133,5702.638567
233.30852,1,5702.681812
-8.661747,400,5706.890293
317.304838,400,5710.906666
-15.276023,400,5714.883129
342.255453,181,5716.840984
123.911808,253,5719.391058
73.515345,233,5721.788051
17.857282,400,5725.758527
553.817537,285,5728.64924
163.010171,362,5732.298917
435.611434,246,5734.779048
340.330857,179,5736.601062
473.250335,245,5739.105832
80.561145,400,5743.067238
971.877879,400,5747.02509
10.817152,15,5747.204886
70.716289,209,5749.415299
-50.163027,253,5751.948642
1476.265075,400,5756.035286
233.308309,1,5756.076231
-37.889117,62,5756.737073
-54.89418,400,5760.72
-8.779347,400,5764.75398
317.268378,400,5768.753955
17.855555,400,5772.774035
110.905282,400,5776.848519
101.27953,400,5780.855117
126.209417,400,5784.872739
-13.564657,400,5788.86567
969.839061,400,5792.918832
-17.257267,5,5793.001784
233.308523,1,5793.042483
910.505198,400,5797.02789
233.308523,1,5797.07353
895.387646,400,5801.075465
-41.534352,220,5803.32988
208.282396,1,5803.371372
141.217338,400,5807.357827
233.308523,1,5807.403294
306.093538,400,5811.445768
946.386119,400,5815.51261
1665.313646,400,5819.568788
73.906992,183,5821.471707
9.819037,345,5825.064481
476.972,248,5827.692373
285.195276,330,5831.010647
176.495961,337,5834.382972
75.002475,133,5835.733224
75.002475,133,5837.114349
278.225564,376,5840.943057
1089.368727,400,5844.965662
233.308501,1,5845.012381
428.354296,226,5847.302092
299.16313,400,5851.345175
-19.41953,1,5851.387307
69.272975,178,5853.228307
25.934149,400,5857.29275
73.348662,186,5859.178338
-16.801331,400,5863.268329
917.205849,400,5867.240122
65.150642,400,5871.216717
233.308493,1,5871.262357
75.002475,133,5872.676168
157.128245,302,5875.667715
447.049061,242,5878.181543
415.728732,265,5880.882575
-23.640023,24,5881.146823
350.378797,400,5885.175477
29.034359,400,5889.170024
901.976756,400,5893.137358
-4.50825,27,5893.424987
233.30852,1,5893.470591
316.944747,400,5897.466027
63.600022,176,5899.248922
453.710865,236,5901.673977
-85.248298,396,5905.634567
-2.964231,8,5905.745631
72.982829,400,5909.73547
1452.908927,400,5913.730793
442.074332,229,5916.065961
233.308455,1,5916.110939
202.740383,375,5919.869938
200.468844,383,5923.707631
-11.069444,400,5927.786602
812.76322,400,5931.859821
807.106718,400,5935.873237
615.351283,400,5939.846012
-30.420145,52,5940.410861
308.019069,400,5944.403701
-16.7107,400,5948.509342
-10.508502,17,5948.702417
412.787071,215,5951.009733
-23.137595,24,5951.271165
56.616583,400,5955.267113
-52.22149,400,5959.320482
1505.063831,400,5963.387283
903.551115,400,5967.363488
369.568739,400,5971.323186
-22.133894,15,5971.502869
643.746072,400,5975.599055
889.469572,400,5979.628304
500.968123,260,5982.268897
378.958154,197,5984.318217
67.886047,400,5988.367933
233.308523,1,5988.408426
125.277151,275,5991.111679
-30.249404,31,5991.441259
183.508131,368,5995.149271
-11.75596,400,5999.262599
918.340488,400,6003.287894
218.857097,1,6003.335603
554.438734,288,6006.227224
-30.992348,400,6010.368966
233.308523,1,6010.409723
-20.920123,3,6010.472443
671.760645,400,6014.49458
-17.853754,1,6014.535648
-23.668329,15,6014.71491
-26.702275,400,6018.782551
206.791364,1,6018.82806
1511.811133,342,6022.841884
233.308523,1,6022.886742
-11.010579,15,6023.062715
65.843976,400,6027.12711
72.651199,400,6031.305735
-47.902836,400,6035.325987
-46.587316,67,6036.004065
75.002474,133,6037.372898
387.968371,195,6039.322575
798.913653,400,6043.277279
75.002475,133,6044.706645
85.888531,54,6045.262578
889.838425,400,6049.276483
-21.154884,7,6049.379998
-6.751028,400,6053.425737
577.652743,292,6056.395459
343.902472,400,6060.428362
162.583192,310,6063.630014
81.364931,400,6067.712606
-0.90936,400,6071.717364
-1.755893,400,6075.756575
-17.871068,1,6075.797183
446.303877,231,6078.089822
-18.574615,400,6082.169124
194.951786,390,6086.189939
104.93012,400,6090.160459
-16.765085,400,6094.200935
233.308523,1,6094.24198
-13.720133,10,6094.370497
-61.23316,114,6095.526409
-5.115053,7,6095.628248
75.002473,133,6096.928185
957.462383,400,6101.015077
-5.825379,400,6104.977835
75.002475,133,6106.435099
-3.46394,400,6110.409266
0.041176,35,6110.780566
291.107802,400,6114.893113
253.189415,400,6118.849763
428.566039,224,6121.099452
452.813118,241,6123.655754
441.276707,243,6126.032074
898.180347,400,6130.123396
-14.832731,400,6134.120209
114.623528,400,6138.134634
112.107913,400,6142.165434
217.307739,1,6142.213998
34.445131,223,6144.405449
726.336178,400,6148.498357
405.430071,206,6150.516448
418.987696,218,6152.739475
113.923412,400,6156.815345
453.782964,229,6159.205431
62.796984,39,6159.61327
209.146629,1,6159.660744
516.942957,269,6162.322112
301.860866,400,6166.35637
86.553666,400,6170.409841
88.578897,400,6174.40392
402.720728,266,6177.028776
469.935307,400,6181.067053
20.431275,19,6181.286694
498.675772,400,6185.448668
-5.484582,400,6189.455328
-1.129049,30,6189.779039
317.243552,400,6193.849615
444.449505,233,6196.149792
-12.384044,400,6200.18369
75.002475,133,6201.496835
233.308523,1,6201.538305
1479.880705,400,6205.539612
20.357991,19,6205.758775
908.499779,400,6209.734946
942.645367,400,6213.711403
88.945966,400,6217.682897
75.002475,133,6219.089052
930.600363,400,6223.056049
233.308523,1,6223.102143
374.998376,196,6225.277861
523.360716,400,6229.372646
-0.886293,400,6233.387742
233.308523,1,6233.429842
-7.711782,400,6237.411909
430.077588,217,6239.653347
29.536796,24,6239.951147
148.259033,304,6243.123763
14.986464,17,6243.326377
-33.582608,400,6247.36107
211.339108,109,6248.459028
-2.152444,400,6252.426802
97.522828,400,6256.497209
-22.54339,400,6260.516098
233.308523,1,6260.558512
-119.003498,240,6263.109973
333.695832,177,6264.864006
388.085356,195,6266.878532
-1.113243,400,6270.844539
592.196026,294,6273.808552
-27.719125,40,6274.232777
122.106432,400,6278.25494
283.243877,144,6279.697155
605.26561,294,6282.669681
339.97988,180,6284.505935
211.760463,1,6284.550965
1472.35995,400,6288.521891
-4.778007,400,6292.540759
418.525327,220,6294.770594
265.202659,400,6298.740679
-78.289809,141,6300.166408
56.531308,159,6301.722379
75.002475,133,6303.104909
119.170811,400,6307.231
75.002475,133,6308.65488
-6.628773,400,6312.746664
308.217558,400,6316.780129
901.65545,400,6320.77366
48.174543,33,6321.161639
233.308523,1,6321.207852
233.308523,1,6321.247248
1625.802369,400,6325.280415
265.327874,400,6329.450074
-18.359496,3,6329.515515
-74.01965,133,6330.860182
55.324015,146,6332.396091
370.586476,196,6334.357691
-72.387595,130,6335.709134
-9.211716,400,6339.709529
-1.838809,29,6340.058759
450.42827,235,6342.416286
-86.653783,165,6344.201255
274.810672,400,6348.302321
-20.686378,4,6348.375165
5.548566,12,6348.524161
77.385581,400,6352.515719
30.585905,400,6356.576167
-101.105949,400,6360.549296
422.390414,243,6363.010486
70.534414,184,6364.907828
-24.889287,400,6368.873786
-25.020911,20,6369.101923
1336.342702,400,6373.094537
207.425393,1,6373.140437
67.49846,144,6374.57657
448.881483,234,6377.006896
233.308523,1,6377.05005
347.107944,194,6379.073504
56.884298,158,6380.609184
210.051122,400,6384.597344
75.000905,133,6385.920043
-12.050214,400,6389.883823
-84.325434,157,6391.553593
200.420878,400,6395.64113
-3.594345,8,6395.752449
-19.973101,1,6395.798505
418.442011,210,6397.915814
233.308523,1,6397.957485
74.141178,167,6399.621973
283.202592,400,6403.746572
233.308523,1,6403.788456
177.68517,400,6407.813267
-16.239127,6,6407.905599
75.002474,133,6409.281731
90.957878,400,6413.349951
233.308453,1,6413.389803
185.395448,400,6417.359397
93.053133,400,6421.331898
1157.175433,400,6425.377962
235.878199,1,6425.424654
1505.395976,400,6429.450237
-20.321702,2,6429.503775
788.903805,267,6432.189011
305.819849,400,6436.126125
-16.85284,400,6440.100215
211.018362,1,6440.145828
71.153706,400,6444.150831
352.321872,187,6446.06642
102.572393,400,6450.016084
402.25109,202,6452.088505
-22.386721,400,6456.095563
88.622968,400,6460.128729
-21.210168,8,6460.239448
-3.466154,400,6464.380763
-24.01061,400,6468.400956
81.456089,400,6472.368322
104.233623,400,6476.339802
90.789374,400,6480.380807
560.670378,400,6484.37642
414.246944,208,6486.496257
125.470079,400,6490.526152
50.020492,166,6492.198819
256.173856,200,6494.173797
669.63428,339,6497.646906
400.057258,201,6499.793367
91.036697,400,6503.86947
-22.247504,5,6503.953366
424.172947,213,6506.045352
-36.822271,400,6510.011566
436.105814,220,6512.333363
316.783458,400,6516.359726
106.340386,400,6520.505874
-20.163457,1,6520.551934
102.476574,400,6524.554581
106.236255,400,6528.5139
900.218011,400,6532.464208
74.934247,133,6533.80482
-16.154081,400,6537.937618
309.74757,400,6541.928676
-7.624305,400,6545.946295
-77.080803,195,6547.9225
233.307846,1,6547.963232
427.04524,222,6550.182385
96.729945,400,6554.284699
250.020609,400,6558.347822
108.01523,400,6562.32901
739.961109,376,6566.123321
39.085383,79,6566.949995
438.091054,220,6569.178713
233.308299,1,6569.220222
99.208427,400,6573.211433
-13.541762,25,6573.491191
442.113298,223,6575.690386
96.00074,400,6579.701417
891.360798,400,6583.662974
428.200303,215,6585.855111
-33.01477,400,6589.892059
47.942538,400,6593.848374
56.589518,134,6595.278263
333.469369,400,6599.264153
-20.137032,1,6599.30407
122.140144,400,6603.308295
-68.807939,400,6607.342024
233.308231,1,6607.387513
97.306606,400,6611.380899
1323.853905,400,6615.534621
364.837069,191,6617.431237
-120.035571,367,6621.060782
28.512347,23,6621.309556
1589.102486,367,6625.077125
20.48841,19,6625.286102
317.413253,400,6629.296201
46.840692,400,6633.385136
287.712299,400,6637.500219
320.728658,400,6641.523093
-30.526155,400,6645.506161
1726.178782,395,6649.414818
233.308183,1,6649.456655
910.022228,400,6653.465634
-50.853965,400,6657.380861
1470.585328,400,6661.357286
208.079337,400,6665.337996
368.274544,400,6669.350061
158.895853,324,6672.666678
94.856018,400,6676.669361
611.656745,379,6680.444933
319.380913,400,6684.424668
68.307511,400,6688.359635
211.869372,1,6688.401755
358.088017,239,6690.758934
96.290851,400,6694.874425
63.090999,136,6696.235258
444.779758,232,6698.519264
282.92271,400,6702.569703
-37.8276,400,6706.594897
1681.212576,361,6710.195228
233.307664,1,6710.241085
-20.475208,3,6710.299889
-38.806173,400,6714.326694
616.114002,400,6718.291513
-11.482992,4,6718.364455
-30.063275,400,6722.311091
-23.091889,400,6726.329813
78.377348,400,6730.348515
71.596997,167,6732.075821
69.523133,400,6735.995533
-18.908327,2,6736.048199
-20.130721,400,6740.177986
363.299491,190,6742.021152
303.647972,400,6746.106742
35.756479,27,6746.39419
215.693923,1,6746.438968
272.5745,400,6750.387181
297.418219,400,6754.429476
81.124286,400,6758.389749
233.307607,1,6758.430311
66.248833,400,6762.509679
-41.448339,400,6766.560279
-17.482577,400,6770.59709
1520.660271,400,6774.664142
-48.370097,400,6778.646355
226.552631,1,6778.692559
233.308268,1,6778.732281
1490.147532,400,6782.763618
233.308207,1,6782.811592
74.966469,400,6786.801545
338.83534,212,6788.984364
311.535573,191,6790.935619
331.509333,400,6794.936463
233.308224,1,6794.984844
296.888876,400,6798.936105
84.528401,400,6802.882178
33.689159,26,6803.166727
81.298073,400,6807.142608
-1.89936,400,6811.102438
54.026323,149,6812.661959
233.308131,1,6812.707539
-49.180361,114,6813.86264
118.311255,270,6816.625822
207.166738,1,6816.667416
355.196859,186,6818.471666
299.285568,400,6822.471262
332.49723,400,6826.396489
-11.552629,400,6830.436815
55.189816,145,6831.994894
-41.516005,60,6832.603984
233.306977,1,6832.645324
304.988168,400,6836.60875
389.349961,203,6838.677507
-22.716948,20,6838.900514
206.10012,1,6838.942187
70.542636,400,6842.922428
-18.111624,3,6842.988058
62.431832,400,6846.918384
-13.3422,12,6847.10088
-5.090911,400,6851.155471
-16.019043,400,6855.185614
-15.472567,400,6859.120332
573.263926,400,6863.194359
326.571606,179,6865.017851
75.685289,400,6868.97724
-129.062325,400,6872.91126
233.307511,1,6872.957077
97.359552,400,6876.905825
233.307573,1,6876.946209
233.307299,1,6876.993307
1482.512177,400,6881.039433
897.177803,400,6885.018555
637.687027,400,6888.972617
899.761977,400,6892.983248
344.69947,180,6894.868782
233.307914,1,6894.910683
53.898409,400,6898.891291
100.942011,400,6902.879755
233.308037,1,6902.924803
439.068829,228,6905.182938
369.348285,400,6909.131502
33.571642,26,6909.413197
89.856147,400,6913.592764
-5.560401,22,6913.835126
84.067756,400,6917.755251
87.659364,400,6921.686417
756.749286,378,6925.46025
651.62644,400,6929.539373
-4.129373,400,6933.623793
233.308189,1,6933.664431
233.308162,1,6933.7099
660.852989,400,6937.716212
-15.349171,400,6941.708653
114.291302,400,6945.777322
608.725434,400,6949.78624
233.308299,1,6949.829667
196.73445,226,6952.058546
122.55281,400,6956.123144
233.308202,1,6956.171758
-17.267528,5,6956.250382
385.663442,400,6960.218175
19.133031,19,6960.435291
-21.171207,400,6964.397704
64.129312,264,6967.104233
-20.337875,2,6967.157557
305.552789,400,6971.141368
74.825956,179,6972.870517
362.1682,312,6975.995626
233.308188,1,6976.0412
-13.693665,3,6976.100135
452.796283,400,6980.137037
137.240714,291,6983.119261
134.169616,400,6987.059194
508.125327,400,6991.124681
-12.77809,13,6991.281967
19.128855,19,6991.50561
-18.742357,400,6995.522918
1654.565524,378,6999.2844
34.972682,119,7000.520591
233.30829,1,7000.566955
374.31412,400,7004.575413
-23.606985,29,7004.919823
434.501167,235,7007.269682
-14.299725,400,7011.294303
382.441411,200,7013.372113
228.632107,224,7015.747516
421.004212,221,7017.982578
440.897082,229,7020.31636
-24.213932,30,7020.634249
597.24561,400,7024.624861
233.3081,1,7024.666797
1002.907824,395,7028.688997
383.186324,209,7031.045154
-28.525771,400,7035.250151
1554.476606,400,7039.385364
164.508139,335,7042.764516
99.843029,400,7046.79092
-18.755457,2,7046.846022
-11.871672,13,7047.001028
-18.48823,3,7047.066212
-39.449245,56,7047.636403
-16.037584,400,7051.725159
435.218857,400,7055.71581
-9.759366,5,7055.796346
593.199295,400,7059.74666
-21.870856,12,7059.897247
392.044282,254,7062.422452
159.030194,205,7064.547068
233.308381,1,7064.587996
89.96035,190,7066.458048
395.32274,231,7068.804888
-13.90975,11,7068.941938
433.08089,224,7071.2091
86.054792,185,7073.12702
438.935425,228,7075.373432
378.194785,197,7077.39986
90.214438,185,7079.3378
55.473522,400,7083.379959
425.323473,241,7085.892316
1487.651389,400,7089.896955
-31.558657,400,7093.887923
-24.214244,400,7097.931914
-72.819121,137,7099.376992
263.907681,400,7103.32543
330.439512,400,7107.466472
-13.653669,400,7111.477753
506.512362,400,7115.452069
396.056444,206,7117.556362
570.15151,400,7121.706118
-43.232609,61,7122.348253
552.801687,400,7126.461768
114.213856,257,7129.007136
93.74674,206,7131.113658
62.737642,135,7132.471336
624.095605,400,7136.458327
233.30845,1,7136.504221
1.075949,37,7136.888299
106.577514,400,7141.01321
220.444475,1,7141.059802
300.348083,400,7145.122289
233.307288,1,7145.162185
95.006011,209,7147.368002
97.2989,212,7149.537648
228.326144,1,7149.578695
70.957895,153,7151.160379
64.288113,400,7155.151254
-27.896456,400,7159.142682
-24.114475,23,7159.392835
233.308211,1,7159.438565
495.23843,400,7163.468711
604.717941,400,7167.463199
125.822449,272,7170.283271
455.385912,229,7172.579728
687.943921,400,7176.566499
222.058138,1,7176.611835
-34.529663,400,7180.571219
-17.95589,1,7180.612179
-4.947415,24,7180.875237
-21.9663,4,7180.948035
233.306927,1,7180.994204
458.032403,239,7183.338273
233.307255,1,7183.383492
1406.325251,400,7187.398857
-16.88027,400,7191.363806
640.713597,400,7195.527289
477.367559,248,7198.002544
1.513502,236,7200.334579
307.251308,400,7204.431645
144.754699,303,7207.498878
896.695338,281,7210.335125
37.490434,27,7210.626296
348.621954,400,7214.638704
440.652617,400,7218.644458
346.564678,400,7222.621329
68.750116,168,7224.387971
32.619055,400,7228.353066
-4.954568,400,7232.383195
1492.098073,400,7236.539926
-542.712107,400,7240.591486
458.09153,239,7242.98707
-1.282755,400,7247.050169
233.308495,1,7247.091216
345.025871,400,7251.075403
644.882916,400,7255.206964
417.889587,400,7259.173817
-17.51167,400,7263.136207
302.881568,400,7267.137858
583.054146,400,7271.189188
635.550749,400,7275.215212
847.128582,400,7279.243531
-7.833139,400,7283.336329
-43.105967,118,7284.542298
233.30849,1,7284.587719
-11.928364,400,7288.654277
625.635941,400,7292.660016
364.404662,301,7295.69727
233.308476,1,7295.742249
580.527656,400,7299.758851
56.596363,140,7301.134452
636.359473,400,7305.203994
28.824318,400,7309.248692
157.482853,381,7313.070045
-130.235502,196,7315.235721
-34.415849,127,7316.518735
435.671807,226,7318.796839
47.277758,400,7322.811885
-17.151168,400,7326.809964
-10.787626,400,7330.776113
-29.707742,400,7334.934569
233.30852,1,7334.975621
117.985774,400,7338.992531
265.591774,400,7343.036032
425.721087,221,7345.252967
951.279979,400,7349.301115
221.852642,1,7349.343181
57.759611,140,7350.790102
344.68959,400,7354.961708
46.236963,400,7359.01873
108.597772,400,7362.989371
59.29184,400,7367.017042
-32.75262,54,7367.614417
90.865379,400,7371.664649
133.863009,400,7375.672114
467.361332,243,7378.074517
156.693461,400,7382.095069
3.422238,11,7382.267264
607.342501,400,7386.287428
454.752552,235,7388.703785
-6.879623,23,7388.953747
346.634128,400,7393.058365
57.965061,400,7397.043742
631.348554,400,7401.044292
537.277153,400,7405.082201
222.88743,1,7405.128538
763.561455,400,7409.169658
217.798719,1,7409.212032
61.743904,134,7410.634046
-52.894579,100,7411.663574
124.559459,274,7414.625137
1000.01357,310,7417.673706
359.425329,400,7421.780743
233.308494,1,7421.827846
648.703658,400,7425.811795
-11.945955,400,7429.822923
29.4136,400,7433.80205
-5.657989,7,7433.902147
151.107164,400,7437.863358
457.410925,238,7440.394793
-47.7014,400,7444.424273
11.046903,400,7448.601639
9.59297,400,7452.68433
-21.905207,1,7452.731062
103.252021,400,7456.700632
543.160749,400,7460.778018
1602.731115,400,7464.817062
341.408953,195,7466.7679
462.810717,241,7469.154785
902.67754,400,7473.173447
233.308523,1,7473.214638
233.308523,1,7473.25869
233.308523,1,7473.298472
872.629282,400,7477.291795
-11.699724,400,7481.310248
-10.703195,16,7481.495851
895.481691,400,7485.517604
-5.027342,22,7485.798546
-9.112082,400,7489.848234
566.841231,400,7493.794572
18.234887,400,7497.915755
942.74391,400,7501.963573
-12.253977,14,7502.130992
838.593501,400,7506.198038
122.482271,400,7510.193349
912.130187,400,7514.325502
61.833441,134,7515.76321
351.05137,185,7517.679376
734.746383,363,7521.45155
495.067259,256,7524.055418
311.925762,400,7528.071192
134.41431,285,7531.03106
902.282296,400,7535.044122
341.424239,180,7536.875684
914.38086,400,7540.928214
222.834086,1,7540.975826
231.222596,1,7541.025107
509.170349,400,7545.16788
945.063781,400,7549.197803
233.308523,1,7549.244229
-53.925216,82,7550.161543
7.684863,13,7550.328336
233.308523,1,7550.373644
29.438529,24,7550.647521
121.586295,282,7553.589542
-18.698848,400,7557.617991
-32.838812,302,7560.72156
135.375373,172,7562.440908
-37.170746,43,7562.896524
127.051384,400,7566.976601
497.362012,260,7569.674904
3.397816,11,7569.817586
781.80058,400,7573.854148
113.019549,176,7575.666194
81.262912,400,7579.803113
881.494991,400,7583.959482
221.480676,1,7584.010116
325.587496,385,7587.938378
-22.134869,15,7588.241254
914.983144,400,7592.349705
894.888094,400,7596.591093
183.294875,379,7600.557232
227.062492,1,7600.607293
471.7267,245,7602.996914
880.594202,400,7607.141842
329.480773,175,7608.997107
107.377478,219,7611.195779
-31.080644,47,7611.808447
562.566786,282,7614.682295
101.570502,224,7617.009662
564.136782,400,7621.144869
233.308523,1,7621.190367
61.090851,133,7622.542443
906.224301,400,7626.675689
319.121884,168,7628.361717
797.718238,400,7632.440001
-14.353169,9,7632.563163
94.284043,193,7634.566139
31.940216,189,7636.599158
62.672774,136,7637.974314
873.037515,400,7642.277487
460.014845,239,7644.74496
465.724704,242,7647.245506
902.678546,400,7651.451089
233.308523,1,7651.498504
-20.694444,1,7651.547888
801.90631,400,7655.59859
-4.687514,27,7655.936549
887.96507,400,7659.989016
857.556384,400,7664.076932
-21.041778,6,7664.174296
233.308523,1,7664.223953
417.047264,217,7666.536734
1608.132863,366,7670.244201
233.308523,1,7670.29396
463.459685,317,7673.530387
-48.706287,143,7675.077825
684.369344,400,7679.111741
465.827795,241,7681.47458
901.958306,400,7685.580775
233.308523,1,7685.633156
-13.61695,3,7685.697685
902.252413,400,7689.792032
-20.918011,2,7689.850144
233.308523,1,7689.899194
70.237959,178,7691.725092
69.107756,400,7695.812947
310.873352,400,7699.845727
-20.150496,5,7699.929192
48.107892,33,7700.28978
233.308523,1,7700.335611
349.776272,185,7702.275367
164.027901,332,7705.697693
103.699025,400,7709.87816
112.945013,234,7712.28886
357.506919,266,7714.922252
214.8455,1,7714.968196
-6.634183,1,7715.017704
-36.878862,88,7716.028629
357.845363,189,7718.011473
477.538007,248,7720.58731
440.034099,400,7724.697555
233.308523,1,7724.74794
356.26217,304,7727.913403
810.132197,400,7732.005183
51.798137,400,7736.236033
-11.812887,4,7736.312965
340.161912,178,7738.206829
-6.427022,400,7742.243647
896.997848,400,7746.376412
895.66246,400,7750.518639
61.954302,400,7754.73984
727.597687,367,7758.506208
214.283821,1,7758.55619
209.287944,1,7758.60143
348.157986,253,7761.320533
359.676623,190,7763.333935
233.308523,1,7763.379477
90.106448,400,7767.53561
335.168364,170,7769.209335
7.428385,400,7773.464686
3.419403,11,7773.611839
106.316449,217,7775.828793
-5.22713,400,7779.928177
97.294114,229,7782.231873
1.276395,400,7786.47357
-19.728798,400,7790.524639
96.732579,400,7794.673071
65.166556,400,7798.853531
902.831188,400,7802.902005
74.690232,400,7807.056318
-51.778172,400,7811.249575
130.795136,290,7814.196505
454.065683,240,7816.722046
28.763027,400,7821.092764
906.776892,400,7825.175157
142.182143,298,7828.249399
87.9355,400,7832.549841
63.841722,165,7834.197509
85.617918,400,7838.331733
307.92512,400,7842.424269
374.870589,196,7844.371697
233.308523,1,7844.421806
305.537357,400,7848.725761
0.54383,12,7848.881632
86.793004,400,7853.008143
-13.90906,11,7853.150592
94.840889,224,7855.518244
-31.316577,8,7855.6332
32.822458,400,7859.817976
-34.359237,120,7861.145013
606.724789,304,7864.250324
233.308523,1,7864.3
-13.906732,11,7864.444234
49.837471,400,7868.554422
624.04172,400,7872.625144
-3.00078,27,7872.924783
498.045338,257,7875.6091
-40.691258,98,7876.602503
-17.947803,1,7876.652026
123.875395,273,7879.567951
70.938112,400,7883.721185
233.308581,1,7883.771388
-33.914859,111,7884.881401
766.156322,381,7888.75983
67.604232,172,7890.589638
49.963263,400,7894.735014
1006.661741,400,7898.940222
-20.157022,1,7898.985688
-4.884044,24,7899.294579
-93.317485,295,7902.352655
3.343062,11,7902.494428
80.126046,400,7906.525643
1115.203012,400,7910.584621
1071.924866,400,7914.899616
-20.160008,1,7914.954201
-24.673728,16,7915.147172
10.729791,113,7916.307606
151.701545,317,7919.613525
106.818516,400,7923.741173
376.549671,198,7925.808489
488.409986,381,7929.719984
362.306622,191,7931.649842
98.846149,227,7934.088249
206.759359,1,7934.138681
15.19313,24,7934.409528
-23.047116,21,7934.651346
2.55935,11,7934.798738
60.56536,133,7936.200759
233.308523,1,7936.252727
300.851566,400,7940.305079
367.175363,193,7942.324753
638.425689,400,7946.458445
-21.608235,1,7946.509287
-41.075582,57,7947.102084
59.369293,202,7949.225753
-11.645647,15,7949.413119
131.908926,400,7953.518041
535.822897,276,7956.595438
233.308523,1,7956.640866
-56.617882,151,7958.124035
220.392814,1,7958.171321
400.37151,210,7960.470212
167.460075,345,7964.058459
62.700553,211,7966.322087
233.308523,1,7966.3724
233.308523,1,7966.417015
233.308523,1,7966.473465
592.825293,400,7970.53142
-21.480658,1,7970.577264
48.81687,222,7972.9662
62.853007,214,7975.165243
51.817274,176,7977.057884
364.196972,193,7979.009634
436.744511,228,7981.417731
61.164049,133,7982.737798
-42.763384,105,7983.825761
89.265093,400,7987.965398
-25.934227,32,7988.314377
122.150237,400,7992.431173
59.222244,130,7993.801411
233.308523,1,7993.846928
190.602386,379,7997.810487
233.308523,1,7997.85578
-21.506321,9,7997.983319
324.193256,218,8000.280343
1399.427865,400,8004.557642
-90.997983,275,8007.361192
61.183569,123,8008.626731
94.130344,400,8012.682952
440.264971,229,8015.087925
-5.032426,24,8015.361
-20.160659,1,8015.411204
-33.744349,56,8015.990129
59.351668,130,8017.372334
111.663851,400,8021.539597
-10.025509,18,8021.751266
-90.850469,281,8024.703971
-20.249845,1,8024.754713
-89.711141,276,8027.601112
212.868923,1,8027.646678
233.308523,1,8027.696415
553.317394,275,8030.549457
-17.085017,400,8034.827759
740.274492,400,8038.958272
713.041244,400,8043.037794
125.693401,400,8047.035977
222.744125,1,8047.086371
140.888043,400,8051.196849
145.830389,311,8054.330587
29.333147,168,8056.108837
506.963477,265,8059.355691
1372.292735,400,8063.485448
416.323681,216,8065.78124
903.322658,400,8069.950933
6.712548,13,8070.112438
494.743436,258,8072.815365
233.308523,1,8072.865367
523.195123,267,8075.580219
722.171018,400,8079.677066
53.36592,119,8080.861108
233.308523,1,8080.906482
132.311898,400,8085.017259
-18.817007,400,8089.300945
-30.650395,10,8089.43799
59.369147,130,8090.740689
358.065504,208,8092.939673
28.967676,23,8093.241452
382.925014,200,8095.361903
210.268456,1,8095.410019
-21.486941,10,8095.546172
157.716733,400,8099.65449
585.54667,400,8103.747512
100.980506,400,8107.878776
-23.863513,400,8111.962455
1379.263446,400,8116.152375
916.877046,400,8120.367642
861.997055,396,8124.441811
6.966179,400,8128.509759
59.886405,131,8129.866057
-16.703584,6,8129.96216
80.69522,400,8134.065978
804.613893,400,8138.368568
140.251015,400,8142.40461
-94.862405,144,8143.916415
427.517086,222,8146.259486
1403.770865,400,8150.293179
216.068974,1,8150.33923
-8.658817,18,8150.547657
-13.709043,400,8154.670259
233.308523,1,8154.720239
233.308523,1,8154.765599
590.472933,400,8158.886466
-23.137595,24,8159.203401
506.282663,262,8161.941802
59.892236,131,8163.244886
870.837573,400,8167.563398
511.824887,400,8171.633142
-7.229742,20,8171.90691
892.730819,400,8176.065744
-20.026416,1,8176.111255
9.695624,14,8176.286351
786.690883,396,8180.288935
995.953111,400,8184.37147
304.836717,156,8186.028907
-6.895525,24,8186.298917
93.30621,400,8190.47235
-20.188845,400,8194.551477
1157.143678,400,8198.608273
34.305275,127,8199.956702
142.174988,400,8204.019794
352.374039,186,8206.020562
-7.224325,6,8206.118631
978.190127,400,8210.169069
1358.379871,400,8214.277892
623.931646,400,8218.525614
508.28478,400,8222.733275
-24.776103,400,8226.945924
-8.66812,18,8227.156679
508.189585,262,8229.848696
414.302251,216,8231.964668
89.152895,400,8235.991376
-19.372405,1,8236.037225
-24.20779,400,8240.211997
87.410749,400,8244.239445
-5.650828,7,8244.345794
305.47584,400,8248.394723
-15.909855,2,8248.452138
233.308523,1,8248.496517
-15.609265,8,8248.610233
-20.132902,400,8252.689946
942.349008,400,8256.816777
76.940579,400,8260.932084
838.677982,392,8264.963609
-24.605455,400,8269.076884
416.556733,220,8271.266456
233.308523,1,8271.318424
98.062262,213,8273.53412
-12.271158,400,8277.620755
362.302878,257,8280.225034
386.209597,203,8282.306834
612.231715,400,8286.359848
62.611639,173,8288.149992
85.688938,400,8292.212883
912.428302,400,8296.369334
625.084461,400,8300.456762
971.013245,400,8304.704241
14.919231,17,8304.94341
-19.946245,2,8305.000643
-15.150664,400,8309.035771
-27.620642,281,8311.888136
85.969415,400,8315.964093
-24.555321,400,8320.085897
16.008865,102,8321.150252
-37.609094,47,8321.662585
-38.973391,400,8325.685268
-18.638977,152,8327.232753
-15.767286,2,8327.290874
339.89364,181,8329.168519
631.224452,400,8333.336183
65.903709,130,8334.830503
-20.646442,4,8334.908461
427.205172,222,8337.186913
233.308309,1,8337.231961
51.394425,122,8338.498374
25.358921,22,8338.747283
87.68741,400,8342.922434
-28.875072,400,8347.030172
16.155804,17,8347.236194
-14.350805,9,8347.361156
-5.539006,23,8347.625722
-19.37036,1,8347.670519
-8.817953,20,8347.903385
298.004434,400,8352.062699
971.622073,400,8356.20694
24.192908,400,8360.425128
401.617538,266,8363.268054
233.308523,1,8363.318368
460.696434,242,8365.774069
971.036642,400,8369.924935
343.117433,193,8371.864892
24.676879,21,8372.147978
-34.597219,43,8372.598781
1441.516778,400,8376.70544
72.527485,132,8378.217372
-36.087854,124,8379.457286
233.437122,1,8379.506873
904.006716,400,8383.756618
-25.92257,30,8384.081995
-12.811728,13,8384.241774
178.939275,341,8387.963307
957.743265,400,8391.98421
942.424233,400,8396.17607
970.668731,400,8400.262937
-31.512445,19,8400.480501
-20.395172,1,8400.530573
1429.84183,400,8404.582069
-31.373571,400,8408.622493
-34.688819,379,8412.462859
233.308523,1,8412.513062
-4.274697,28,8412.824821
-4.892122,24,8413.09531
481.239565,250,8415.680175
233.308523,1,8415.72609
913.296979,400,8419.985716
19.115344,19,8420.209602
70.456131,132,8421.647667
399.61179,206,8423.868437
120.7315,249,8426.455409
66.356316,400,8430.546243
651.084096,326,8434.060327
389.693295,204,8436.145325
368.154778,194,8438.178751
379.950507,200,8440.352868
418.890461,220,8442.566776
1500.329468,400,8446.687632
72.664701,133,8448.027709
599.498124,291,8451.105525
-44.821474,131,8452.430809
-12.165487,400,8456.719
25.363255,22,8456.968143
-9.352627,5,8457.053569
64.196867,400,8461.215095
833.897635,393,8465.291757
958.226044,400,8469.372146
332.383885,170,8471.08319
586.557731,400,8475.280494
606.599605,305,8478.437217
4.362125,400,8482.526986
-19.370381,1,8482.577285
233.308523,1,8482.624175
62.972719,177,8484.408379
-4.869537,27,8484.706641
714.526037,357,8488.483567
402.39253,210,8490.596276
198.964301,400,8494.763011
-12.43994,12,8494.95753
1437.295041,400,8499.004981
-0.839402,400,8503.243366
212.482775,1,8503.289396
418.591147,221,8505.583901
602.231462,303,8508.829572
966.705511,400,8512.968295
-22.120658,400,8517.056379
632.60407,400,8521.171206
67.740601,179,8523.112301
-32.811034,68,8523.849526
98.483821,400,8527.961491
-6.203524,400,8532.266727
82.421595,400,8536.393094
368.447013,195,8538.357786
215.546051,1,8538.407375
19.144138,19,8538.626926
-2.14211,400,8542.843603
233.308309,1,8542.893305
-16.992536,400,8546.915288
206.195205,1,8546.961499
-21.796136,29,8547.322396
405.115316,213,8549.609087
73.557461,400,8553.623748
482.652697,385,8557.591776
-1.273188,400,8561.746583
116.574959,400,8565.799742
-60.061949,400,8570.049987
362.504366,192,8572.145285
74.886178,133,8573.602639
77.424888,400,8577.650155
468.246254,245,8580.299892
-7.224326,6,8580.396484
-4.843781,27,8580.695386
65.178553,174,8582.533772
233.308523,1,8582.584336
233.308523,1,8582.628856
485.614777,395,8586.674446
-11.634902,11,8586.816481
462.67651,241,8589.254541
233.308523,1,8589.300121
233.308523,1,8589.348802
579.549982,400,8593.448674
1448.209558,400,8597.624787
233.308523,1,8597.670185
221.652494,1,8597.719512
938.219752,400,8601.760838
233.308523,1,8601.80701
-3.617731,26,8602.095978
970.450049,400,8606.221011
899.966951,400,8610.265446
-5.67234,7,8610.413248
-20.188171,1,8610.457911
-32.958559,400,8614.609215
980.987502,400,8618.726628
97.641836,400,8622.761596
98.410369,214,8625.028361
42.193107,400,8629.05614
394.889123,206,8631.195385
-2.617787,31,8631.583626
-17.869327,1,8631.629603
233.308523,1,8631.678168
-130.67173,312,8634.794304
490.582992,254,8637.415164
430.151507,215,8639.617403
-19.960016,1,8639.666749
82.298529,400,8643.687003
-146.211986,340,8647.219347
983.366628,400,8651.400125
-41.361826,104,8652.439994
428.586581,215,8654.713057
430.564443,223,8656.946202
750.86534,377,8660.814531
118.004957,400,8664.894448
215.802707,400,8669.143737
1340.296226,400,8673.195715
100.032892,400,8677.31048
-32.399937,51,8677.841541
1161.599772,400,8682.167384
450.09641,397,8686.158293
67.507849,171,8687.903359
-20.775683,5,8687.9867
16.81307,367,8691.90359
887.198711,400,8695.96129
-67.354751,157,8697.678442
-21.01818,6,8697.775239
1301.506848,400,8702.033795
592.146721,400,8706.145312
221.256772,1,8706.196322
83.140916,400,8710.388865
-20.476366,3,8710.455044
-19.519666,400,8714.717484
767.747145,378,8718.645128
1389.914653,400,8722.680439
210.418754,1,8722.731107
137.159446,303,8725.946659
993.593135,400,8730.091172
233.308309,1,8730.141304
233.308523,1,8730.186707
47.332172,312,8733.437964
-4.007549,24,8733.71104
1472.205606,400,8737.747096
-21.44398,1,8737.797613
-24.974257,27,8738.093252
861.989719,400,8742.241739
544.64249,400,8746.357768
-12.259616,400,8750.519263
116.198114,400,8754.63465
132.064673,400,8758.727611
233.308523,1,8758.778149
436.747234,229,8761.106745
455.204274,250,8763.620094
18.299121,400,8767.748929
926.776479,400,8771.983467
779.077553,400,8776.056612
899.762182,400,8780.180974
120.291914,400,8784.309781
590.943903,400,8788.38532
-20.125515,1,8788.435053
-33.510336,400,8792.461864
-15.782427,137,8793.835467
233.308523,1,8793.885876
508.831071,400,8798.057103
814.083557,400,8802.261062
158.61526,325,8805.532595
-1.816849,29,8805.852905
716.481717,400,8809.884817
1358.438233,400,8813.983162
628.3891,400,8818.118449
77.791788,400,8822.120713
779.913147,388,8826.153345
-17.594559,400,8830.222072
-13.052061,12,8830.374653
-1.322371,33,8830.769572
28.975766,23,8831.079221
-12.14127,400,8835.133313
101.388211,400,8839.218401
-4.333712,25,8839.497557
233.308523,1,8839.54763
-41.191746,44,8840.01059
921.017644,400,8844.047038
97.332865,400,8848.229406
233.308523,1,8848.275816
981.67158,400,8852.454466
233.308523,1,8852.505349
45.617871,400,8856.693838
233.308523,1,8856.739617
778.881694,344,8860.213184
977.212476,400,8864.359636
909.020323,400,8868.456723
947.92348,400,8872.684104
617.716128,400,8876.710053
-13.928859,11,8876.858377
572.484861,286,8879.816298
85.600533,174,8881.613609
881.075808,400,8885.643636
74.089901,188,8887.628372
233.308523,1,8887.673489
465.488913,242,8890.1911
-34.906273,400,8894.239603
72.198473,179,8896.091007
483.788796,270,8898.802653
72.480089,400,8902.795366
66.468477,168,8904.584342
233.308523,1,8904.630025
122.308017,400,8908.788661
-44.957255,400,8912.838028
61.67866,400,8916.996319
-20.956178,1,8917.045975
22.406543,20,8917.273385
-43.64718,400,8921.386555
14.076261,16,8921.58138
605.515722,301,8924.59985
819.399277,389,8928.525164
441.804951,232,8930.91278
-33.341027,115,8932.136966
96.440983,400,8936.256552
-10.140853,400,8940.309758
70.011139,400,8944.482121
3.425894,11,8944.630962
120.966801,400,8948.841114
865.055272,400,8952.910915
85.174943,208,8954.949414
482.048885,338,8958.40346
444.589288,232,8960.893201
802.046677,383,8964.770403
63.658502,166,8966.41467
111.869124,272,8969.232846
492.724411,256,8971.858532
233.308523,1,8971.908503
660.356461,400,8976.061791
-36.174755,92,8977.066759
86.915695,400,8981.164031
1408.178819,400,8985.244773
482.508434,251,8987.870368
96.22827,197,8989.881582
296.401176,400,8994.038994
927.61117,400,8998.1852
69.514166,400,9002.263854
1140.258443,400,9006.458431
468.187179,243,9008.97275
233.308523,1,9009.025097
987.473603,400,9013.187025
478.30162,400,9017.33037
72.946871,211,9019.570979
-25.014186,74,9020.316817
1360.08214,400,9024.476252
461.889487,239,9026.93351
552.851824,283,9029.782799
220.228412,1,9029.832331
877.167906,400,9033.915161
525.360338,400,9037.979419
-15.910035,2,9038.035949
989.46507,400,9042.191801
233.308523,1,9042.237416
669.65196,400,9046.334628
78.651532,400,9050.432753
220.545709,1,9050.483026
109.608326,258,9053.092184
437.226431,228,9055.533493
23.022789,21,9055.77345
-28.956988,6,9055.868878
233.308309,1,9055.918368
469.977109,244,9058.35235
945.968775,400,9062.493215
71.280098,175,9064.416513
-17.734345,4,9064.493109
176.847583,361,9068.331086
383.64804,198,9070.355214
-11.108583,16,9070.548647
-9.754953,6,9070.644742
134.491961,400,9074.696567
27.459696,23,9074.954188
872.711658,400,9079.035129
-69.464182,400,9083.047121
62.519129,400,9087.116481
-12.778979,13,9087.29114
233.308523,1,9087.335978
473.135556,263,9090.09933
1301.665195,400,9094.177521
1007.532181,400,9099.03422
-33.826593,76,9099.844415
233.308523,1,9099.890011
968.722417,400,9104.031735
-7.938584,100,9105.121096
1426.341877,400,9109.216807
464.841366,254,9111.735803
994.097021,400,9115.876724
233.308523,1,9115.927406
450.923688,235,9118.39871
415.566216,246,9121.012605
48.248524,111,9122.201525
-24.086927,35,9122.578678
115.177783,400,9126.677507
233.308523,1,9126.727911
-13.613245,3,9126.793088
923.208115,400,9130.883161
474.036526,246,9133.386867
1317.705123,400,9137.412471
-11.648145,15,9137.6002
1431.009821,400,9141.71079
98.0142,400,9145.811385
-140.286739,280,9148.706368
436.843197,273,9151.44902
79.775251,400,9155.559208
79.783288,400,9159.573672
233.308523,1,9159.62483
68.745653,170,9161.436991
-22.009655,14,9161.610832
643.243564,327,9165.054555
25.379774,27,9165.354379
-17.955929,1,9165.399814
1286.650966,400,9169.570139
53.902222,176,9171.364648
1114.263721,400,9175.637008
147.107276,313,9178.80412
-24.830339,26,9179.093256
86.831523,400,9183.084481
1000.694006,400,9187.256053
-3.593315,8,9187.372448
-17.25727,5,9187.497451
1143.853125,400,9191.464786
214.774105,1,9191.519168
673.95299,346,9194.961015
989.09758,400,9199.186878
346.401952,179,9200.988123
-13.3448,12,9201.141008
468.251515,244,9203.668806
233.308522,1,9203.719156
-37.3445,20,9203.989625
312.466591,400,9208.041988
112.502532,400,9212.145559
-12.783418,13,9212.310072
91.017185,220,9214.545117
51.382385,176,9216.367826
-27.477949,58,9216.967126
233.308512,1,9217.019259
17.930928,400,9221.13091
-5.650828,7,9221.235864
-31.594181,23,9221.495
892.870271,400,9225.651265
86.107733,187,9227.560617
984.424939,400,9231.598787
233.307344,1,9231.649733
756.876963,400,9235.674683
545.265009,400,9239.716079
162.169927,307,9242.932173
-28.523894,31,9243.272038
-20.486857,3,9243.338471
892.79549,400,9247.410541
-29.026012,400,9251.57266
-11.072431,16,9251.765678
1397.66772,400,9255.987263
233.307085,1,9256.03647
28.977854,23,9256.292454
319.207226,400,9260.364428
90.282025,224,9262.562069
987.244729,400,9266.671625
101.377845,400,9270.802057
106.997972,400,9274.97457
102.806746,400,9279.039989
67.675187,171,9280.784913
-47.332696,129,9282.116697
605.915313,307,9285.239187
997.008021,400,9289.360682
1313.881563,400,9293.431247
922.702141,400,9297.495718
12.923321,16,9297.69022
968.756279,400,9301.85872
411.26967,215,9303.967093
1400.742612,400,9308.06672
5.569363,12,9308.220493
17.310756,29,9308.580281
40.081692,400,9312.65954
116.150071,400,9316.737098
98.026828,400,9320.90994
454.858768,238,9323.460738
89.365364,400,9327.571778
57.26771,400,9331.644646
929.521524,400,9335.676737
570.502904,400,9339.72016
-71.545345,144,9341.256939
-24.240538,400,9345.276328
233.30774,1,9345.321577
70.914737,400,9349.414659
580.880429,400,9353.48476
955.578742,400,9357.612343
52.17584,35,9357.994702
-19.131462,400,9362.118265
-20.160258,1,9362.164055
1421.790904,319,9365.396797
902.224182,400,9369.52052
-23.851421,400,9373.657626
-11.240997,14,9373.831617
84.119444,178,9375.61621
901.790287,400,9379.707255
-3.423943,400,9383.709921
970.776411,400,9387.813732
-15.00074,400,9391.935031
-19.441571,1,9391.981206
413.0723,218,9394.344506
-22.05882,14,9394.519447
213.234043,1,9394.569687
75.400514,161,9396.265336
972.764849,400,9400.296806
-11.353722,400,9404.320343
772.26852,400,9408.405757
-11.068289,16,9408.598883
629.923267,400,9412.643221
-16.766006,400,9416.659283
1430.506921,400,9420.78705
831.692604,400,9425.040977
116.743323,400,9429.135315
33.67582,26,9429.426108
152.300668,400,9433.455838
-22.374755,17,9433.66036
921.939535,400,9437.768486
1394.256414,400,9441.884342
0.35069,31,9442.254826
-2.963969,8,9442.371098
168.773198,400,9446.39755
146.294657,400,9450.430663
901.142433,400,9454.590263
233.30796,1,9454.640587
233.30796,1,9454.685709
1187.111768,400,9458.78889
78.945895,164,9460.592269
93.335037,235,9462.916759
233.307386,1,9462.962743
-9.92747,16,9463.233183
-8.7824,20,9463.465234
208.580098,1,9463.515291
-13.933188,400,9467.726077
229.541577,1,9467.77152
-9.275843,17,9467.976535
70.976565,400,9472.185315
624.170281,400,9476.304643
1350.422628,400,9480.495075
236.579818,1,9480.541248
95.87301,230,9482.8289
-32.70893,400,9486.903369
95.738566,233,9489.277134
981.955294,400,9493.362327
860.129975,400,9497.492376
76.086788,159,9499.098364
119.00906,278,9502.017639
168.038784,365,9505.830453
64.775912,400,9509.879848
113.720227,400,9513.897547
475.690669,400,9518.085719
210.316783,1,9518.132538
-1.134844,33,9518.493261
233.30638,1,9518.540491
1.644227,34,9518.908803
233.306527,1,9518.958726
233.306527,1,9519.003722
7.744354,400,9523.06331
985.051034,400,9527.201597
24.677894,21,9527.447566
867.583024,400,9531.516094
219.316999,400,9535.551193
896.191822,400,9539.597475
-17.881077,1,9539.642199
-48.833171,75,9541.409127
-19.924041,4,9541.486166
233.308147,1,9541.530792
258.231973,400,9545.567768
-23.30803,7,9545.678584
847.85635,400,9549.85571
820.126062,273,9552.593294
623.356163,400,9556.76971
991.886115,400,9560.810715
992.010624,400,9564.93578
82.757482,400,9569.023514
781.704975,400,9573.086591
76.696109,400,9577.293378
48.776427,400,9581.39254
837.141846,400,9585.5993
-14.467151,10,9585.736386
966.569767,400,9589.77355
68.375513,145,9591.542732
226.625227,1,9591.589749
91.687883,400,9595.612533
3.671317,41,9596.131714
1578.899702,359,9599.75237
506.682375,263,9602.322297
232.751568,1,9602.367878
893.11533,400,9606.395127
677.744004,328,9609.846446
1310.580153,400,9614.087286
-25.030331,30,9614.419088
506.073405,254,9617.079781
847.755206,400,9621.126185
504.342403,262,9623.777337
1265.632291,400,9627.860103
20.15755,19,9628.085695
85.263868,400,9632.263354
-30.484329,400,9636.508541
74.855968,400,9640.649506
1247.116725,400,9644.805054
-9.920746,16,9645.039842
1048.576528,400,9649.161098
-129.085519,400,9653.228051
346.024203,400,9657.310848
35.201407,300,9660.339164
-25.921605,21,9660.57689
-17.649953,11,9660.723382
487.377301,253,9663.568807
87.965115,400,9667.664
16.187907,17,9667.909068
-31.480845,27,9668.217279
-33.359848,400,9672.284882
-10.930013,400,9676.41647
908.031399,400,9680.578457
-15.923823,7,9680.725725
-73.952896,145,9682.227904
527.578126,273,9685.043794
882.097777,400,9689.089374
961.544664,400,9693.373073
-1.888411,246,9695.889323
118.820233,400,9699.949427
237.892497,1,9699.994983
67.794057,144,9701.419515
992.113916,400,9705.637839
68.874506,400,9709.768776
-22.094077,14,9709.944643
-47.666635,100,9710.990184
923.39401,400,9715.245574
758.395354,400,9719.37298
210.165958,1,9719.42315
-15.472995,400,9723.567532
-5.641159,8,9723.683191
63.070074,400,9727.874647
233.193746,1,9727.920682
91.928632,400,9731.964976
5.036155,400,9736.047882
-1.534934,9,9736.175944
491.052031,262,9738.888413
97.888321,234,9741.259071
282.011827,143,9742.736095
939.746621,400,9746.781045
226.954461,393,9750.856757
620.259511,400,9754.940688
94.550141,227,9757.266422
894.243618,400,9761.321876
-1.260703,33,9761.682318
91.67658,221,9764.065748
233.091756,1,9764.116071
234.798883,1,9764.160929
968.89827,400,9768.188987
1484.735581,400,9772.292706
608.702208,400,9776.380662
978.142343,400,9780.40868
168.848603,296,9783.48955
958.0175,400,9787.535628
470.235921,245,9790.036001
691.344789,400,9794.129451
126.458319,279,9796.980776
232.953575,1,9797.030499
36.417049,400,9801.082416
232.953122,1,9801.127477
996.529429,400,9805.290185
956.903702,400,9809.395539
-2.448444,29,9809.717964
102.179606,400,9813.902755
845.544635,400,9818.037705
-7.610323,22,9818.292101
945.329277,400,9822.396767
1480.854213,400,9826.447813
74.795702,133,9827.839933
210.766349,1,9827.890142
293.356374,157,9829.535904
586.995786,400,9833.680095
462.955965,381,9837.592382
75.691583,400,9841.684921
770.275355,400,9845.716238
233.069163,1,9845.761377
451.198622,235,9848.184456
195.722085,237,9850.691807
958.838766,400,9854.802099
-9.107014,400,9858.898099
884.278021,400,9863.021613
233.126526,1,9863.072531
81.251431,400,9867.110284
-20.188699,1,9867.15676
-32.336029,35,9867.534908
21.219129,20,9867.846238
974.05054,400,9871.995077
474.859869,247,9874.574244
-20.160297,1,9874.623346
923.078093,400,9878.640873
-17.818802,4,9878.717605
-21.366431,8,9878.832026
270.126121,400,9882.889524
66.038487,400,9886.964103
905.843255,400,9891.172761
920.394345,400,9895.297
350.154229,254,9897.842463
950.716018,400,9902.101425
317.615763,400,9906.351027
230.344919,1,9906.396461
451.120628,235,9908.797808
230.300082,1,9908.84365
915.358849,400,9912.97984
-23.878013,400,9917.034863
664.05809,329,9920.507682
894.179746,400,9924.607032
80.782139,209,9926.838266
-14.100635,400,9930.944999
-1.172804,400,9935.040906
227.798718,1,9935.091057
488.943175,253,9937.685496
736.975185,363,9941.403333
-18.1116,3,9941.469776
-19.935028,2,9941.526467
20.432303,19,9941.786992
446.881997,233,9944.232738
-28.21681,400,9948.268283
977.434942,400,9952.39283
229.849945,1,9952.443427
826.657451,400,9956.505038
619.917133,400,9960.623782
230.355769,1,9960.669349
96.554343,367,9964.475084
236.584693,1,9964.521378
1000.164222,400,9968.693768
642.702633,318,9972.046165
915.995737,400,9976.105947
-34.924283,400,9980.243685
-21.647572,11,9980.392444
543.83539,273,9983.338723
960.205203,400,9987.371129
-10.548999,400,9991.424581
-6.156802,22,9991.674563
-9.990157,400,9995.738065
-15.5895,7,9995.846457
948.85532,400,9999.977764
84.593568,400,10004.114103
478.645868,251,10006.791597
232.887296,1,10006.842544
23.303776,21,10007.082675
305.471755,400,10011.333423
184.538001,363,10014.995231
-9.789907,400,10019.131337
607.403355,400,10023.469766
122.725682,400,10027.614741
10.761066,15,10027.797475
-20.31889,2,10027.856207
-33.753213,400,10031.907294
951.431166,400,10035.988482
999.310167,337,10039.68106
222.599998,1,10039.729102
130.582758,400,10043.897217
414.332639,217,10046.134915
-9.894162,400,10050.323182
435.271415,216,10052.509975
54.084632,400,10056.583571
1014.714863,341,10060.054566
901.89928,400,10064.154987
714.788737,400,10068.38229
87.787803,400,10072.577586
-3.011654,8,10072.771649
989.743909,400,10076.82479
-3.843267,400,10080.937808
223.376917,1,10080.988331
335.336579,400,10085.176757
1517.315149,347,10088.731045
73.445995,400,10092.816768
605.466519,309,10096.065943
992.321003,400,10100.204662
127.021963,400,10104.278091
69.685675,400,10108.386966
843.962057,400,10112.640378
988.316829,400,10116.781963
64.979369,400,10120.904447
762.880496,400,10124.967568
619.013881,400,10129.079158
900.213878,400,10133.63016
45.534331,400,10137.700025
165.373141,312,10140.981121
18.883878,400,10145.069995
586.41462,400,10149.213188
-20.146017,1,10149.259652
-19.708263,18,10149.473108
54.533044,35,10149.855839
599.950448,400,10153.998259
1270.829186,400,10158.103628
859.995678,400,10162.259667
916.001652,400,10166.411702
593.473791,300,10169.413527
46.868639,400,10173.482862
1360.00355,400,10177.55601
-74.878582,262,10180.370021
966.461531,400,10184.461663
-11.922235,400,10188.641449
233.175087,1,10188.687298
242.198622,1,10188.737334
233.171601,1,10188.782268
397.052647,208,10190.922946
233.238495,1,10190.973142
84.651398,211,10193.137229
27.19429,400,10197.264812
142.746619,259,10199.819448
-20.085089,1,10199.865383
233.080543,1,10199.914605
870.650093,400,10204.2608
-13.411507,400,10208.410141
895.273624,400,10212.496914
968.408535,400,10216.571496
-17.886802,1,10216.617085
4.024367,400,10220.924881
434.643292,226,10223.265089
77.567606,400,10227.322596
366.570138,400,10231.470717
436.519072,230,10233.928911
232.837001,1,10233.97904
102.351846,208,10236.051324
420.606302,219,10238.491433
233.277247,1,10238.540917
44.997,105,10239.599252
244.551165,1,10239.649242
1014.253172,400,10243.796416
37.878628,28,10244.107196
-23.034522,23,10244.369493
450.936427,233,10246.759597
-36.356444,66,10247.489363
71.339013,400,10251.622449
441.003047,229,10253.971328
232.840276,1,10254.021535
139.283529,400,10258.162616
341.103755,400,10262.261116
327.39675,400,10266.34311
971.309721,400,10270.413352
923.436925,288,10273.424322
649.803667,400,10277.487874
623.664692,400,10281.607891
-2.895295,400,10285.707397
447.320713,226,10287.996423
-19.395986,1,10288.041464
-11.871306,400,10292.158667
1.308136,10,10292.294065
233.189516,1,10292.344419
65.956298,400,10296.546179
74.271815,187,10298.52665
-15.541592,400,10302.641775
402.955415,210,10304.86003
5.420406,12,10305.015703
-18.994942,400,10309.17714
899.879462,400,10313.383108
-19.393789,1,10313.43478
229.734521,1,10313.479089
229.83472,1,10313.528244
78.517854,400,10317.605004
-41.218916,99,10318.678616
-19.349154,400,10322.732832
-22.525473,17,10322.942871
65.418789,400,10327.167596
10.692566,400,10331.287158
928.043418,400,10335.339951
-12.303733,400,10339.50033
1464.319249,400,10343.668955
-21.608245,1,10343.714036
-4.106501,28,10344.039524
-15.741833,2,10344.096985
893.144003,400,10348.181664
233.158212,1,10348.231633
-9.940643,400,10352.35041
45.969842,400,10356.599452
25.320735,22,10356.969717
-24.131869,400,10361.086375
-70.561134,400,10365.237871
1475.743729,400,10369.390793
233.276926,1,10369.436473
819.025579,400,10373.657759
-20.069446,1,10373.707102
618.401508,400,10377.834162
123.711475,261,10380.624675
63.985129,400,10384.739778
933.346876,400,10388.861998
207.080259,1,10388.912
225.354725,1,10388.957845
96.47645,227,10391.331697
974.117222,400,10395.404439
828.344301,400,10399.539118
65.608089,400,10403.667958
466.241225,242,10406.26259
97.515143,199,10408.345081
909.51311,400,10412.508022
34.30042,166,10414.287292
952.733239,400,10418.488163
580.566016,294,10421.503795
-2.330448,28,10421.813584
3.326511,400,10425.938488
902.599345,400,10430.203626
376.626652,204,10432.297267
998.123084,400,10436.427716
1433.075064,400,10440.63011
954.710332,400,10444.884821
91.67444,221,10447.162746
87.826118,400,10451.373708
233.288507,1,10451.420624
233.289687,1,10451.469501
11.805676,400,10455.546695
456.246297,236,10457.990609
92.179459,222,10460.342857
-19.68379,400,10464.413099
-27.266157,400,10468.54525
835.597584,400,10472.650469
11.258725,400,10476.850914
0.701248,36,10477.280264
-4.305363,400,10481.507683
466.333244,241,10484.026504
-21.783643,12,10484.182622
359.858307,182,10486.166829
470.319699,244,10488.625128
-11.327074,14,10488.801044
29.153257,168,10490.56637
-26.516241,400,10494.61722
83.882984,400,10498.659139
963.661987,400,10502.934452
952.163284,400,10507.021809
964.741252,400,10511.282286
233.289667,1,10511.332803
95.185138,233,10513.704082
233.298756,1,10513.755086
904.360185,400,10517.898447
37.504226,27,10518.198098
130.06207,267,10520.955685
37.847988,166,10522.755903
37.481116,28,10523.068265
446.996914,234,10525.511602
1616.844488,381,10529.428061
6.698204,13,10529.634997
86.600116,400,10533.778559
316.921927,400,10537.969464
46.011068,175,10539.830275
9.270531,400,10543.974739
975.879392,400,10548.095635
233.291951,1,10548.145339
1509.040931,400,10552.240629
589.148651,400,10556.358719
844.639836,400,10560.566295
9.763054,400,10564.855373
12.923321,16,10565.089682
1546.384817,400,10569.262601
-44.904271,400,10573.350684
970.520898,400,10577.549328
-31.392079,50,10578.075613
67.956784,152,10579.631592
-29.275096,400,10583.745599
7.515715,13,10583.906446
260.836478,400,10588.03697
1534.859129,400,10592.166127
946.970937,400,10596.409587
636.972335,400,10600.674402
866.925745,400,10604.833179
73.093209,189,10606.808251
233.308433,1,10606.853341
906.593609,400,10610.915217
89.898873,210,10613.122695
106.12562,400,10617.182379
-18.91796,2,10617.239417
-11.189842,14,10617.453234
-25.208012,40,10617.88648
778.224017,400,10621.92788
9.075998,400,10626.07994
210.248706,1,10626.131676
946.269558,400,10630.196091
75.906839,219,10632.374165
849.059233,400,10636.489844
656.732077,325,10639.870905
2.697455,400,10644.018208
10.988236,53,10644.572844
-8.67485,400,10648.68694
316.141394,400,10652.89637
77.785853,198,10654.963191
995.633978,400,10659.079087
-7.432158,6,10659.176114
193.747963,101,10660.209611
208.058526,1,10660.256109
44.969077,169,10662.092847
40.845802,163,10663.855531
317.37381,400,10668.192417
101.830598,400,10672.289851
1482.556481,400,10676.455002
-10.131792,400,10680.58086
-36.329653,85,10681.570363
1489.175106,400,10685.812959
791.759959,400,10689.909682
85.666784,172,10691.777995
272.946928,400,10695.849173
997.69669,400,10700.032663
11.951914,15,10700.218887
669.189512,400,10704.313071
-21.63925,7,10704.422276
232.638017,400,10708.617194
233.304644,1,10708.664344
10.590243,400,10712.808748
462.11445,376,10716.657807
-47.717202,400,10720.781922
486.529474,251,10723.545988
96.742346,198,10725.550557
17.095954,18,10725.762635
50.836118,400,10729.829243
25.397594,400,10734.007284
7.764653,400,10738.143035
-11.811306,4,10738.222505
208.500859,1,10738.268385
475.768994,247,10740.882843
-80.221154,400,10745.005414
567.780299,290,10748.082475
46.183661,32,10748.436112
941.80327,400,10752.638793
-3.051752,400,10756.739647
-20.043731,1,10756.785478
2.083446,400,10761.195987
469.670607,394,10765.22814
-20.909953,7,10765.338294
74.594304,156,10766.920747
895.863576,400,10771.125806
233.307702,1,10771.171478
-21.653345,1,10771.220944
-19.400082,1,10771.265462
91.312138,187,10773.233806
306.179032,400,10777.345736
967.656142,400,10781.541768
951.756327,400,10785.726132
-9.794726,18,10785.941493
-2.3237,400,10790.189575
886.122574,400,10794.372852
855.17972,400,10798.611468
-22.758079,18,10798.827272
-12.955534,400,10803.004699
931.6711,400,10807.036708
95.437131,400,10811.251701
-5.198835,400,10815.342312
876.33341,400,10819.513932
-10.491703,17,10819.714924
-7.226469,6,10819.890553
-19.340067,1,10819.940998
-24.047331,11,10820.084234
71.658439,400,10824.312305
88.505458,400,10828.572378
458.392119,238,10831.02921
1515.73463,400,10835.160872
-2.09473,400,10839.478553
212.579486,1,10839.529603
857.826646,400,10843.626917
802.216991,265,10846.389856
-52.340705,400,10850.477151
904.354696,400,10854.687273
686.989483,400,10858.866324
595.203178,400,10863.151181
955.017148,400,10867.349167
937.347098,400,10871.444319
22.463025,20,10871.679985
-60.220337,400,10875.85702
-5.933756,400,10880.007999
-51.7966,102,10881.041882
968.109475,400,10885.234132
-43.793482,400,10889.362547
904.570055,400,10893.542754
571.412258,400,10897.690537
-21.354763,33,10898.095168
-3.516404,29,10898.415977
378.653637,197,10900.436911
873.106036,400,10904.588736
960.707915,400,10908.766952
233.308266,1,10908.813134
316.841765,400,10912.951996
233.307985,1,10913.004513
924.769018,400,10917.127163
586.202006,400,10921.381265
529.667689,270,10924.25352
800.724363,400,10928.358018
-24.935955,51,10928.889822
333.073591,400,10933.026569
956.482001,400,10937.085412
691.123818,400,10941.235095
-8.934677,18,10941.448721
1176.943259,400,10945.639964
936.184682,400,10949.714759
-2.386693,65,10950.432255
-0.494861,400,10954.561805
1491.273656,383,10958.517341
98.870895,400,10962.580492
-55.725601,98,10963.589293
-3.716494,400,10967.683398
-5.846709,83,10968.579304
-19.45823,1,10968.624773
-20.160523,1,10968.674259
-20.188395,1,10968.721196
890.52296,400,10972.773059
268.022264,255,10975.390548
-13.793643,5,10975.474201
880.010331,400,10979.720664
-8.660504,18,10979.933341
-11.952932,400,10983.99587
722.835931,400,10988.105285
233.308124,1,10988.157383
-20.160297,1,10988.201514
458.779325,238,10990.636059
35.712018,29,10991.073298
233.308473,1,10991.119397
1188.399539,400,10995.276724
-2.384282,400,10999.409088
48.148469,32,10999.759533
-5.145587,400,11003.833085
589.576029,400,11008.042214
89.090325,236,11010.418136
184.503795,302,11013.500217
-6.123723,22,11013.756317
45.706385,134,11015.197334
86.930448,217,11017.51166
953.111527,400,11021.707065
-20.781552,3,11021.772886
665.947246,400,11025.929399
610.688889,400,11030.01313
-2.050655,400,11034.093473
49.851096,143,11035.629077
72.406324,400,11039.994679
326.942866,400,11044.132476
984.68011,400,11048.211396
81.20743,400,11052.305372
63.719236,400,11056.740434
101.952877,400,11060.848387
731.83335,364,11064.527214
579.002942,400,11068.7575
908.050965,400,11072.842154
233.308289,1,11072.888799
449.111518,232,11075.291256
812.901737,400,11079.49713
956.120087,400,11083.76714
1050.993166,400,11087.849101
79.398844,400,11092.023911
77.737088,400,11096.20321
173.031914,327,11099.58138
467.452835,307,11102.809443
-7.22371,6,11102.906684
575.531663,400,11107.009754
1487.163953,400,11111.235223
994.77791,400,11115.364913
76.547164,400,11119.426685
233.308381,1,11119.479166
87.635951,400,11123.680191
1192.304113,400,11127.808623
-19.45538,1,11127.854635
91.501946,187,11129.895065
81.786246,400,11134.047711
1509.356209,400,11138.218355
87.311252,400,11142.563203
1101.634726,400,11146.715879
904.583025,400,11150.995271
233.304107,1,11151.040842
93.28168,400,11155.140832
597.054086,400,11159.272887
13.004339,400,11163.365473
-19.453722,1,11163.418272
474.722706,395,11167.555787
85.434414,400,11171.644799
-0.818237,9,11171.775752
-7.451017,20,11172.007716
-18.907979,2,11172.063716
979.724818,400,11176.668895
1691.567006,389,11180.637282
983.739617,400,11184.779562
-20.127115,1,11184.83043
12.219459,400,11189.093107
768.350167,384,11193.121404
71.611926,199,11195.189169
233.302627,1,11195.240644
1528.926259,400,11199.365363
997.451585,400,11203.539937
227.310352,1,11203.586196
761.660411,400,11207.79723
961.545946,400,11212.072448
900.189482,400,11216.190481
13.989575,400,11220.368558
125.082953,258,11223.047214
233.308191,1,11223.097078
142.633924,281,11225.979649
80.841464,167,11227.828677
-3.592595,8,11227.9441
-20.04732,1,11227.989207
33.240446,25,11228.274792
10.010369,400,11232.460722
113.012995,400,11236.68769
-8.45808,400,11240.781273
-12.063977,400,11245.136878
980.03602,400,11249.259871
838.026022,273,11252.211816
943.936069,400,11256.290381
228.531491,1,11256.340468
14.986697,17,11256.539294
884.147327,400,11260.735457
1131.493511,400,11264.83629
812.359946,400,11268.980952
324.766724,400,11273.101433
-62.081153,73,11273.850804
120.444028,400,11277.961368
98.647379,400,11282.187224
862.958789,400,11286.344251
894.58876,400,11290.488724
233.307739,1,11290.53384
-63.445582,312,11293.707615
101.974743,400,11297.825524
66.607393,142,11299.339041
-46.468601,218,11301.541499
98.477152,400,11305.579915
915.786924,400,11309.813504
628.066222,310,11313.058815
184.966802,362,11316.82919
13.916869,400,11320.928235
767.054557,400,11325.045133
47.130578,109,11326.222376
153.571027,315,11329.439268
833.127493,400,11333.628411
4.840461,20,11333.864955
68.38449,145,11335.450197
-19.391691,1,11335.496459
224.642672,1,11335.545259
229.505312,1,11335.590403
233.307792,1,11335.638917
125.084792,267,11338.516899
-23.521896,22,11338.770462
112.283395,400,11342.82113
1495.604229,400,11346.956264
153.954177,355,11350.657887
473.509165,247,11353.140653
1105.025015,400,11357.298215
1483.761648,400,11361.377301
1107.212049,400,11365.666715
123.189157,400,11369.917639
747.130115,375,11373.936361
-81.520092,196,11376.115789
340.444467,400,11380.317973
924.440891,400,11384.540226
-15.03209,9,11384.662767
-21.115606,21,11384.904941
-34.104682,400,11388.975269
85.715365,176,11390.769219
-16.879006,5,11390.854353
80.250712,400,11395.086598
233.30803,1,11395.136763
-10.50043,17,11395.338064
933.232353,400,11399.404914
-2.919664,30,11399.736021
779.380722,400,11403.795122
1164.929877,400,11408.062526
-11.174699,14,11408.277162
233.308363,1,11408.327937
587.62365,400,11412.408056
233.308155,1,11412.453985
1002.712032,400,11416.591925
88.693515,400,11420.675653
896.427682,400,11424.906594
117.984192,400,11429.011554
233.308198,1,11429.061275
233.308198,1,11429.106671
215.124563,1,11429.15617
-8.777204,20,11429.389911
241.001846,1,11429.435133
104.99679,400,11433.647145
-15.74431,2,11433.704305
-20.294294,1,11433.754141
834.800623,400,11437.842933
991.300268,400,11441.924675
977.035122,400,11446.091032
72.295735,133,11447.463707
233.308495,1,11447.513382
77.543751,161,11449.108255
97.98449,400,11453.284269
-43.080479,69,11454.038983
-19.455398,1,11454.084009
62.062632,45,11454.601433
999.668852,400,11458.71113
86.305906,177,11460.571736
843.917776,400,11464.68434
576.038041,400,11468.843977
206.347446,1,11468.894081
239.377316,273,11471.736157
157.338153,283,11474.744996
97.902976,400,11478.901299
-38.192558,162,11480.517869
-47.54398,400,11484.641005
927.956324,400,11488.742916
589.544515,400,11493.011027
233.308304,1,11493.057155
932.257786,400,11497.223583
96.580331,400,11501.416464
-52.025105,67,11502.122805
793.470928,400,11506.255939
489.251657,254,11508.942511
-26.601728,32,11509.295139
906.007051,400,11513.455802
1.297598,10,11513.591383
-20.160329,1,11513.636822
502.696994,301,11516.686207
195.861786,366,11520.378268
233.308415,1,11520.423536
950.232608,400,11524.519729
961.21711,400,11528.745471
-29.446654,46,11529.23835
1497.80618,400,11533.331468
765.48032,400,11537.534054
915.373139,400,11541.573927
2.452508,36,11542.120368
224.949307,178,11543.923318
-2.869727,30,11544.251069
97.05679,400,11548.324973
17.53802,18,11548.53757
-20.459505,1,11548.586231
22.978482,256,11551.322919
-160.769125,368,11555.208279
983.12629,400,11559.500802
405.475734,348,11563.09355
130.812365,283,11565.925173
232.744049,1,11565.975003
-50.709139,400,11570.322062
-11.179722,14,11570.501152
102.645111,400,11574.590224
1514.865735,400,11578.684178
965.5592,400,11582.765953
-17.957012,1,11582.811765
989.51499,400,11586.883634
854.818166,273,11589.691401
840.603535,400,11593.976572
681.121649,341,11597.535943
-25.96201,400,11601.664782
-15.909854,2,11601.722129
-16.245309,6,11601.820573
42.214597,30,11602.149008
-67.836513,400,11606.200524
-32.491126,400,11610.290827
132.009462,285,11613.258696
579.340649,331,11616.669214
-7.706393,6,11616.766569
100.261887,250,11619.384974
-40.195666,92,11620.440605
1476.127186,400,11624.721619
-15.591105,7,11624.871298
78.415526,400,11628.973265
317.522776,400,11633.109144
-1.175733,30,11633.436991
-16.593447,6,11633.533818
111.975867,400,11637.652887
98.542223,400,11641.793266
1458.686657,400,11645.863657
-21.512648,1,11645.91036
881.94239,400,11650.059289
1454.331,400,11654.225433
18.342997,97,11655.248789
233.308497,1,11655.29406
233.308284,1,11655.342635
-6.177373,400,11659.467806
988.557365,400,11663.55264
102.136648,400,11667.687974
1492.606433,400,11671.887016
98.342234,241,11674.362981
826.504771,400,11678.648711
946.720141,400,11682.844627
233.308103,1,11682.895214
-1.597242,9,11683.017928
94.326622,237,11685.477332
233.307164,1,11685.52387
100.066243,400,11689.609132
984.217099,400,11693.73603
-17.812661,4,11693.813492
889.335162,400,11698.000907
233.308152,1,11698.051422
-85.31414,208,11700.321702
-16.130847,7,11700.425951
578.629824,400,11704.562217
233.307929,1,11704.612709
876.86827,400,11708.729758
899.927703,400,11712.791625
94.464752,238,11715.274717
808.880082,400,11719.387136
-20.197331,1,11719.433445
233.305348,1,11719.482338
233.305348,1,11719.526649
93.773461,194,11721.618848
233.305852,1,11721.668729
213.306724,1,11721.714633
900.223202,400,11725.810161
20.04242,400,11730.064423
987.108034,400,11734.281086
116.370149,400,11738.427802
947.318411,400,11742.502561
233.305255,1,11742.554696
93.982763,400,11746.737777
589.72698,400,11750.856766
809.382662,400,11755.079795
-20.130484,1,11755.125801
18.931958,400,11759.210643
237.003831,1,11759.261533
970.164442,400,11763.44626
15.119773,400,11767.561958
-17.45445,198,11769.711603
990.537631,400,11773.83069
18.222735,400,11777.925692
-16.1549,7,11778.030019
-7.012637,23,11778.298119
41.036309,400,11782.452772
979.443399,400,11786.601117
-86.688465,214,11788.96094
233.28159,1,11789.007154
45.81037,257,11791.654308
629.187332,312,11794.975076
-78.525735,188,11796.916539
927.591462,400,11801.052685
-37.415307,76,11801.874087
105.533853,253,11804.497674
-24.834278,33,11804.864111
936.839062,400,11808.948538
-7.581048,10,11809.083766
-28.18724,400,11813.280146
218.834377,1,11813.325739
967.403248,400,11817.476758
1181.585356,400,11821.595994
-16.220072,6,11821.693908
55.845139,400,11825.804441
101.140621,242,11828.235262
62.412024,400,11832.242
956.348986,400,11836.382054
291.318251,400,11840.438517
6.40043,400,11844.608833
-20.318023,2,11844.66567
223.566962,1,11844.716087
-30.819993,12,11844.868532
595.80646,296,11847.974982
917.388087,400,11852.034653
-20.032483,1,11852.080154
35.373514,26,11852.52796
10.603379,400,11856.737873
506.904175,262,11859.336791
844.633068,400,11863.492568
-21.464889,1,11863.541897
73.298031,400,11867.599598
1177.089536,400,11871.745659
902.335966,400,11875.789962
-19.458778,1,11875.837356
973.415052,400,11880.046899
-20.872863,3,11880.116052
953.560203,400,11884.209375
233.30234,1,11884.254837
233.302584,1,11884.30426
233.302584,1,11884.349125
9.558995,400,11888.563795
983.767894,400,11892.762218
-19.370672,1,11892.812842
826.800771,400,11896.922616
103.099328,252,11899.515984
-4.732107,27,11899.81172
906.859253,400,11903.975312
125.181713,400,11908.106468
907.741323,400,11912.227071
253.877,131,11913.614913
893.749527,400,11917.688922
-22.318422,15,11917.870684
-27.633474,26,11918.16364
-17.955826,1,11918.212925
-26.043609,14,11918.385258
46.670033,400,11922.495085
848.81557,400,11926.71305
-5.640534,400,11930.889797
1379.637004,400,11935.055552
0.90323,400,11939.12727
96.423875,237,11941.665505
-45.5148,400,11945.791755
625.11737,309,11949.076994
206.213013,1,11949.123206
107.933119,220,11951.348127
318.425873,400,11955.557076
240.744167,1,11955.60738
233.307919,1,11955.652094
963.330884,400,11959.747027
17.043971,18,11959.963192
197.844092,370,11963.810472
-19.455398,1,11963.863743
-17.824349,1,11963.908585
27.724899,400,11968.123611
206.807751,1,11968.177022
875.564606,400,11972.271909
813.726629,400,11976.609028
860.993615,400,11980.766865
220.022367,1,11980.81501
877.151924,400,11985.018667
993.657288,400,11989.121054
559.961371,400,11993.320109
277.455522,400,11997.407511
11.725648,400,12001.536026
531.276626,274,12004.466629
996.567269,400,12008.53363
70.001119,400,12012.746672
-21.857826,7,12012.856023
-46.320014,261,12015.513671
743.453369,400,12019.621322
990.580235,400,12023.716563
-23.036194,23,12024.061375
87.660527,211,12026.364912
90.702585,213,12028.583328
105.582484,266,12031.339409
875.773046,400,12035.563325
997.822406,400,12039.661106
76.093761,400,12043.839029
-36.687818,62,12044.531291
653.408297,400,12048.654748
241.584563,124,12049.898057
-6.810936,21,12050.181794
-17.916461,1,12050.231819
66.668689,171,12052.027671
643.753589,400,12056.207009
-9.687644,400,12060.324506
-8.198238,21,12060.576536
233.226936,1,12060.622084
1515.263661,341,12064.151873
987.612804,400,12068.34033
-21.929985,13,12068.502582
-4.988531,56,12069.127396
1531.967143,400,12073.310583
424.963967,400,12077.450757
233.021178,1,12077.502176
89.995747,212,12079.631319
-1.10408,400,12083.815351
1520.061976,400,12087.921434
217.902828,1,12087.967669
188.06985,351,12091.613834
-17.955851,1,12091.661073
-19.391319,94,12092.618371
-25.900487,15,12092.805406
-25.098365,57,12093.393215
63.116361,400,12097.525723
233.140541,1,12097.589676
820.612176,400,12101.732479
297.769467,400,12105.888654
-20.306895,2,12105.950962
208.030121,1,12105.996294
87.692257,400,12110.235362
233.272341,1,12110.285254
235.85296,122,12111.753234
469.582932,244,12114.290407
-17.913735,1,12114.337027
981.909186,400,12118.536005
1000.728293,400,12122.777548
-56.404906,46,12123.267206
1126.744296,400,12127.487203
233.278525,1,12127.53693
448.227273,253,12130.093325
-10.115948,400,12134.242223
46.663532,400,12138.34621
853.403817,400,12142.555746
983.265245,400,12146.63331
32.09155,400,12150.859878
482.567723,249,12153.373497
972.437963,400,12157.444199
915.497302,400,12161.612452
-19.37217,1,12161.658288
135.63545,266,12164.462803
-38.528279,15,12164.648185
233.173453,1,12164.699941
851.574693,400,12168.984757
92.482558,217,12171.275829
473.567554,245,12173.769006
233.178249,1,12173.819566
976.851368,400,12177.961538
984.413525,400,12182.184269
139.929296,273,12184.983867
-15.590976,7,12185.093717
99.650694,244,12187.672398
1378.632244,400,12191.794087
-20.158714,1,12191.83992
233.297107,1,12191.889642
91.11235,214,12194.194599
521.229338,271,12197.048
1342.705659,400,12201.419279
616.031571,306,12204.570769
850.191487,400,12208.728659
855.140262,400,12212.838271
90.279281,212,12214.996887
1197.306788,400,12219.573818
76.94161,193,12221.636109
37.762847,28,12221.952882
-16.148766,7,12222.058482
47.634862,122,12223.277886
-16.883593,400,12227.356584
90.251966,212,12229.559005
949.504085,400,12233.643059
43.611332,30,12234.016852
979.058981,400,12238.180598
1441.293097,400,12242.279285
986.853642,400,12246.563279
841.661555,400,12250.690412
4.9051,45,12251.216707
6.897064,400,12255.424071
-31.913649,254,12258.029318
-5.612931,400,12262.161224
74.796196,193,12264.166275
233.291102,1,12264.216904
70.300237,177,12266.185777
210.866141,1,12266.23781
233.295257,1,12266.281969
210.953003,1,12266.331055
-36.199377,73,12267.159678
1479.580727,400,12271.29083
88.883372,209,12273.461638
96.982125,400,12277.655569
1465.745133,400,12281.829239
233.301026,1,12281.874421
311.991436,400,12286.023791
96.849567,241,12288.459599
1452.745481,400,12292.58225
1445.168771,400,12296.874182
901.329641,400,12300.970586
991.670603,400,12305.052882
-21.014952,2,12305.111951
4.483807,43,12305.653977
41.688081,335,12309.181439
76.01359,188,12311.158139
-13.786628,10,12311.295206
76.441919,185,12313.278517
-5.220017,55,12313.854808
849.870298,400,12318.0093
8.710844,400,12322.141471
122.798882,245,12324.587293
49.218445,163,12326.454827
93.280694,218,12328.684036
79.089454,168,12330.436412
900.187799,400,12334.565883
-0.726932,400,12338.712135
-37.301708,56,12339.29316
384.590615,400,12343.500581
-10.499351,17,12343.74446
206.874863,1,12343.794838
580.865474,298,12346.903049
893.58177,400,12351.000868
233.30624,1,12351.046341
961.190251,306,12354.279539
773.168144,379,12358.246618
101.831732,249,12360.916689
919.460559,400,12365.096212
947.336583,400,12369.413297
86.569241,211,12371.610212
233.307811,1,12371.657237
903.84791,400,12375.780655
-17.257759,5,12375.871134
-26.247001,4,12375.947814
-6.846448,400,12380.223268
143.499308,281,12383.07285
233.306803,1,12383.123016
-61.779384,400,12387.462991
2.640858,400,12391.607463
959.965198,400,12395.71068
-4.928073,24,12395.983408
-1.203102,22,12396.238608
-6.462317,24,12396.511921
842.401889,400,12400.633656
-48.343175,400,12404.731796
949.105785,400,12408.870566
943.555772,400,12413.041183
-8.779449,20,12413.277761
-10.310985,400,12417.499874
957.09036,400,12421.684819
479.904309,249,12424.385406
1077.805369,400,12428.599333
100.532463,233,12431.044272
233.308095,1,12431.089991
482.348855,250,12433.74956
932.094907,400,12437.959373
85.902919,179,12439.836512
81.063717,198,12441.951473
20.458784,179,12443.803919
79.847761,196,12446.228092
732.239243,368,12449.995135
233.308218,1,12450.051758
984.447102,400,12454.23134
-34.748177,148,12455.738364
1.695989,400,12460.107926
965.000278,400,12464.20876
1284.330059,400,12468.319241
-13.852029,400,12472.501868
981.645653,400,12476.658194
566.120752,287,12479.621145
902.300463,400,12483.775161
570.245559,290,12486.868218
-15.720709,176,12488.792468
538.295877,276,12491.592247
-19.455373,1,12491.6444
79.88587,192,12493.657445
-84.552436,223,12496.020044
-5.708501,400,12500.405618
1442.787081,400,12504.606986
82.930914,198,12506.657853
83.899936,200,12508.757211
423.627411,400,12512.909951
-12.923053,160,12514.61017
948.655042,400,12518.847146
471.789154,246,12521.377456
697.869497,400,12525.633204
95.065957,221,12527.965726
233.307242,1,12528.011482
908.812727,400,12532.145817
-40.020605,400,12536.48575
1317.169014,400,12540.730297
78.810491,196,12542.741799
41.916722,146,12544.374509
473.987633,246,12546.917999
-16.946108,154,12548.516034
1412.596373,400,12552.70814
-16.375321,400,12557.052248
899.643282,400,12561.304502
87.292398,207,12563.475435
-10.983843,400,12567.78581
418.728112,400,12572.023743
233.308209,1,12572.069373
984.199248,400,12576.240197
-9.30974,400,12580.456894
10.830797,15,12580.645408
82.860598,400,12584.821022
721.088551,400,12589.034224
83.61807,203,12591.06478
30.513093,24,12591.340471
779.534459,400,12595.691325
11.759411,51,12596.226294
233.307895,1,12596.273495
11.848373,15,12596.459767
84.256519,204,12598.615756
-11.907883,400,12602.879465
85.329223,206,12605.190706
233.308179,1,12605.236581
233.308125,1,12605.285602
233.308125,1,12605.329894
-2.958366,30,12605.700934
-3.134631,400,12609.971048
905.728902,400,12614.166816
409.956904,400,12618.430652
147.7748,132,12619.779903
781.426461,400,12623.901973
78.284265,203,12626.010564
-21.508594,1,12626.055527
233.308466,1,12626.104168
465.93174,242,12628.623653
79.929236,202,12630.711636
93.053239,217,12633.047875
-26.272519,49,12633.57623
763.65251,400,12637.764059
895.440475,400,12642.002792
95.697044,222,12644.322928
-12.211561,14,12644.497181
1228.204836,400,12648.577821
825.577002,400,12652.803589
84.95149,208,12654.922683
213.948836,1,12654.968746
953.293332,400,12659.287115
883.05351,400,12663.527906
412.940291,400,12667.697197
18.258142,18,12667.913977
74.875122,133,12669.26273
419.645323,400,12673.534244
480.820716,259,12676.124405
233.308488,1,12676.174158
972.007559,400,12680.402227
978.091771,400,12684.55533
190.722586,390,12688.618313
-25.098419,57,12689.249552
419.160097,400,12693.439794
827.208215,400,12697.556288
-8.988428,400,12701.624942
935.340955,400,12705.820564
904.099075,400,12710.018448
-20.9353,6,12710.116476
-12.441062,13,12710.281939
896.44618,400,12714.465746
122.745553,250,12717.031931
-3.490704,12,12717.187608
146.761477,290,12720.287562
-28.957495,400,12724.410548
233.308487,1,12724.457771
233.308486,1,12724.507051
855.166822,400,12728.656664
911.024781,400,12733.067212
-82.328123,85,12733.926645
967.654046,400,12738.066351
875.82026,400,12742.221589
