#{"t_start": 1765854108.755937, "env_id": "None"}
r,l,t
219.738832,1,68.492772
-87.987501,300,68.867283
-83.309541,341,69.385238
-95.60649,300,69.874168
-83.119126,300,70.368095
-17.113595,341,76.153208
-36.854952,300,80.698321
-50.00498,341,86.084783
-66.865103,341,91.340571
-54.901834,341,96.692996
37.560762,300,101.51475
229.439463,1,101.564217
-19.469315,400,107.704281
-32.601458,48,108.468776
233.253327,1,108.517219
-20.748538,400,114.60857
1036.814502,300,119.280039
-54.173108,341,124.558019
-24.633662,300,129.312001
194.108948,209,132.508409
-10.219181,300,136.767887
-24.482474,12,136.987192
-75.815701,361,142.71463
32.893156,341,148.078876
-14.471894,300,152.721712
236.708004,152,155.155363
232.559286,1,155.204464
246.801049,154,157.689059
-40.242037,341,163.136813
-42.747704,341,168.623429
-32.660925,341,174.085747
885.77386,400,180.511099
-7.176241,300,185.423455
215.722433,1,185.47223
-5.050803,400,191.814884
233.071255,1,191.86116
875.389245,400,197.705185
-18.702022,2,197.769704
41.342529,29,198.251175
-0.585293,300,203.023324
-64.448404,140,205.325333
-24.590101,15,205.592484
-22.393067,341,210.888596
401.14388,341,216.379375
105.791895,114,218.217214
54.393287,341,223.702628
232.772522,1,223.751179
4.232555,37,224.360251
-33.306591,341,229.808324
-65.104692,252,233.925424
-10.180178,400,240.280288
887.755233,400,246.589319
-28.724008,341,251.964835
232.774838,1,252.012076
255.675174,136,254.021303
-35.692567,341,259.216951
257.516033,136,261.450035
291.056611,166,264.14678
-66.578445,186,267.156224
-24.89151,199,270.382243
259.246718,137,272.614985
232.904894,1,272.663305
-40.805617,341,278.192474
-139.182917,321,283.331061
-15.769395,300,288.182517
260.806921,138,290.451371
265.548032,148,292.848855
375.472529,200,296.086612
877.761993,400,302.123194
-53.906108,287,306.650949
262.474465,139,309.012772
264.20422,141,311.171538
-23.883563,19,311.486223
256.139826,146,313.548057
82.624332,341,318.762428
278.156308,152,321.225108
903.985733,400,327.820855
-22.324699,11,328.030387
-43.842526,341,333.528797
229.356264,1,333.577865
230.092665,1,333.626016
5.204219,31,334.179218
38.338889,341,339.680574
335.312393,400,346.049667
229.808819,1,346.095687
121.825454,341,351.583197
-26.592782,29,352.083228
-42.978639,341,357.530939
229.910531,1,357.580567
33.669288,154,360.073904
152.819821,341,365.649765
-13.037781,300,370.550203
765.747814,300,374.961354
313.253197,341,380.250995
206.745304,354,386.023832
229.422222,1,386.072367
55.280443,180,388.948959
482.875621,232,392.703318
-6.875846,400,399.149083
52.197327,152,401.640441
-45.102689,341,407.122347
232.358576,1,407.170952
-44.362343,341,412.650692
-104.872675,260,416.876479
-41.572973,341,422.425574
-101.518124,224,426.087101
47.739453,157,428.61262
232.616494,1,428.661241
223.130123,117,430.546805
252.622886,146,432.960057
263.425864,143,435.291887
334.324609,400,441.741183
-36.640401,341,447.32088
894.993078,300,452.193007
229.866169,1,452.242113
237.627286,148,454.678793
99.495514,131,456.833511
-40.611873,341,462.390821
-35.116792,341,468.031667
10.948671,400,474.520857
177.148107,319,479.765574
206.870536,1,479.814958
58.863204,152,482.288867
164.568798,298,487.161068
189.343822,300,492.088171
244.360012,146,494.440732
903.343381,400,500.586411
-29.844001,189,503.652447
655.332441,271,508.105817
44.551527,150,510.560457
267.118166,147,513.053999
1.05254,400,519.621583
-35.864717,23,520.021188
8.100734,300,524.923773
449.921127,217,528.433132
-41.321628,304,533.473964
-17.782173,341,539.145819
254.746667,147,541.571512
233.071898,1,541.621431
319.396647,191,544.704265
39.909588,300,549.642001
232.938703,1,549.691029
578.002382,250,553.590502
248.86445,143,555.929801
-5.472913,300,560.911177
880.4535,400,567.467597
-53.250885,294,572.29514
351.997803,400,579.191892
-48.757133,244,583.494363
250.422124,146,586.038872
244.47677,144,588.578092
-42.411831,341,594.576542
260.335236,141,597.018712
260.764835,146,599.649019
-10.526418,341,605.552432
-6.761483,400,612.325989
-142.389843,296,617.542931
232.85502,1,617.591756
220.215302,153,620.234355
345.261795,300,625.507486
343.966248,400,632.532846
42.100296,151,635.231611
-33.257096,341,641.174486
-28.851315,341,647.046088
322.331461,300,652.491929
232.821191,1,652.54073
11.891212,400,659.018702
-1.356709,300,664.698564
-6.904174,21,665.113794
-63.443278,341,671.464009
239.818647,376,678.41048
-59.066751,98,680.212112
1046.221608,300,685.222328
48.834705,149,687.692513
232.397536,1,687.741419
912.28909,400,694.308811
905.880374,400,700.789594
-10.951716,400,707.131057
892.368006,400,713.662163
523.634607,265,718.005682
246.187503,400,724.614307
-6.303862,400,731.080189
-42.613891,341,736.67591
225.717477,1,736.724989
-45.858641,341,742.379528
668.764598,334,747.874345
-7.049064,300,752.738712
294.896836,162,755.461267
-56.190822,341,761.039725
240.927577,341,766.680668
184.617629,400,773.213759
356.508649,400,779.746049
293.787646,400,786.310869
755.036754,379,792.390979
256.548439,147,794.598094
208.889217,400,800.736609
1053.319244,300,805.252776
262.877951,149,807.293666
348.199202,400,813.990651
221.646105,1,814.039753
-27.790661,341,819.650365
-45.309494,341,825.177101
-20.132473,1,825.22853
269.097018,149,827.699155
178.765192,227,831.354798
207.70648,341,836.923726
336.712132,400,843.269164
260.879124,146,845.717035
182.573862,255,849.959263
-40.290088,341,855.451115
-21.557191,9,855.660513
74.369852,181,858.699595
171.407894,189,861.650556
253.330424,138,863.84262
356.825118,400,870.098079
232.98103,1,870.14481
912.99355,400,876.385142
232.884076,1,876.434452
355.554255,400,882.780696
-16.313312,300,887.466135
232.909828,1,887.515254
232.397647,1,887.56354
-14.944429,300,892.559374
-15.855768,300,897.08687
0.492656,400,903.400593
250.640419,143,905.745224
249.1733,139,908.030943
-32.883223,341,913.18452
-16.925128,300,918.208082
809.610987,400,924.540379
232.75685,1,924.589631
841.037773,400,931.207707
386.818315,300,936.157951
245.694405,341,941.747826
232.797937,1,941.795231
1052.853976,300,946.60756
-26.016208,300,951.550037
883.689506,400,958.074418
-14.652579,400,963.860554
-8.220177,300,968.868443
-22.95111,300,973.625542
540.322817,400,979.599462
-72.173947,240,983.363569
-90.50975,341,988.978732
-35.242392,341,994.641444
-54.189105,341,1000.281211
1058.880471,300,1004.900129
66.980302,159,1007.476812
230.472058,138,1009.742072
1066.865804,300,1014.507456
-18.529197,400,1020.732265
72.800386,157,1023.327038
1053.995726,300,1028.225247
-35.501998,341,1033.599414
-13.928828,400,1040.171313
57.180524,160,1042.749538
-82.78182,279,1047.240254
22.404635,154,1049.807956
232.863076,1,1049.856837
-54.741099,341,1055.400991
236.7988,139,1057.623296
-12.186875,400,1063.927497
8.322886,300,1068.846259
1050.088176,300,1073.622602
430.109546,300,1078.573784
322.25315,400,1085.017403
229.965116,1,1085.06628
294.628096,210,1088.513037
318.349438,400,1094.551141
406.033671,300,1098.758073
-20.930543,300,1102.993582
229.438498,1,1103.042493
35.966374,149,1105.286775
385.866745,300,1109.795096
40.434836,148,1111.882843
230.335914,1,1111.929455
-24.333358,300,1116.290214
1051.580076,300,1120.814804
391.893364,300,1125.226701
429.806094,300,1129.602105
4.310825,400,1135.373445
48.073295,151,1137.538516
48.831291,149,1139.75556
21.001701,341,1144.834896
250.235726,147,1146.923116
1061.212142,300,1151.301792
-31.986707,341,1156.488515
870.015368,283,1160.737733
243.821302,151,1162.846041
226.699475,138,1164.977635
910.970055,400,1170.60948
546.913374,284,1174.674068
106.968658,163,1176.982336
-40.595254,300,1181.573767
178.855019,295,1186.05106
8.983568,300,1190.552804
439.504298,300,1195.036722
256.76005,147,1197.123677
228.591265,1,1197.183579
365.042934,400,1202.857778
-15.718099,20,1203.167579
228.524525,153,1205.649539
237.105625,137,1207.616814
1063.548969,300,1212.08609
-24.812606,50,1212.826273
256.652036,145,1215.054589
13.984493,18,1215.335029
897.915034,400,1221.303371
-34.43316,341,1226.311469
310.754733,400,1232.19331
43.563078,149,1234.447093
-37.954691,341,1239.678098
245.720479,152,1242.132344
229.198733,1,1242.179359
-27.696731,33,1242.665406
229.293856,1,1242.712242
-38.47854,341,1247.682603
258.740065,146,1250.100332
-39.076367,341,1255.116935
229.728501,1,1255.164733
229.672181,1,1255.211347
703.388101,349,1260.459551
897.898024,400,1266.342031
27.78042,152,1268.585232
228.300813,1,1268.634631
528.89637,300,1273.083885
6.276861,400,1278.913128
-27.353676,23,1279.321118
531.546526,300,1283.66984
-54.599138,300,1288.581741
232.286182,140,1290.9337
887.327677,400,1297.564148
261.393502,160,1300.27695
898.57709,400,1306.800788
228.255705,1,1306.850829
228.698005,139,1309.1321
2.668583,400,1315.70908
185.504163,397,1322.148115
41.873219,149,1324.595283
13.207942,341,1330.194023
-51.254326,300,1334.641011
470.058274,300,1339.525496
3.507913,400,1346.095108
1061.982796,300,1351.079791
228.311541,1,1351.128407
601.871856,300,1356.121686
23.484352,155,1358.699595
228.336394,1,1358.74836
603.978857,300,1363.465032
-112.124424,262,1367.746094
244.213868,159,1370.471778
258.616221,146,1372.887785
4.380457,341,1378.624473
222.47432,140,1380.908608
620.015352,300,1385.922554
209.362119,158,1388.511722
8.513629,400,1394.765197
-40.177362,341,1400.270606
250.193016,170,1402.930938
628.615018,300,1407.75688
7.352129,341,1412.845944
-67.472956,341,1418.109595
67.931712,151,1420.586604
356.236959,400,1426.989284
9.54444,14,1427.24747
-13.233136,300,1432.147671
309.795591,201,1435.302017
311.163876,200,1438.457788
232.049648,161,1441.203822
-67.538273,341,1446.65161
-6.026584,14,1446.875723
1021.228419,300,1451.529463
260.453894,147,1453.717928
242.414298,161,1456.354275
-33.337144,341,1461.903122
1050.024074,300,1466.863683
-56.039823,341,1472.502662
-39.105342,341,1477.558324
203.768942,326,1482.734796
238.162143,159,1485.22266
34.785952,151,1487.792419
-45.06035,300,1492.68091
-55.694971,300,1497.788789
-21.417063,300,1502.621215
44.109844,152,1505.121077
-13.847342,10,1505.317835
246.643523,155,1507.64899
43.688084,162,1510.278534
-30.74034,300,1514.995041
2.061853,400,1521.557228
227.311001,1,1521.606265
272.680488,154,1524.204242
8.019973,341,1529.796427
221.91826,1,1529.845361
345.183294,284,1534.424152
225.93781,1,1534.473967
259.492029,153,1537.099359
622.823652,300,1541.990764
56.611796,150,1544.590529
9.232599,341,1550.229632
0.984045,400,1556.795406
896.406523,400,1563.463817
-80.393676,341,1569.15897
225.683418,1,1569.208379
7.580504,400,1575.420357
38.837451,153,1577.975254
267.890691,155,1580.409022
59.182484,148,1582.689754
332.993481,188,1585.616846
263.443902,154,1587.891051
388.966206,210,1591.162901
161.227669,302,1595.603641
-36.460773,341,1600.790876
-24.98089,23,1601.179877
-7.259652,400,1607.210712
-124.00353,341,1612.275672
226.091039,1,1612.322208
385.706296,205,1615.463962
211.334791,1,1615.510789
-17.101227,300,1619.97621
-14.683811,300,1624.322983
-96.973222,341,1629.48898
-76.877249,341,1634.529222
253.997007,150,1636.72835
-14.769121,300,1641.288888
-10.081421,300,1645.843983
342.437034,180,1648.736615
-16.031922,300,1652.908119
-11.5466,4,1652.996129
163.796274,348,1658.187658
358.567465,187,1661.159369
54.658899,160,1663.569626
67.205292,154,1666.009979
-14.573317,300,1670.507309
366.417806,192,1673.281731
-9.091454,300,1677.702403
241.204652,400,1683.538741
58.699813,158,1686.139809
226.419422,1,1686.186282
225.888485,1,1686.232334
650.139843,400,1692.088582
-11.128594,300,1696.623742
392.887721,341,1701.828116
-66.882809,341,1706.920909
656.23654,400,1712.755769
-35.564184,341,1717.865749
27.242841,341,1722.931315
453.120593,341,1728.401352
67.116512,167,1731.129826
-16.641971,300,1736.115095
-23.79145,400,1742.752234
56.060448,165,1745.525609
225.433051,400,1752.01485
889.344553,400,1758.014591
-34.261983,45,1758.708239
436.449365,341,1764.264117
239.288756,400,1770.855498
-22.485981,10,1771.051131
226.079927,1,1771.099931
-26.751153,341,1776.765103
-22.290382,300,1781.743204
380.989281,208,1784.906352
226.251362,1,1784.955129
10.027504,341,1790.617151
386.908593,211,1794.131314
666.329585,400,1800.743257
225.819791,1,1800.792035
28.589214,341,1806.211484
425.473974,341,1811.818791
278.393275,341,1817.319497
-0.588843,203,1820.749727
-6.433964,300,1825.712161
225.346859,1,1825.761245
911.781371,300,1830.716469
222.196135,1,1830.765971
32.49735,32,1831.376964
-65.380461,341,1836.822989
-28.789089,341,1842.05012
923.044817,400,1848.088531
595.24884,300,1853.013045
27.731523,341,1858.617124
313.082105,341,1864.255073
538.54812,281,1868.449027
357.25325,198,1871.663586
-21.444863,400,1877.858509
351.148136,197,1881.11567
994.877286,300,1886.0646
891.352024,400,1892.404685
-18.981304,300,1897.162643
998.435269,300,1902.047357
888.723744,400,1908.426238
225.986083,1,1908.47616
236.580232,400,1914.373541
319.425304,341,1919.915648
708.54075,400,1926.225399
608.269636,300,1931.182658
226.260639,1,1931.231576
213.388368,1,1931.281361
-9.454086,300,1935.822472
22.717238,341,1941.453807
-121.28051,316,1946.744773
227.120258,1,1946.794039
409.444995,341,1952.447799
-24.201771,19,1952.855283
225.949699,1,1952.904249
195.899548,328,1958.281324
361.201334,202,1961.609494
227.530146,1,1961.658224
-26.045338,400,1968.245185
-118.133781,302,1973.292934
-32.020844,400,1979.842157
295.977854,341,1985.502872
-18.007606,300,1990.505543
344.554828,400,1996.60907
584.50664,392,2003.024733
281.721345,341,2008.618297
-115.374744,301,2013.368623
-89.130563,341,2018.923326
229.046947,1,2018.972439
610.19354,300,2023.97161
-87.815249,341,2029.558983
609.491784,300,2033.857933
-19.927325,400,2040.51657
223.482568,172,2043.404098
416.720002,341,2048.997235
895.181455,400,2055.495967
912.727099,400,2062.138464
885.980168,400,2068.774783
214.281349,207,2072.174629
-7.71413,300,2077.115752
398.692004,218,2080.717538
245.079347,201,2084.025184
276.518611,156,2086.626076
-3.632334,8,2086.790006
-119.453261,341,2092.36818
-26.361818,400,2099.124635
-30.099807,341,2104.734552
50.673808,341,2110.462548
140.813742,273,2114.528099
312.322003,163,2117.212096
0.613505,300,2122.135143
1.997111,300,2126.848747
620.805644,300,2131.909335
1033.613484,300,2136.785944
-19.462758,400,2143.396972
359.826312,341,2148.931973
392.959832,217,2152.584857
20.12963,341,2158.125251
245.015556,400,2164.715235
-28.578089,400,2171.312548
345.636587,400,2177.463076
274.633169,155,2180.062758
-81.89482,341,2185.771635
290.226822,152,2188.282148
360.626579,341,2193.881713
-32.524059,341,2199.441021
227.723313,1,2199.489986
-122.360623,315,2204.681977
-33.997678,400,2211.290617
-21.433876,6,2211.420958
279.83939,341,2216.918955
-4.400865,400,2223.706133
45.889615,341,2229.24018
578.604037,299,2233.831211
1034.299076,300,2238.721493
617.179843,300,2243.671932
367.857646,341,2249.289151
-2.930638,300,2254.182467
-32.724661,341,2259.796813
-26.773876,341,2265.161536
7.194503,341,2270.798197
621.623261,300,2275.413961
1035.845451,300,2280.41634
-3.937305,400,2287.03911
251.323433,136,2289.294299
262.810778,146,2291.704889
1016.406559,300,2296.260026
-12.010981,5,2296.373345
1.058847,300,2301.378747
226.412816,386,2307.76645
9.256919,341,2313.435877
29.819212,214,2316.921629
-21.511188,1,2316.970383
-59.637104,341,2322.573682
224.728228,118,2324.563609
-10.675946,300,2329.609447
228.986426,1,2329.658585
1046.470933,300,2334.47116
909.000775,400,2341.086802
226.845239,1,2341.135707
-6.392782,300,2345.738103
-41.198048,86,2347.052616
259.625371,140,2349.038892
333.735334,400,2355.078098
-40.026902,341,2360.363987
-20.359178,300,2364.940821
-0.437976,300,2369.383741
411.670015,341,2374.473908
1060.502109,300,2379.168928
311.495773,341,2384.298894
625.859545,300,2388.846741
679.575283,400,2394.851412
227.814437,1,2394.900404
269.791401,145,2397.27568
-18.282177,3,2397.352486
379.043525,208,2400.447265
39.898433,341,2405.59984
-41.008321,341,2410.685993
329.079429,341,2416.237496
1020.928103,300,2420.793486
625.555914,300,2425.277733
-3.479437,400,2431.284053
-9.443253,300,2435.695411
892.632484,400,2441.648944
-19.481115,1,2441.698592
-18.651156,300,2446.333112
27.870403,184,2449.423525
35.143053,27,2449.889463
-24.114404,341,2455.454333
923.979423,400,2461.687511
278.074346,145,2463.796058
-43.379794,341,2469.303023
391.184767,341,2474.455084
1063.719752,300,2479.379132
393.899417,341,2484.988426
257.403453,139,2487.255217
232.725021,1,2487.306552
894.143872,400,2493.958408
396.436806,216,2497.541739
-23.955173,341,2503.201162
-26.313665,341,2508.730909
400.341821,218,2512.381504
10.218413,201,2515.733111
227.376443,1,2515.782557
1067.158572,300,2520.824812
-3.584827,28,2521.306643
-19.182659,1,2521.356351
-36.915831,300,2526.377051
637.340575,300,2531.361995
-7.125606,400,2537.599201
-3.431271,300,2542.57683
328.508793,341,2548.231117
604.424006,307,2553.330999
287.575367,154,2555.922195
-29.064956,341,2561.574352
339.825614,341,2566.693505
387.617851,341,2572.33606
897.295437,400,2579.022109
253.193931,137,2581.319094
397.89319,341,2586.930666
-16.812099,300,2591.917917
-15.038257,12,2592.145628
77.883801,145,2594.378842
-17.475661,300,2599.280054
429.567927,232,2603.130832
-6.397218,400,2609.814822
18.267765,341,2615.531834
-4.230488,400,2622.216818
18.171879,341,2627.913063
686.857587,400,2634.673098
688.387924,400,2641.341573
699.239074,400,2647.941238
399.942622,221,2651.251976
628.109481,300,2655.940902
264.686449,169,2658.53914
-29.467457,30,2658.990526
344.089546,400,2665.006605
229.679207,1,2665.053611
623.521378,300,2669.469813
633.938625,321,2674.5437
1060.801435,300,2679.28878
229.314796,1,2679.33631
399.844433,218,2682.678103
229.981923,1,2682.725668
621.885851,300,2687.335027
304.88774,159,2689.673066
-30.431622,341,2695.055981
208.881952,1,2695.102569
1055.705184,300,2699.630707
-7.09447,103,2701.248184
22.183054,341,2706.313592
706.453146,400,2712.180399
0.159849,300,2716.672006
-30.288636,341,2721.930954
-25.477208,341,2727.059677
317.925547,400,2732.993326
279.987856,147,2735.139718
221.334462,1,2735.18648
1024.457853,300,2739.721759
374.676769,341,2744.794623
894.598599,400,2750.590587
6.018927,341,2755.671815
-16.476541,300,2760.672322
366.327347,209,2764.132511
228.591143,1,2764.181734
232.579239,1,2764.230293
-15.127765,400,2770.829824
536.883141,300,2775.367116
-105.028593,341,2781.064283
-15.762819,2,2781.129878
-11.288109,400,2787.912663
229.371935,1,2787.962469
327.064289,400,2794.516368
228.567082,1,2794.565564
513.634138,264,2798.980218
722.922173,400,2805.605163
54.299996,191,2808.836287
274.325189,144,2811.096285
-25.702477,341,2816.780808
227.748561,1,2816.830053
319.96543,400,2823.458584
396.166797,217,2827.034192
302.4504,162,2829.782587
228.323254,1,2829.829377
903.507773,400,2835.771895
383.486791,341,2841.102976
308.549961,341,2846.825135
25.904476,191,2850.017739
-15.850834,400,2856.536324
374.042703,192,2859.802291
699.515051,400,2866.468686
276.163303,145,2868.865075
896.721903,400,2875.481289
902.82745,400,2882.161254
900.699206,400,2888.70438
377.174511,341,2893.720008
-20.635234,341,2898.858431
-27.876499,341,2903.880422
-27.146655,341,2908.828119
381.548512,341,2913.904422
0.34013,300,2918.450864
-30.690693,341,2923.404933
397.335958,227,2926.691463
375.662283,246,2930.314292
-36.231171,400,2936.29847
44.044661,180,2938.866914
902.304442,400,2944.774189
-32.956302,341,2949.869329
405.206767,235,2953.307342
413.073434,341,2958.376542
1067.687839,300,2962.873235
5.348145,300,2967.468881
390.234572,220,2970.685074
46.682968,175,2973.533648
401.04796,341,2978.762599
602.640072,306,2983.195717
-13.864753,400,2988.957307
-43.344842,341,2993.883864
64.613332,165,2996.344719
228.507427,1,2996.39152
398.445271,247,2999.923686
-30.698372,341,3004.949528
332.325797,400,3010.723696
-2.513431,300,3015.188741
563.470609,400,3020.925792
-23.582562,16,3021.203298
-8.677578,341,3026.163126
488.752896,341,3031.020776
57.217482,180,3033.658147
-24.685158,13,3033.874771
328.099172,400,3039.633066
18.22874,341,3044.592641
229.059409,1,3044.632289
336.748435,400,3050.39481
-22.953601,300,3054.719352
51.8969,177,3057.26854
411.202021,232,3060.664083
229.10235,1,3060.703801
911.932984,400,3066.446293
-21.955145,300,3070.732595
-27.233983,300,3075.07156
8.54084,300,3079.362692
390.284956,217,3082.477241
1055.256375,300,3086.800498
411.427351,235,3090.153618
10.525535,341,3095.031192
8.777417,300,3099.326528
229.947354,1,3099.366663
143.978452,276,3103.311654
401.951538,245,3106.907335
229.984936,1,3106.947168
-9.035078,210,3109.914481
-26.912163,341,3114.813361
10.288235,300,3119.108004
-48.107015,300,3123.46478
60.282132,177,3126.002722
7.977792,300,3130.344721
47.929573,173,3132.80725
8.667392,300,3137.061479
-18.175324,300,3141.431048
410.525312,240,3144.920718
-14.005443,341,3149.921737
209.27626,1,3149.961963
0.808342,341,3154.885035
6.569751,13,3155.093473
155.40327,299,3159.426299
-76.191125,380,3164.930652
-81.177522,390,3170.563811
402.202275,341,3175.454705
689.703154,400,3181.277215
399.773735,341,3186.214171
20.026222,27,3186.660157
900.983479,400,3192.557664
-13.194976,300,3196.922332
-20.295337,1,3196.961875
-34.310971,341,3201.899985
-31.625871,341,3206.849036
433.822054,341,3211.775005
232.749221,1,3211.816613
19.602168,400,3217.627712
-21.165524,5,3217.724247
167.637669,302,3222.301362
599.213996,300,3226.59388
18.267336,19,3226.917244
698.023622,400,3232.691704
305.211878,158,3234.989636
1058.59422,300,3239.327401
-20.976613,300,3243.678961
-16.444244,300,3248.050864
901.075095,400,3253.895746
-25.351524,16,3254.143353
63.079026,175,3256.71259
621.819411,300,3261.064339
-42.480758,341,3265.96934
146.078728,277,3270.036266
606.611696,400,3275.732099
232.791128,1,3275.772269
233.022102,1,3275.811732
61.272252,179,3278.437155
232.984402,1,3278.477323
67.354724,173,3280.962432
-28.107821,37,3281.549449
419.988023,341,3286.434926
8.769345,300,3290.866889
301.153597,156,3293.152313
423.484499,341,3298.102879
203.3296,310,3302.598116
705.828227,400,3308.433221
214.68064,380,3313.897491
-24.631372,341,3318.809273
-26.912666,341,3323.707677
1050.48983,300,3328.079825
220.929675,383,3333.59293
321.10303,166,3335.959754
321.271686,166,3338.404415
610.342899,300,3342.698883
-9.515543,341,3347.707365
-17.464645,341,3352.687241
-20.211496,1,3352.727898
-4.30677,341,3357.790083
31.100021,25,3358.213398
-56.687062,120,3359.978862
4.214593,400,3366.00529
233.141348,1,3366.05785
334.016286,333,3371.218703
3.067567,400,3377.396723
385.122579,341,3382.484149
8.346322,300,3386.911035
-35.727644,300,3391.495839
7.277177,300,3396.089631
233.11848,1,3396.130065
59.583313,183,3398.965334
621.904799,300,3403.549026
418.426005,341,3409.195131
8.193172,300,3414.204893
613.478628,300,3419.181207
-3.047402,400,3425.838931
233.014104,1,3425.881651
676.061776,340,3431.51301
313.249563,162,3434.25879
623.486012,300,3439.262007
-25.086495,341,3445.013096
400.745618,237,3448.986887
384.678773,301,3453.986664
-36.662788,341,3459.645659
900.177515,400,3466.238972
336.586746,400,3472.958937
-21.571115,341,3478.593539
-7.265694,341,3484.299595
-29.920529,341,3489.969007
400.44999,219,3493.526484
-1.645559,300,3498.515209
322.10819,174,3501.471336
617.702731,300,3506.431666
233.062701,1,3506.473919
233.016653,1,3506.515834
232.915225,1,3506.557664
-40.069688,341,3512.283438
73.442242,172,3515.202894
698.057637,400,3521.810886
-39.287842,341,3526.785928
3.526836,300,3531.760665
339.840693,183,3534.845628
606.254843,300,3539.864559
79.399205,182,3542.900672
331.147075,172,3545.752964
233.224047,1,3545.795512
-5.996942,300,3550.817941
1.61237,300,3555.818267
-44.91052,71,3557.006618
233.018241,1,3557.049463
232.942738,1,3557.091285
215.077324,1,3557.133981
899.66247,400,3563.812631
-29.624494,341,3569.472047
431.282903,341,3575.148563
-33.995309,341,3580.86485
705.944619,400,3587.490165
720.700562,400,3594.117924
6.82104,300,3599.103082
619.509431,300,3604.180128
10.32464,400,3610.878011
-35.41714,341,3616.506179
367.137271,189,3619.69218
-21.112973,41,3620.449906
-22.651898,341,3626.229876
375.174752,205,3629.680603
-19.363958,21,3630.015326
624.293649,300,3634.621715
-28.525252,341,3640.342788
901.082841,400,3646.315964
233.251534,1,3646.356402
1061.43662,300,3651.277026
2.992894,300,3656.335818
624.19328,300,3661.356908
73.735185,175,3664.270973
-6.965956,400,3671.026537
68.51438,179,3673.863795
2.801052,400,3680.481527
616.321383,300,3685.220822
-8.724822,53,3686.196256
5.608012,300,3691.213675
394.442928,341,3696.875971
233.237346,1,3696.918473
233.249368,1,3696.960915
1061.681963,300,3701.952708
391.705705,220,3705.646207
311.035021,161,3708.315341
-21.892068,341,3713.812687
618.760823,300,3718.273598
708.801099,400,3724.941702
-23.018892,23,3725.34245
354.722551,259,3729.692558
14.329668,400,3736.005081
313.3948,164,3738.395941
618.41805,300,3742.758684
427.288056,341,3747.743321
233.278131,1,3747.784354
617.618126,300,3752.063139
-23.448531,341,3756.988433
233.256363,1,3757.028726
233.242025,1,3757.068332
352.556428,291,3761.276516
380.104716,218,3764.471159
902.062921,400,3770.260983
417.374475,341,3775.222151
209.08943,1,3775.261925
614.515395,300,3779.540071
390.15588,214,3782.645926
713.277071,400,3788.45445
233.24375,1,3788.494443
-29.833736,35,3789.01595
-0.623605,300,3793.423993
615.187328,300,3798.184099
632.740029,300,3802.480575
-28.481805,341,3807.40951
331.207829,400,3813.261406
-43.248815,400,3819.071856
63.69666,181,3821.75028
-0.844216,300,3826.077951
26.288069,28,3826.527582
428.924437,341,3831.461447
-17.902418,1,3831.501248
233.13984,1,3831.541279
326.116495,177,3834.087054
-44.223152,400,3839.902957
-42.185426,400,3845.667558
-44.775289,400,3851.599713
408.147505,341,3856.630598
348.301086,179,3859.200641
329.42632,170,3861.703487
-3.264697,300,3866.01617
902.155671,400,3871.782452
409.646621,227,3875.085722
-3.6715,400,3880.863693
-33.314822,341,3885.849739
-27.883359,300,3890.176285
314.441497,169,3892.623195
-20.472286,2,3892.677562
378.937768,196,3895.396417
900.958108,400,3901.177972
71.041746,177,3903.867803
214.261569,113,3905.81716
1059.637749,300,3910.39887
66.933234,175,3913.191123
338.992389,175,3916.096894
233.282914,1,3916.139712
399.866425,341,3921.656306
-2.65735,300,3926.68064
1063.798811,300,3931.696664
324.307309,175,3934.691263
894.643433,400,3941.277096
-23.909338,341,3947.009148
236.419817,1,3947.052246
324.036432,400,3953.726017
316.367569,400,3960.015668
-32.56816,341,3965.352911
-7.718845,6,3965.47736
-1.772102,300,3970.516824
204.227163,398,3976.971165
-26.9956,33,3977.5375
-20.702015,3,3977.614309
-19.684438,341,3983.280435
-4.01417,13,3983.518827
12.386188,341,3989.254637
360.984734,187,3992.429488
-5.262995,300,3997.473732
-1.405753,300,4002.616228
993.261841,300,4007.668317
225.015189,1,4007.714849
356.220462,334,4013.334611
349.894184,189,4016.609977
73.082893,175,4019.533126
189.6421,374,4025.794886
596.270776,302,4030.874242
-8.668356,20,4031.237895
17.574666,341,4036.908864
-28.949997,341,4042.706249
68.884998,175,4045.573771
-5.768699,300,4050.64511
331.368815,172,4053.58199
659.421875,334,4059.219083
626.972526,300,4064.090049
-33.817788,341,4069.232203
201.260052,116,4071.189414
-28.948276,41,4071.928292
233.011621,1,4071.975264
903.618864,400,4078.693573
636.430033,300,4083.855846
233.131239,1,4083.901839
-20.214783,5,4084.012542
-16.036106,4,4084.107274
333.207467,172,4087.015492
401.376392,233,4090.880586
6.798879,400,4097.264815
634.096919,300,4102.348865
308.509021,400,4109.063777
-22.39658,8,4109.224286
0.330039,10,4109.418711
6.710983,400,4116.170215
716.118265,361,4122.30951
-39.205527,341,4128.043605
233.087436,1,4128.089859
1004.973764,300,4133.065014
62.521907,180,4136.133004
317.522684,164,4138.857369
-32.046844,341,4144.571013
0.149636,10,4144.765259
-28.12226,341,4150.376498
-36.513903,341,4155.805386
-8.08481,12,4156.035076
-8.124261,341,4161.770181
724.584832,400,4168.19881
7.586435,300,4173.233688
0.988095,300,4178.289739
8.035462,300,4183.377016
80.247882,174,4186.355907
233.194561,1,4186.402318
9.751576,400,4193.043555
332.247251,179,4196.088313
-8.191781,300,4201.147988
14.709168,17,4201.455385
368.0451,279,4206.227928
406.97369,341,4211.982941
7.704321,400,4218.547471
1167.613999,300,4223.556534
326.255111,176,4226.540015
713.286198,400,4233.263994
154.650784,283,4238.044177
705.472221,400,4244.444353
279.096764,341,4250.156015
4.654684,300,4255.153211
366.207731,341,4260.963568
-65.210921,150,4263.549791
-24.194682,9,4263.729348
77.106093,176,4266.669983
384.72673,199,4270.140975
-8.88596,400,4276.48702
635.300832,300,4281.602656
898.987447,400,4288.276843
794.827647,276,4292.951689
-21.473008,5,4293.064369
209.817246,1,4293.11078
418.526025,341,4298.504075
8.11787,18,4298.825086
326.886575,400,4305.137018
1060.736012,300,4309.83233
480.490557,341,4315.058399
1013.895569,300,4319.642138
-3.193318,300,4324.30637
242.192817,1,4324.3526
70.71776,175,4327.074513
-20.307188,1,4327.117831
-18.701313,341,4332.36897
370.730572,341,4337.556091
-8.770185,341,4342.972557
333.244807,172,4345.760564
-24.07117,28,4346.187481
-20.23664,1,4346.231119
233.098328,1,4346.274233
-17.110575,5,4346.375059
1.163253,400,4352.496566
-37.161138,58,4353.38942
-3.984198,8,4353.531217
-1.260682,300,4358.148562
-28.1294,341,4363.388937
0.397171,400,4369.648441
233.190312,1,4369.69453
-42.822714,341,4374.993604
706.071516,400,4381.209039
-11.292465,300,4385.854234
52.742438,237,4389.492514
-4.027113,21,4389.867087
233.240947,1,4389.913229
381.497195,265,4394.03613
366.770359,203,4397.169483
507.336873,260,4401.256905
233.264774,1,4401.300554
477.289832,339,4406.505867
233.283346,1,4406.549334
437.462818,341,4411.698217
-74.569395,82,4412.881863
187.562757,336,4417.985062
-31.966694,341,4423.250634
-28.947603,341,4428.397264
-12.67201,300,4432.97646
59.710851,211,4436.111485
184.147903,321,4441.149322
386.271007,210,4444.314302
-18.80898,9,4444.46956
-36.82721,341,4449.458545
58.957392,182,4452.348499
5.819123,276,4456.652489
624.946307,300,4461.200136
-42.598718,74,4462.320317
1020.259435,300,4466.93147
-39.961307,341,4472.060502
-17.959609,1,4472.104703
219.452999,1,4472.147983
1042.414832,300,4476.768051
210.46617,1,4476.811778
-21.154762,15,4477.056778
400.884861,341,4482.19363
-15.907945,2,4482.252485
73.06633,177,4484.912709
-4.396303,300,4489.396583
-10.431889,300,4494.427418
-20.224095,341,4500.250113
5.828713,400,4506.986312
-30.975297,341,4512.585646
333.37756,400,4519.283366
-32.319937,341,4525.06908
-2.104467,300,4530.157284
-32.598192,341,4536.064337
-4.838784,300,4541.029148
417.882133,341,4546.825533
416.252706,275,4551.425016
365.555976,198,4554.812835
1059.958714,300,4559.87575
561.085712,378,4566.218098
10.604488,15,4566.494252
166.320214,294,4571.462408
415.805411,341,4577.2377
699.39467,400,4584.084228
4.232068,300,4589.153869
-36.138124,341,4595.011822
85.40594,181,4598.163766
62.646925,173,4601.067454
233.277376,1,4601.11312
453.217858,341,4606.656495
-34.531963,341,4612.094231
160.6131,303,4617.111
-6.751891,300,4622.171153
1043.356803,300,4627.108554
-4.474347,400,4633.557177
-59.564268,130,4635.59222
-15.211767,400,4642.169611
-41.528918,85,4643.618266
-46.622256,62,4644.673457
633.447892,300,4649.693172
894.268584,400,4656.439351
-29.547836,341,4662.036095
3.835201,300,4666.736312
705.782023,400,4673.473784
-5.69213,300,4678.52828
362.652049,190,4681.678852
-15.835688,7,4681.824462
641.463136,300,4686.85992
233.192319,1,4686.908233
900.170433,400,4693.347436
233.041592,1,4693.39211
396.019458,219,4696.979128
-32.531229,341,4702.775037
344.176728,400,4709.388143
343.249466,178,4712.432871
84.075185,173,4715.331497
64.796814,236,4719.350597
-5.814115,300,4724.520797
3.149421,300,4729.425599
233.060044,1,4729.471544
644.581696,327,4734.846115
30.626454,341,4740.583028
206.724948,1,4740.629075
1068.988921,300,4745.597903
903.069191,400,4752.237451
629.490235,300,4756.989751
-1.461107,400,4763.833795
-39.329169,341,4769.618896
951.453671,299,4774.539104
386.798476,211,4778.054505
-34.436887,341,4783.757528
-27.043201,300,4788.778641
233.227468,1,4788.824911
73.375738,165,4791.531074
454.779126,341,4797.266771
-34.084255,341,4802.972332
1051.026407,300,4808.02577
-1.585889,400,4814.333122
1032.890141,300,4819.776035
-30.958544,341,4825.533633
1037.256954,300,4830.557355
8.235706,300,4835.567903
299.673651,341,4841.294851
2.06718,11,4841.533119
-4.27257,300,4846.600645
722.074489,400,4853.347509
704.237279,400,4860.218826
233.182261,1,4860.26495
317.605918,341,4865.949901
479.653884,341,4871.631134
205.441975,1,4871.675374
430.165738,341,4877.012063
160.337844,341,4882.748536
549.327908,281,4887.515093
2.822091,300,4892.582132
-20.300184,11,4892.790584
310.481308,400,4899.385997
306.733551,400,4906.091438
233.187647,1,4906.137785
1053.684328,300,4911.209401
976.241836,300,4916.146411
662.104953,400,4922.794236
215.611276,1,4922.841017
422.567075,341,4928.620732
895.380964,400,4935.267888
109.894783,341,4940.952376
-63.963186,341,4946.703152
-3.064079,400,4953.438963
394.650962,204,4956.826954
50.794826,35,4957.467809
-56.307514,341,4963.173636
128.865264,341,4968.874864
122.997297,341,4974.665382
-24.751503,20,4975.053131
-17.985574,1,4975.098487
312.539395,400,4981.864186
-5.592387,300,4986.912104
419.920139,341,4992.546959
4.999548,300,4997.203372
496.60522,346,5002.98309
-20.843903,6,5003.11137
287.892883,341,5008.788778
-49.013505,341,5014.612545
217.867226,1,5014.65896
-24.878126,15,5014.934878
87.960003,341,5020.655471
408.831859,341,5026.402989
901.291401,400,5032.764024
396.680521,216,5036.054362
52.555996,181,5038.701622
52.858439,186,5041.638603
-4.652896,400,5047.616325
538.486182,276,5051.757761
564.142975,288,5055.95736
-44.340599,341,5061.087666
1096.499412,300,5065.631844
-3.009589,300,5070.069906
-56.356278,341,5075.390404
-21.507711,1,5075.436252
899.241345,400,5081.672215
108.580639,341,5086.792418
4.440337,300,5091.390422
0.987479,300,5095.988808
49.636261,182,5098.772868
6.536228,300,5103.444509
6.427996,13,5103.656337
100.561947,400,5109.524857
319.03708,341,5115.009555
908.342122,400,5121.683985
-55.164224,341,5127.451639
67.386669,185,5130.546108
-8.277568,20,5130.930809
1046.658709,300,5135.887172
448.138878,341,5141.65571
232.797521,1,5141.701857
238.354074,1,5141.74903
213.688932,1,5141.808249
115.116059,341,5147.452542
233.150824,1,5147.498528
449.775342,341,5153.299978
-18.012837,4,5153.394151
226.528576,1,5153.440016
455.299663,341,5158.713581
-24.974301,23,5159.065979
425.826774,341,5164.264398
415.849147,341,5169.342703
1005.968048,300,5174.17263
476.001797,341,5179.542448
88.860077,341,5184.70247
106.099716,341,5189.754484
60.809735,182,5192.70986
455.175616,341,5197.966891
-1.928477,400,5204.082089
-18.508604,341,5209.259126
357.305525,197,5212.449858
6.518319,300,5217.05489
53.614665,203,5219.968821
1060.572719,300,5224.582944
8.108308,14,5224.84029
422.472589,341,5229.981442
705.205182,400,5236.155833
-20.20214,1,5236.199843
211.087231,1,5236.24317
351.166895,195,5239.073556
-32.629203,31,5239.539124
359.183098,198,5242.646883
-31.572061,341,5247.71551
-43.466123,341,5252.9252
-27.066342,341,5258.177184
-26.436286,341,5263.259551
-46.952505,341,5268.532103
-22.516029,10,5268.70544
165.123442,312,5273.574833
232.837413,1,5273.618084
158.468474,304,5278.176815
712.224235,400,5284.116113
232.643305,1,5284.160096
702.779484,400,5290.286302
28.628086,23,5290.689262
197.503761,329,5295.853792
630.845545,300,5300.457534
358.945443,200,5303.617294
901.027655,400,5309.610543
-19.993069,1,5309.653591
649.714721,300,5314.4265
211.274289,1,5314.471304
339.818401,341,5319.787512
995.259748,300,5324.381274
-18.003933,1,5324.426066
72.425377,341,5329.678341
-13.981823,3,5329.750829
-35.836446,26,5330.139023
207.922523,1,5330.182489
-27.450874,341,5335.515287
50.672973,177,5338.413445
1023.139893,300,5342.989288
185.34104,335,5348.244803
530.037247,272,5352.485317
1071.387794,300,5357.089267
-12.23514,300,5362.151406
83.412389,341,5367.340711
337.896121,341,5372.667587
91.340072,341,5377.964219
-1.47942,300,5382.573331
232.688248,1,5382.616861
210.172042,1,5382.660203
-29.44429,341,5387.937228
-27.943016,341,5393.26904
-21.183076,341,5398.549814
232.486065,1,5398.593252
119.171953,341,5403.763809
102.954175,341,5408.950608
-1.886358,300,5413.534953
-25.67283,341,5418.823992
620.255946,300,5423.43904
232.767917,1,5423.482674
230.061983,1,5423.525909
-7.29741,300,5428.117224
329.580996,400,5434.333566
-36.531101,341,5439.635502
195.844922,353,5444.944726
-4.29601,300,5449.581095
445.878247,341,5454.856171
230.300604,1,5454.899684
229.769579,1,5454.942285
721.587674,400,5461.19684
-35.040178,341,5466.425743
375.521325,202,5469.442625
232.622943,1,5469.486015
-1.812494,400,5475.799337
-7.452118,400,5482.103372
899.810763,400,5488.192285
229.988545,1,5488.235949
-39.006241,341,5493.579585
-29.162487,341,5498.885034
-22.046224,341,5504.021378
714.758551,400,5510.005908
-17.959774,1,5510.049292
658.390174,337,5515.292123
329.849862,400,5521.582224
1060.15831,300,5526.113049
97.022894,341,5531.317164
-33.696273,341,5536.343018
8.688455,14,5536.601415
41.062523,341,5541.909272
-1.983496,400,5547.980264
723.605876,400,5554.119056
442.307677,341,5559.435689
359.148737,197,5562.490899
-0.14327,41,5563.09334
-27.551345,341,5568.299448
-3.980475,8,5568.441005
438.32964,341,5573.768794
10.138675,16,5574.025918
318.95991,400,5580.114812
1.620119,300,5584.687081
1069.268945,300,5589.236543
232.691428,1,5589.279992
112.751807,341,5594.338283
1069.109629,300,5598.937618
232.856834,1,5598.981313
80.155082,341,5604.139402
328.672538,341,5609.300021
332.809621,341,5614.557017
0.772599,300,5619.257633
431.467781,341,5624.39163
-30.937581,341,5629.552168
442.576236,341,5634.863316
586.775199,299,5639.51138
443.485912,341,5644.720744
370.911525,215,5648.032509
701.074127,356,5653.384997
432.70606,341,5658.633905
435.901486,341,5663.954858
463.220564,330,5668.975252
355.627932,192,5671.86747
1045.751168,300,5676.467841
27.104719,23,5676.870457
353.16068,197,5679.902082
233.032271,1,5679.945649
349.392441,196,5682.993722
453.702937,341,5688.134859
431.496047,341,5693.463216
352.588581,341,5698.727931
-5.725214,7,5698.857801
618.386793,300,5703.41618
-38.23449,341,5708.642648
1.182986,300,5713.138329
334.676845,400,5719.03436
-6.069451,400,5725.513656
442.610789,341,5731.202362
232.851331,1,5731.248353
-25.725139,341,5736.923547
551.238514,300,5741.914652
349.237185,190,5745.100125
646.750778,300,5750.192234
348.800842,197,5753.586897
-32.649161,341,5759.44865
231.145336,1,5759.497375
432.082972,341,5765.223879
-24.744058,341,5770.818307
70.919838,125,5772.682089
57.041515,341,5777.892313
-3.606461,300,5782.781179
-40.401546,341,5788.146734
219.04462,1,5788.194125
22.753502,114,5789.956873
4.947165,300,5795.050571
694.266571,400,5801.668032
331.396717,400,5808.063516
339.960157,400,5814.677223
339.523986,400,5821.1282
-1.975716,9,5821.306731
365.776929,341,5826.949929
441.62075,341,5832.336826
1.502634,300,5836.842274
-36.071697,341,5842.525725
120.61351,341,5848.199505
-35.401882,341,5853.7449
82.247786,341,5859.402675
233.132459,1,5859.449333
467.734784,341,5865.020196
-18.031506,3,5865.091726
232.924968,1,5865.135327
459.316304,341,5870.674854
433.419441,229,5874.181546
531.219247,300,5879.007854
533.79041,300,5883.802973
-21.442293,1,5883.850476
27.183225,23,5884.257197
-2.77762,400,5890.950493
445.740767,341,5896.186051
421.216717,341,5901.223329
0.8234,300,5905.756137
-1.760379,300,5910.317305
-15.980234,2,5910.37517
286.949863,149,5912.593509
-2.445699,300,5917.072229
-26.917026,341,5922.814235
361.076662,199,5925.8955
-38.041279,341,5931.61527
-42.635159,341,5936.84902
203.231559,357,5942.389928
62.988091,341,5948.02033
-1.860588,300,5952.869418
656.163954,336,5957.971729
39.478964,300,5962.821768
120.929644,341,5968.014025
-24.839815,19,5968.357118
542.816143,360,5974.208503
366.742094,205,5977.557827
120.164897,341,5983.000864
209.567823,1,5983.044695
22.137232,24,5983.479714
-0.141124,300,5988.149776
113.016278,341,5993.601702
-39.438126,63,5994.586351
-38.564834,341,6000.013403
-34.177551,341,6005.081459
894.993082,400,6011.284205
882.301148,400,6017.471029
354.718714,200,6020.419619
373.169437,341,6025.561258
778.34386,386,6031.950538
16.197359,18,6032.275474
232.981825,1,6032.321613
1144.809975,300,6037.358064
-38.429882,341,6043.123994
134.096964,341,6048.498632
220.843285,385,6054.34975
340.431015,198,6057.445122
-30.704623,28,6057.935216
338.869031,400,6064.71191
473.431044,327,6070.240032
897.360357,400,6076.221209
-13.849971,3,6076.300975
337.042459,207,6079.774997
232.633639,1,6079.821067
233.001112,1,6079.866859
716.176377,400,6086.124308
362.354277,202,6089.550588
211.368374,1,6089.596771
2.068299,300,6094.627075
378.486753,238,6098.672561
327.796505,215,6102.111614
-33.421685,341,6107.179953
333.524159,211,6110.834988
-26.361417,341,6116.037424
233.406435,1,6116.081253
223.358057,1,6116.124742
-16.004631,2,6116.183865
1037.312893,300,6121.256974
-37.293198,341,6126.965561
114.103525,341,6132.531869
447.303718,341,6137.691524
446.073572,341,6143.41356
-29.66874,341,6148.724689
194.025911,333,6154.325756
-19.421169,1,6154.372344
83.327005,341,6160.095225
459.676337,341,6165.797892
3.433968,300,6170.810757
442.665069,341,6176.076923
3.87328,300,6181.094106
142.668812,341,6186.792981
6.381044,300,6191.932766
348.067901,190,6194.832141
665.050672,400,6201.332484
572.25674,293,6205.879915
1118.140444,300,6210.889287
588.550406,300,6216.059975
114.045591,341,6221.817286
892.641595,400,6228.605556
2.585023,300,6233.606364
18.215639,20,6233.92798
470.753679,341,6239.253842
896.503565,300,6244.362153
489.234631,341,6250.159502
-56.21341,341,6255.936326
-45.934868,341,6261.781083
233.228373,1,6261.827635
1.84921,300,6266.540258
120.084082,341,6272.363079
-33.259334,341,6278.192002
721.153987,400,6285.060325
29.10072,24,6285.491421
232.688733,1,6285.537699
706.737577,400,6292.322258
365.224235,341,6297.568571
901.612876,400,6304.36712
-2.472017,400,6310.703849
435.625218,240,6314.728869
-14.208952,15,6315.009365
80.045298,341,6320.782588
-0.164757,400,6327.043729
82.157246,341,6332.809507
410.007235,213,6336.48122
717.632547,400,6343.268178
431.833547,238,6347.328261
417.802295,240,6351.380641
896.602351,400,6357.61412
1.636169,300,6362.516421
425.703014,288,6366.986259
438.589855,251,6370.827641
-27.961589,341,6376.191456
704.239714,400,6382.340221
5.025425,300,6386.849418
650.20617,300,6391.609174
250.117728,131,6393.711536
233.25441,1,6393.756113
725.26442,400,6399.747659
5.787222,44,6400.424377
-3.550712,400,6406.283217
735.861166,400,6412.547881
86.340886,341,6417.605236
713.8261,400,6423.506489
233.112421,1,6423.549759
399.989459,212,6426.663532
346.127678,400,6432.543516
483.257219,341,6437.454544
233.164834,1,6437.498204
-39.649103,341,6442.49709
1061.725483,300,6446.813739
343.682141,341,6451.82916
75.490705,341,6456.802633
-8.963022,19,6457.102634
5.173313,300,6461.510343
25.959554,341,6466.390754
457.36286,331,6471.373796
233.047274,1,6471.417224
369.49063,199,6474.310494
-8.420149,400,6480.580541
-3.17922,400,6486.841495
4.277255,300,6491.341528
85.19538,341,6496.472903
-31.199254,341,6501.484727
-39.938141,47,6502.254191
4.586217,12,6502.48171
-39.920633,341,6507.51226
1041.391182,300,6511.81964
-2.458367,300,6516.277994
392.73649,341,6521.33602
-41.535506,341,6526.343245
-42.274615,65,6527.334026
880.641201,400,6533.244214
233.199006,1,6533.287987
624.208089,300,6537.70564
519.547951,341,6542.747978
514.055262,341,6547.786162
392.946992,341,6552.82837
381.852101,233,6556.227199
365.637985,197,6559.184517
233.125073,1,6559.228433
12.822116,16,6559.482598
-36.223888,341,6564.478071
1050.540676,300,6569.016125
233.093235,1,6569.060006
-19.734201,20,6569.368845
343.150405,400,6575.360978
534.962486,285,6579.618967
-3.25968,400,6585.577937
-40.007927,341,6590.801534
232.461895,1,6590.845154
-7.3203,400,6596.811629
385.039411,341,6601.869755
-43.883694,341,6606.88526
219.774621,1,6606.928938
388.350121,236,6610.397434
729.878839,400,6616.493528
3.53116,300,6620.992235
214.014936,1,6621.036049
505.95974,341,6626.156846
-9.997595,300,6630.620441
252.351982,132,6632.670424
-7.257561,400,6638.654407
233.143369,1,6638.698008
-8.031325,400,6644.658337
107.036893,341,6649.768046
-45.294853,341,6654.817623
-13.737797,9,6654.971955
104.092872,341,6659.95092
855.052555,400,6665.876703
358.865695,252,6669.708126
10.106163,19,6670.005933
14.855819,17,6670.276865
-39.083608,62,6671.203887
1.227747,103,6672.797985
-24.281486,12,6672.999089
-14.853271,400,6678.823971
-36.574949,341,6683.884625
360.281667,241,6687.413132
-19.256885,1,6687.458829
392.013475,232,6690.911483
214.801692,1,6690.956468
-47.999622,341,6696.076737
233.277701,1,6696.120272
701.559188,349,6701.278352
-41.018487,341,6706.321871
395.43422,208,6709.473366
-40.039275,341,6714.563641
-15.813982,6,6714.680461
-17.881958,1,6714.723847
712.853261,400,6720.609768
369.171839,202,6723.629386
3.510093,300,6728.092962
-19.455162,400,6734.255231
-37.582394,341,6739.295981
-24.809053,22,6739.636623
490.089957,341,6744.771359
124.22609,341,6749.834682
358.462952,300,6754.298357
376.956865,256,6758.082448
636.719036,300,6762.434774
191.854046,338,6767.541864
-10.991943,300,6772.023197
429.639969,241,6775.669972
336.240201,400,6781.581974
724.871171,400,6787.550926
110.632714,341,6792.74028
-7.107888,300,6797.170367
10.791775,15,6797.410697
-10.517838,300,6801.92796
233.100338,1,6801.972256
631.636184,300,6806.403326
189.666373,328,6811.269909
339.040104,400,6817.107208
896.675934,400,6822.988722
233.213296,1,6823.035016
233.171287,1,6823.080532
530.247497,341,6828.073348
-20.410532,1,6828.116531
-16.009808,3,6828.218603
-36.603293,341,6833.244167
884.099911,400,6839.307226
232.928858,1,6839.351819
375.53439,341,6844.600603
68.528474,341,6850.000523
-11.121971,300,6854.70172
-46.414513,341,6860.067193
66.385223,176,6862.990952
734.714491,400,6869.73073
56.358045,341,6875.474635
-15.090904,400,6881.786255
216.099082,1,6881.830029
-28.8629,44,6882.511237
-73.612872,314,6887.82075
232.906681,1,6887.867714
233.255452,1,6887.913382
-11.609589,300,6892.509474
233.190505,1,6892.564732
639.234026,300,6897.599516
-41.181169,341,6903.231945
730.448061,400,6909.924088
213.452334,1,6909.970587
463.516739,341,6915.469131
-39.63961,341,6920.894275
394.097019,341,6926.246887
621.150435,300,6931.026024
365.643509,198,6934.397939
-14.884223,400,6941.111554
208.665474,1,6941.157831
868.237811,400,6947.753318
-38.548914,341,6953.067925
-40.111352,341,6958.840243
168.893829,302,6963.798887
345.42951,341,6968.868231
-31.73782,341,6974.235762
186.845428,336,6979.289896
367.464032,200,6982.735373
-16.506106,300,6987.655684
213.276043,1,6987.699277
683.039768,345,6993.445144
-17.270699,300,6998.49253
361.567719,197,7001.774074
490.968987,341,7007.561125
-1.939692,13,7007.775563
394.881045,341,7012.99449
1034.117231,300,7017.554505
643.081139,300,7022.465857
-39.936961,53,7023.305971
-22.149356,9,7023.484793
73.009337,148,7025.986
-33.622846,341,7031.17749
-29.504262,400,7037.231526
881.60948,400,7043.277649
413.172842,341,7048.980799
901.296922,400,7055.775197
-32.493153,341,7061.543334
484.361278,290,7066.388976
393.870508,210,7069.910117
-8.774078,300,7074.976145
328.333239,400,7081.7067
712.490674,400,7088.541187
1045.308404,300,7093.497838
75.11845,153,7096.083886
643.202956,300,7101.048296
713.880794,400,7107.700202
913.492856,400,7114.436466
7.47479,13,7114.676761
-15.32007,20,7115.037292
-20.948026,400,7121.829587
233.257513,1,7121.873275
373.39831,203,7125.092309
-11.216104,300,7129.847378
33.477363,110,7131.45332
896.437384,400,7137.39917
373.48342,202,7140.441983
898.180391,400,7146.554885
-20.066049,341,7151.761374
336.30005,341,7156.97408
895.852021,298,7161.48708
-14.28832,400,7167.674932
373.466923,202,7171.014363
-16.431708,400,7177.788473
232.528621,1,7177.831824
-9.460868,300,7182.643564
92.321376,341,7188.306477
451.967288,341,7193.959907
502.413222,341,7199.542759
72.949105,148,7202.098226
-15.679558,8,7202.289908
-20.709623,341,7208.090529
233.224144,1,7208.13642
1.54746,300,7212.946213
-18.117284,3,7213.018702
-31.428968,341,7218.183954
-36.330576,341,7223.972747
416.021984,341,7229.778562
377.233874,207,7232.830958
898.061229,400,7239.355343
-24.293781,341,7245.003128
73.192306,149,7247.432491
-12.111026,24,7247.796764
1040.040594,300,7252.410933
708.480735,400,7258.894013
-32.103615,341,7264.606582
-24.825541,15,7264.88635
77.621168,341,7270.63433
423.141462,341,7276.057297
37.095995,27,7276.466418
1.81032,300,7281.168326
711.921295,400,7287.887502
69.943913,151,7290.538816
383.765247,242,7294.617354
-34.017031,341,7300.220644
1059.802997,300,7305.344682
221.325842,383,7311.815095
233.298703,1,7311.861264
405.753429,227,7315.300916
243.217289,1,7315.344487
-31.184348,341,7320.60471
-1.560595,9,7320.782662
492.054262,336,7326.436787
73.827443,151,7329.043854
233.129638,1,7329.091028
600.642155,308,7333.923051
72.178918,148,7336.531272
-27.76852,341,7342.141979
-22.883514,341,7347.870776
233.078391,1,7347.916893
-26.396039,341,7353.73337
233.215082,1,7353.779877
51.686952,289,7358.458868
-26.101171,341,7364.197318
233.061147,1,7364.243474
1.631641,400,7370.967649
-26.921416,341,7376.065226
415.174906,341,7381.277291
-29.761292,341,7387.041698
406.045309,341,7392.764858
-21.72545,341,7398.124315
232.959413,1,7398.168268
71.903368,153,7400.635859
-30.333756,341,7406.450331
377.47351,264,7410.888964
38.252793,208,7414.391294
76.041819,156,7417.095618
7.775788,300,7421.986451
1026.909794,300,7427.014619
387.215251,341,7432.403467
-17.979215,1,7432.446527
232.96673,1,7432.4894
469.76665,341,7437.995929
233.228105,1,7438.039488
-28.351082,341,7443.657663
702.217743,400,7450.409198
233.12027,1,7450.455441
638.0006,300,7455.475013
724.472255,300,7460.521489
233.258188,1,7460.56717
-27.577548,341,7466.343676
1047.46539,300,7471.385675
-20.848679,341,7477.087773
-6.407519,300,7482.078937
-3.791412,20,7482.438263
1041.404313,300,7487.518169
-12.543457,13,7487.760725
897.399963,400,7493.980757
219.742515,1,7494.026857
233.158882,1,7494.073159
233.193267,1,7494.118433
76.931145,158,7496.818187
-20.111214,1,7496.864873
371.18711,201,7500.248831
-38.666634,341,7506.079022
83.127026,169,7508.629952
0.552115,400,7515.079234
-7.527232,300,7520.11685
358.05229,400,7526.865993
445.084818,341,7532.603319
-37.512686,341,7538.252302
1072.888013,300,7543.143378
233.091098,1,7543.18945
618.562088,300,7547.664625
-9.753504,5,7547.766152
389.222442,212,7551.24764
362.499191,207,7554.546193
-26.092709,341,7560.229123
350.532232,400,7566.63714
-43.561165,341,7572.489014
-20.290804,1,7572.535202
419.189649,341,7578.303705
244.867632,362,7584.289593
78.890444,341,7590.007958
-15.734085,8,7590.168074
347.057773,400,7596.842198
416.563918,341,7602.558593
-31.410658,341,7608.331586
-31.0041,341,7613.85298
217.301255,1,7613.897566
1069.985028,300,7618.884757
3.496084,400,7625.581995
-6.355964,300,7630.656447
4.066772,12,7630.884977
-7.400207,400,7637.085933
437.59927,341,7642.449364
63.380987,341,7648.10643
199.589799,321,7653.366273
728.719929,400,7659.982287
9.557122,300,7664.982248
-7.317576,6,7665.110563
233.108599,1,7665.156821
-29.451817,341,7670.952184
-10.748533,400,7677.393289
1.653978,300,7682.432107
233.231445,1,7682.47794
476.127981,341,7688.162223
-3.63843,400,7694.442065
0.526359,36,7695.065515
406.399655,209,7698.588487
-23.034622,14,7698.848754
506.868633,343,7704.743108
1038.354558,300,7709.806457
666.225086,338,7715.419186
732.527621,400,7722.084383
-24.365235,14,7722.34362
1034.876669,300,7727.393386
361.728203,231,7731.034129
-37.083619,341,7736.244137
1050.874487,300,7741.143012
66.822649,341,7746.810263
233.094299,1,7746.856512
898.349835,400,7753.425483
16.408507,18,7753.740566
-4.160469,300,7758.667789
3.380997,300,7763.687971
1062.264314,300,7768.784147
856.904272,282,7773.526923
436.893208,341,7779.194368
398.529571,206,7782.507342
-48.46312,341,7788.013357
373.229248,203,7791.189888
-32.018908,341,7796.403609
731.122106,400,7803.107503
-37.396566,48,7803.930579
116.599626,341,7809.057544
645.117328,300,7813.589164
449.13052,341,7818.590064
400.306195,208,7821.845054
8.145658,300,7826.505601
718.049864,400,7832.760731
238.731587,1,7832.806992
-44.475201,341,7838.307136
436.616355,341,7844.096799
478.308294,341,7849.432532
-21.620297,7,7849.567501
76.305657,341,7855.067879
50.819522,35,7855.671785
732.780591,400,7862.416478
744.778797,300,7867.426167
357.366943,400,7873.880218
219.687399,370,7879.638662
-2.933672,19,7879.980623
233.164843,1,7880.026759
2.564626,11,7880.238087
4.018013,400,7886.477609
438.653853,341,7892.048673
-9.587954,400,7898.384124
-9.965534,300,7903.004749
-27.894813,38,7903.575261
-50.324173,341,7908.740171
1058.505861,300,7913.340807
437.512872,341,7918.658449
897.659501,400,7924.743911
-20.302931,7,7924.891096
538.807303,355,7930.274896
-27.052844,341,7935.598657
239.775083,1,7935.644078
233.223776,1,7935.686818
114.206341,341,7940.792704
396.556816,204,7943.825235
443.580606,341,7948.956824
322.380888,400,7954.980728
5.715039,300,7959.657828
221.158488,1,7959.701675
233.232929,1,7959.744659
629.040785,324,7964.707325
897.784748,400,7970.840447
-22.450441,13,7971.083221
-19.404652,1,7971.130674
11.758841,300,7975.564038
-49.107906,341,7980.790572
233.229331,1,7980.837211
422.731718,244,7984.546973
947.634361,298,7989.035263
8.61819,300,7993.913891
44.673671,32,7994.392004
-20.47739,2,7994.450823
-43.389889,341,7999.907245
551.016277,363,8005.501461
-6.415515,400,8011.498429
112.243126,341,8016.761254
902.745431,400,8022.931256
233.259472,1,8022.974992
104.172447,341,8028.100536
427.35141,341,8033.33053
32.226006,34,8033.840065
233.061321,1,8033.884925
-22.710692,11,8034.068965
100.228539,341,8039.095791
894.485754,400,8045.661723
233.237023,1,8045.708754
724.547165,400,8052.268531
-19.540903,300,8056.85406
592.040115,382,8063.274552
585.177938,300,8068.335796
-24.098727,25,8068.714665
793.554129,397,8075.120576
595.292965,300,8080.167606
-25.574901,19,8080.507936
-12.507304,300,8085.037333
579.389485,296,8090.041115
109.7709,341,8095.811947
1034.211097,300,8100.575916
233.197535,1,8100.622029
6.750644,300,8105.659549
233.660549,1,8105.705785
110.510255,341,8111.410028
-22.725435,12,8111.608621
-3.985397,9,8111.765435
110.768241,341,8116.996693
-26.546279,341,8122.822111
450.12913,341,8128.512488
-17.882902,1,8128.555901
729.75775,400,8135.014044
-25.27966,341,8140.231634
-42.790619,341,8145.330967
434.946889,341,8151.037018
107.821615,341,8156.791417
233.257229,1,8156.838121
452.473843,341,8162.333192
115.666344,341,8168.071316
215.813567,352,8173.776004
-57.47253,341,8179.333061
12.14777,18,8179.658373
975.43887,300,8184.736553
116.655257,341,8190.258253
404.737904,341,8195.977151
497.149293,341,8201.299398
1.074228,400,8207.409137
233.151955,1,8207.453754
1.168052,400,8213.340268
-34.467463,341,8218.531297
386.578958,199,8221.581721
434.194614,341,8226.73744
109.313894,341,8231.883564
347.608322,193,8235.167872
-24.242099,341,8240.527697
631.497155,300,8245.016991
351.680184,400,8251.226581
-42.906541,341,8256.201914
-33.568421,40,8256.919616
1078.476549,300,8261.456577
492.818609,341,8266.55767
1058.18823,300,8270.994168
233.189098,1,8271.040284
-17.561753,8,8271.201074
-26.307598,341,8276.5438
-42.865016,68,8277.69114
613.038808,300,8282.338259
233.240302,1,8282.381936
373.856199,341,8287.628717
102.028002,341,8292.824882
-25.859591,4,8292.921874
423.420926,341,8298.107809
0.306419,300,8302.552148
-6.731629,15,8302.789104
412.180977,336,8307.801272
400.416478,206,8310.808543
94.149227,341,8316.109485
444.898596,341,8321.199277
-21.122889,4,8321.294412
-34.202843,341,8326.359341
326.899864,400,8332.386695
433.364328,341,8337.714182
0.352071,400,8343.743595
-35.445913,341,8348.961408
82.63606,341,8354.18809
18.088506,18,8354.470911
1.354778,400,8360.469984
6.262431,300,8364.966223
-29.886335,341,8370.251114
413.660566,284,8374.763957
447.187576,341,8380.00419
118.300828,341,8385.648275
635.60851,300,8390.542289
-45.138796,341,8396.334775
-0.419054,400,8402.543499
417.863278,341,8408.277539
655.824946,300,8413.044282
390.419558,203,8416.007885
5.361953,300,8420.475641
-88.499877,260,8424.722128
233.231425,1,8424.765889
9.957542,300,8429.601996
426.405878,341,8435.137155
73.220609,341,8440.241283
8.050528,300,8445.11347
87.020438,341,8450.631435
-30.977527,341,8456.047066
-42.857137,341,8461.522647
614.210919,300,8466.481517
727.314714,400,8473.139011
397.773212,341,8478.476511
1070.107079,300,8483.52946
93.890548,341,8489.28016
440.452135,341,8494.804588
1077.842593,300,8499.832828
-15.908306,2,8499.895875
381.001218,341,8505.682224
383.278777,341,8511.182246
728.171539,300,8516.206182
-23.318024,25,8516.646014
1069.97699,300,8521.476034
327.661888,400,8528.264412
96.529155,341,8533.792718
373.346524,202,8536.846946
1035.902534,300,8541.768501
411.652287,341,8547.452295
1057.11386,300,8552.376495
233.240418,1,8552.423809
2.462894,400,8559.18532
387.593882,341,8564.894533
42.801682,31,8565.358656
11.589873,300,8570.267801
215.72721,1,8570.311342
356.769676,253,8574.546583
627.487364,300,8579.38947
651.342095,300,8584.237615
96.193531,341,8589.956914
-22.120368,10,8590.151189
490.212839,341,8595.498348
645.27382,300,8600.462409
226.530456,1,8600.508982
735.062768,400,8607.25685
118.508007,341,8612.88332
895.840915,400,8619.386872
-22.574908,341,8624.442334
210.823128,1,8624.486199
-26.410151,341,8629.702258
233.280557,1,8629.745939
592.112408,300,8634.361538
890.540198,400,8640.384043
493.214044,341,8645.471672
-30.794493,341,8650.756469
117.681839,341,8656.422279
-30.722638,341,8662.11206
631.802944,300,8667.155275
426.481983,341,8672.556354
363.8816,341,8677.660099
233.05226,1,8677.706178
233.242537,1,8677.751525
-17.895223,1,8677.796682
355.032407,400,8684.507594
731.775015,400,8691.010267
-31.781021,341,8696.725831
468.943222,341,8702.42865
233.27808,1,8702.547388
317.788342,168,8705.361253
-32.426233,341,8711.009262
101.010379,341,8716.434761
-29.330025,341,8721.769061
-1.282095,400,8728.376461
4.304639,42,8729.096843
120.552494,341,8734.656685
886.058297,400,8740.528758
-8.884812,32,8741.016981
-33.164365,341,8746.734638
11.153829,300,8751.531853
107.545324,341,8757.363799
427.586873,341,8762.999243
101.094491,341,8768.765871
-31.621352,341,8774.092205
357.160895,400,8780.547025
754.669875,400,8787.161839
441.567687,341,8792.946238
116.082777,341,8798.712643
344.622386,400,8804.917172
2.598264,400,8811.206565
422.166766,341,8816.893785
354.523531,341,8822.500847
734.80243,400,8829.114955
735.802631,400,8835.116333
361.768706,341,8840.341501
-30.333607,341,8845.896803
124.793966,341,8851.391638
0.082913,400,8858.177582
-10.979538,16,8858.471998
645.337505,300,8863.393418
-59.964967,107,8865.214106
-18.006633,2,8865.276162
714.007162,400,8871.631895
233.086759,1,8871.678074
39.451566,29,8872.181796
63.165684,42,8872.900294
731.328079,400,8879.789198
1069.428678,300,8884.855896
577.581763,383,8891.271898
-2.68803,97,8892.89153
636.22503,300,8897.504654
426.023,341,8902.723529
394.352594,206,8906.239578
563.495431,292,8911.251458
233.209472,1,8911.298055
233.266015,1,8911.344911
83.71079,53,8912.240691
-27.364358,86,8913.72576
15.271576,300,8918.820823
423.753875,341,8924.526098
232.811662,1,8924.572125
603.661164,400,8931.222215
733.372644,400,8937.951286
-37.317486,50,8938.800372
-27.180223,43,8939.549838
232.616711,1,8939.596238
-12.140382,14,8939.857093
2.226159,300,8944.767541
711.502989,400,8951.440179
233.162376,1,8951.487645
-2.620761,34,8952.112403
681.758895,349,8958.034668
-15.102645,5,8958.145851
-25.610868,341,8963.929743
-68.093182,341,8969.58168
-1.914668,300,8974.61876
-22.174696,15,8974.893167
-44.934186,64,8975.99981
470.571012,341,8981.715189
28.465534,23,8982.128679
396.458845,205,8985.581841
-3.997631,300,8990.696552
233.246946,1,8990.742119
495.673639,341,8996.457599
394.569211,206,8999.601763
-16.96138,5,8999.703869
386.711021,200,9002.794362
430.950136,341,9008.580683
-11.275288,96,9010.223613
196.949196,307,9015.478957
3.269791,11,9015.687985
233.266038,1,9015.736327
94.277013,341,9021.165169
193.453419,302,9026.240699
416.856921,341,9031.968439
634.031452,300,9036.982936
-21.358522,341,9041.989727
121.809099,341,9047.738259
2.378413,400,9054.265655
121.384098,341,9059.463323
-52.958314,80,9060.634715
2.267971,400,9066.620808
2.768305,400,9072.969776
677.941062,300,9077.49469
-25.71513,341,9082.807527
1063.425739,300,9087.313339
233.2638,1,9087.35937
-17.948599,1,9087.405957
437.752447,341,9092.637792
6.614175,300,9097.139045
384.710854,200,9100.193026
358.809513,400,9106.183859
-11.721736,300,9110.727237
-45.985005,341,9115.904444
435.272053,341,9121.155008
230.07076,357,9126.678412
1064.309084,300,9131.20809
607.711759,311,9136.003324
388.650779,202,9139.071109
55.859074,37,9139.654444
-34.807393,341,9144.867927
238.216879,1,9144.911382
1.806715,300,9149.415323
-31.594688,341,9154.415945
121.966628,341,9159.533869
-31.288575,341,9164.830755
233.219841,1,9164.875086
495.177559,300,9169.529627
396.348126,299,9174.24927
636.28231,300,9178.785712
233.205705,1,9178.831047
372.598141,208,9181.92177
-1.847878,300,9186.621297
233.210729,1,9186.66489
28.464044,23,9187.036232
837.805881,276,9191.329071
430.770865,341,9197.074073
490.468391,341,9202.295241
120.997238,341,9207.623218
-36.933587,341,9212.827554
724.410571,400,9218.807026
621.812817,300,9223.235162
-98.799134,300,9227.707808
119.230911,341,9232.878195
-33.785882,341,9238.178688
121.45099,341,9243.300971
488.660203,341,9248.477334
96.211718,341,9253.930324
430.098195,341,9259.676944
-20.166692,1,9259.724261
526.339301,358,9265.489239
-24.39394,341,9270.634509
-24.147299,27,9271.050141
-2.189124,400,9277.050507
233.222711,1,9277.094499
233.26737,1,9277.140513
-36.025213,74,9278.387933
0.078672,11,9278.572503
39.246995,59,9279.491144
-21.844638,8,9279.634431
630.263299,300,9284.129146
-17.182292,92,9285.503142
215.062744,342,9290.782009
463.761157,341,9295.881824
117.066609,341,9300.997912
564.808331,370,9306.507886
376.909906,194,9309.660326
118.445996,341,9314.951363
233.209316,1,9314.995294
108.254668,341,9320.049618
323.712668,400,9325.989007
-21.706827,1,9326.036197
-23.980687,16,9326.295566
233.081699,1,9326.338976
-20.719264,3,9326.410401
207.783517,1,9326.453574
638.95607,300,9331.093118
487.104535,341,9336.35753
232.630612,1,9336.400881
489.365309,341,9341.592601
726.431594,400,9347.622027
368.860244,191,9350.599807
121.307723,341,9355.883977
197.039548,344,9361.159461
116.79876,341,9366.298087
441.125143,341,9371.568851
-5.644598,7,9371.714744
232.874424,1,9371.762007
233.176994,1,9371.808142
428.684709,231,9375.571656
-25.850524,341,9380.772049
349.470449,400,9386.788954
-5.426178,300,9391.802271
-20.311539,10,9391.996486
5.831681,300,9397.090361
233.229807,1,9397.136682
370.719811,192,9400.390873
7.478255,13,9400.634404
-27.952865,49,9401.464592
402.582485,237,9405.572995
233.146588,1,9405.619689
381.098967,341,9411.357409
361.876154,400,9417.988114
12.055089,300,9422.941128
233.093804,1,9422.987944
62.337031,341,9428.890266
-24.701459,29,9429.400534
437.070824,281,9434.246018
422.659994,341,9439.821142
134.820408,341,9445.215874
683.731557,400,9451.868571
-25.472297,341,9457.535589
-24.338066,341,9463.117511
-13.801331,11,9463.329092
69.265608,341,9469.162522
563.357356,290,9473.749349
388.498872,200,9477.251363
-24.642806,13,9477.498535
8.120046,14,9477.763803
387.360808,208,9481.221438
110.413519,341,9486.797417
729.896109,400,9493.567903
233.017754,1,9493.614262
714.34852,400,9500.413713
-3.999746,400,9507.094243
455.644351,320,9512.134527
96.269431,341,9517.460726
-27.358974,341,9522.759223
103.733207,341,9528.302515
367.290661,200,9531.425777
368.015993,215,9534.87291
86.711815,341,9539.962141
-29.878106,341,9545.265668
400.389302,208,9548.461325
437.488694,341,9553.822773
488.924498,341,9559.017793
233.179719,1,9559.063738
233.204898,1,9559.10969
-21.528649,1,9559.154998
489.780009,341,9564.398363
7.803495,300,9569.259094
-1.580392,300,9573.89231
431.61288,341,9578.950593
-38.572122,57,9579.821065
441.401007,341,9585.157033
51.392383,341,9590.5365
440.75356,341,9596.24584
334.873696,400,9602.752027
233.227066,1,9602.799097
494.193509,341,9608.592901
-29.726252,341,9614.355721
711.30423,400,9621.092906
-24.151554,341,9626.899899
-31.604945,341,9632.722733
359.105304,197,9636.082762
1072.157188,300,9641.176572
429.974979,341,9646.862184
491.938696,341,9652.014446
-1.737102,400,9658.687726
-25.547863,341,9664.508694
-12.402747,13,9664.759686
191.813352,381,9671.239565
8.506025,300,9676.301673
430.24456,341,9682.084409
683.233514,300,9687.233151
382.669955,197,9690.609355
-1.088027,400,9697.390084
-30.915129,341,9703.243031
601.269434,300,9708.338927
-20.556716,1,9708.386336
376.48723,197,9711.803004
5.719228,30,9712.332841
-1.182974,400,9719.094334
128.384868,341,9724.94449
126.629292,341,9730.762459
-2.512149,300,9735.878084
422.011197,220,9739.662622
42.647721,31,9740.234704
1073.555383,300,9745.314387
365.098003,200,9748.699958
131.359547,341,9754.474419
108.612202,341,9760.305567
-29.089642,33,9760.880057
11.636663,300,9765.969867
503.998308,341,9771.79492
485.566189,333,9777.485774
897.443828,400,9784.266938
233.027081,1,9784.313415
212.809757,1,9784.359529
404.277672,208,9787.934125
893.038267,400,9794.695285
-5.096643,300,9799.861943
32.519311,27,9800.37596
410.477064,211,9803.962271
432.286084,341,9809.810125
-9.840578,24,9810.264388
498.741037,341,9816.035335
424.061096,220,9819.842803
434.298773,341,9825.63475
-7.630333,300,9830.801287
-2.318983,400,9837.535913
125.050365,341,9843.280627
421.656025,341,9849.137697
6.912745,79,9850.513653
1.839559,300,9855.638062
124.245255,341,9861.396532
435.550684,341,9867.164338
233.230092,1,9867.210816
47.672355,33,9867.814266
-21.769449,11,9868.087488
72.268629,45,9868.857677
113.883357,341,9874.660589
376.638749,194,9878.028221
386.479675,203,9881.527726
439.306528,341,9887.388085
404.274011,208,9891.005545
-29.301676,341,9896.794713
697.728638,400,9903.599148
-21.621798,1,9903.645211
-8.647577,20,9904.003879
311.025784,400,9910.827563
378.763912,195,9914.137296
440.557016,341,9919.978323
433.790823,341,9925.740781
504.509316,341,9931.557351
0.909883,400,9938.337891
233.281793,1,9938.384536
549.760554,281,9943.239182
704.271713,400,9950.00719
-0.873911,300,9955.201111
894.8256,400,9962.01306
482.261043,341,9967.886194
396.304017,205,9971.427168
-2.150237,400,9977.914089
233.212149,1,9977.960278
211.522054,1,9978.00608
1.086985,300,9983.17395
496.245913,341,9988.921461
371.37394,400,9995.757819
233.278505,1,9995.804404
368.944783,202,9999.241126
-44.617706,341,10004.956011
143.303183,341,10010.818479
890.120027,400,10017.530751
-22.766124,341,10023.238504
221.728036,346,10029.090333
376.548051,195,10032.278006
404.304043,341,10037.837698
233.136574,1,10037.884596
1063.197743,300,10042.969121
735.589669,370,10049.227321
786.038904,396,10055.92489
412.791718,341,10061.700937
116.885162,341,10067.407189
245.776954,1,10067.453534
-1.72339,23,10067.9198
-31.644464,341,10073.679188
233.290146,1,10073.725584
-24.048965,341,10079.624363
-1.082902,300,10084.736243
95.511154,341,10090.517543
3.172436,400,10097.003165
3.318133,300,10102.07391
891.837154,400,10108.865911
121.017848,341,10114.589403
31.259059,25,10115.027412
-11.199449,10,10115.221823
400.502087,206,10118.750084
3.052407,400,10125.034985
2.128994,300,10130.156809
642.956068,300,10135.24469
233.29822,1,10135.290795
348.897031,400,10142.012756
233.211388,1,10142.059028
216.913445,301,10147.131309
-20.236764,1,10147.177953
494.988511,345,10152.838525
232.773273,1,10152.882309
439.308115,341,10158.43436
-28.945211,341,10164.246578
-32.072963,341,10170.088943
-18.806512,6,10170.217434
366.980205,204,10173.686334
-33.023381,341,10179.437684
11.683267,15,10179.751738
295.045517,400,10186.54226
-5.148784,300,10191.582732
340.035773,400,10198.423081
122.583131,341,10204.173511
4.612455,12,10204.404482
1070.540935,300,10209.546742
427.513979,341,10214.840677
-32.905197,341,10220.421792
-20.039336,1,10220.468766
-1.693447,400,10227.295301
551.367462,363,10233.389455
-12.994878,300,10238.1833
890.160259,400,10244.369905
274.593329,384,10250.395061
-28.668144,40,10251.121846
233.27842,1,10251.168026
373.309687,202,10254.134743
408.095149,210,10257.745223
710.961574,400,10263.888271
323.801901,400,10270.110398
232.890069,1,10270.156802
629.950727,300,10275.287683
322.781351,400,10281.716362
-30.376847,341,10287.010846
-21.024242,5,10287.110209
-10.943436,224,10290.596137
115.358754,341,10295.981791
-19.479859,300,10300.738839
-21.263523,22,10301.159327
420.475205,400,10307.315972
193.062111,297,10311.955299
623.869919,300,10316.664331
-2.124498,400,10322.969115
516.917757,341,10328.087018
1059.816517,300,10332.591403
232.987192,1,10332.636019
65.356444,190,10335.575157
627.186362,300,10340.364269
357.373444,199,10343.576333
718.626322,400,10349.634072
388.672993,341,10354.769646
546.467908,286,10358.973455
110.576003,341,10364.254271
-26.060713,341,10369.362114
119.029755,341,10374.361159
233.258996,1,10374.404764
3.636267,300,10379.340666
-36.62458,341,10384.686512
887.483838,400,10390.567315
4.215186,300,10395.024698
233.291076,1,10395.07137
-58.837847,116,10397.035999
715.890468,400,10403.394399
119.086972,341,10408.810264
418.849509,341,10414.28524
222.961586,1,10414.329493
456.743958,341,10420.025257
1061.067442,300,10425.111153
486.924787,341,10430.833767
373.987524,400,10437.154104
434.173446,341,10442.431385
-19.445306,1,10442.475673
1.61601,400,10448.434007
283.044781,400,10454.531518
8.133626,14,10454.761114
1040.231271,300,10459.374794
110.174119,341,10464.555573
235.999952,367,10470.109244
233.260484,1,10470.155351
129.894556,341,10475.373142
390.40149,201,10478.496822
481.116565,341,10483.657551
38.584797,29,10484.135309
636.963446,300,10488.789269
106.436885,341,10493.925049
-29.512187,34,10494.43987
233.290744,1,10494.483469
6.558897,300,10499.088755
487.220755,341,10504.3034
-37.581665,48,10505.057337
460.20353,341,10510.098148
-41.871678,341,10515.377541
235.508182,340,10520.505712
595.50235,400,10526.767688
-6.591024,300,10531.447557
-4.240514,19,10531.824722
390.195894,203,10535.071629
233.281035,1,10535.117886
1.162281,300,10539.859383
75.433919,341,10545.065072
436.14152,341,10550.417378
1065.489274,300,10555.293137
-31.373979,341,10560.857313
6.755094,300,10565.877194
268.100478,140,10568.213865
-1.941875,400,10574.41668
379.483311,204,10577.792795
369.095706,202,10581.167991
-20.237107,1,10581.215462
426.955825,341,10586.977518
-24.385229,341,10592.712541
480.498521,341,10598.474215
484.795168,341,10604.004566
-8.476646,20,10604.366522
416.149218,214,10607.844798
-17.881349,1,10607.890697
1.168354,10,10608.087253
110.773186,341,10613.843287
-18.598503,300,10618.927981
233.293422,1,10618.97472
420.532808,341,10624.701095
651.375366,331,10629.999665
6.222677,300,10634.887463
396.952468,225,10638.739739
126.913476,341,10644.048177
233.294388,1,10644.091729
-36.686385,341,10649.614595
-298.437327,341,10655.062585
-11.925683,4,10655.149566
7.432495,300,10660.003621
-22.542422,341,10665.541639
372.624104,192,10668.800265
136.994314,341,10674.305991
8.473614,400,10680.886805
9.813708,300,10685.941134
8.084297,400,10692.528414
386.444346,400,10698.486647
1051.239986,300,10703.043297
233.291062,1,10703.087163
-25.003683,341,10708.134024
-30.033213,341,10713.54306
896.337317,400,10720.025273
-27.402126,341,10725.843885
489.071553,341,10731.53529
133.074164,341,10737.300775
394.187132,400,10743.761526
0.589028,300,10748.731388
425.81156,341,10754.006066
233.149697,1,10754.049882
256.510919,356,10759.905763
-21.573172,3,10759.984694
2.123839,400,10766.785825
-36.817838,56,10767.837748
212.350338,1,10767.884071
233.223464,1,10767.930001
-1.940675,300,10772.944628
-42.408975,341,10778.771045
-29.833552,8,10778.934115
6.240292,400,10785.727091
516.014461,269,10789.737221
122.123722,341,10795.41274
-8.426193,300,10800.477545
381.51668,400,10807.370698
491.559344,341,10812.935171
406.718012,217,10816.299443
506.862906,341,10822.102867
490.495853,341,10827.344201
321.258725,170,10830.26065
718.776322,400,10836.690284
425.448569,341,10841.978043
2.945513,300,10846.606833
-2.692803,400,10853.410159
381.493994,400,10860.186326
233.285415,1,10860.234224
383.134243,400,10866.994065
233.167364,1,10867.040257
358.553984,341,10872.706403
213.327552,1,10872.753001
-29.99731,341,10878.287805
488.943641,341,10884.097292
474.832963,341,10889.796409
-1.733185,9,10889.984458
365.488849,199,10893.295254
213.389629,1,10893.341937
721.878235,400,10900.072851
-9.775464,300,10904.762015
384.756218,198,10908.002536
525.986436,300,10912.902406
-5.268532,400,10919.653959
123.45048,341,10925.406126
-1.537698,9,10925.590633
-15.896799,2,10925.654994
432.347495,341,10931.464142
-27.124738,341,10936.832226
118.058396,341,10942.568483
386.16171,203,10946.053844
-30.360248,341,10951.828895
132.488099,341,10957.562379
-35.633173,341,10963.327548
1051.905347,300,10968.452428
268.768915,378,10974.862101
-30.987183,341,10980.637712
-31.765307,341,10986.383575
143.331631,341,10992.131279
362.256793,341,10997.442491
466.731991,341,11003.066191
630.965975,300,11008.029738
-1.555424,300,11012.961585
-29.175532,34,11013.549681
3.786732,103,11015.275681
623.973252,300,11020.069873
-5.088473,400,11026.525069
464.074961,341,11032.160278
233.279101,1,11032.206619
-43.330713,341,11037.634562
-24.487757,341,11043.160053
502.351585,341,11048.681951
125.338939,341,11053.99142
-41.010761,341,11059.504884
-21.168087,11,11059.719937
146.29683,341,11065.345798
233.27802,1,11065.391996
-25.1832,341,11071.077017
-6.552225,300,11076.188065
363.038351,198,11079.60927
4.80261,36,11080.235588
26.3424,23,11080.643625
-0.770578,300,11085.822479
425.917621,341,11091.576816
-3.267759,300,11096.35534
391.597849,316,11101.43412
8.131453,300,11106.498778
-18.231857,3,11106.579123
233.296436,1,11106.625357
384.609821,200,11109.979818
494.537459,341,11115.253371
388.777506,200,11118.55085
351.80156,252,11122.727308
233.292979,1,11122.773451
0.7243,400,11129.47653
-0.805413,400,11136.074633
1073.815669,300,11141.071946
-10.91279,300,11146.12361
-18.002207,1,11146.16678
386.978479,199,11149.625103
899.876309,400,11156.307023
-30.73778,341,11162.040509
901.818301,400,11168.857235
432.418288,341,11174.247024
-20.672619,4,11174.333003
783.225755,400,11180.699518
239.512305,1,11180.744362
233.279196,1,11180.787705
233.19458,1,11180.831217
212.484586,1,11180.87505
-0.103275,300,11185.800878
5.949821,300,11190.719647
-15.228234,9,11190.89005
116.976929,341,11196.365808
-20.062621,1,11196.413266
6.90143,300,11201.255971
-38.091115,341,11206.794746
211.473164,1,11206.84122
6.551317,300,11211.840631
1061.316907,300,11216.228286
0.51186,300,11221.31475
458.669885,248,11225.19608
422.968989,341,11230.776797
233.246181,1,11230.823904
1.375588,300,11235.942116
437.159989,341,11241.682632
233.203745,1,11241.729624
137.062861,341,11247.466234
-20.706565,3,11247.547314
703.343041,400,11254.359639
-30.023825,341,11259.614656
233.275117,1,11259.661278
-27.333615,30,11260.118492
336.68856,302,11265.027566
-9.622334,300,11270.033844
233.148784,1,11270.080953
1.057176,400,11276.900804
-20.099518,1,11276.947026
481.701144,341,11282.753401
436.990768,238,11286.563309
-34.212455,341,11292.372032
368.291875,400,11298.589156
446.948226,242,11302.735651
335.148629,298,11307.69636
75.951478,156,11310.027493
652.570327,300,11314.68087
425.326869,231,11318.35717
367.317753,200,11321.290693
210.320821,1,11321.336649
-0.462347,300,11326.003174
1063.846053,300,11330.758122
-30.278469,341,11336.054407
122.706063,341,11341.237631
-26.485858,341,11346.4994
120.487577,341,11351.738661
-2.954425,29,11352.278204
26.329736,23,11352.690006
-3.888874,300,11357.482332
-2.787593,400,11363.414686
233.280995,1,11363.458223
368.52747,193,11366.29212
903.838513,400,11372.545669
524.189743,341,11377.884852
136.939533,341,11383.081414
125.347765,341,11388.303438
137.842508,341,11393.538505
427.201194,236,11397.016801
897.748151,400,11403.195
393.455511,400,11409.306473
-50.647768,341,11414.764783
346.823698,281,11419.333507
-0.981024,400,11425.262424
-0.683744,400,11431.412703
6.62129,300,11436.073423
-2.190899,300,11440.646441
382.221966,400,11446.695674
-31.97708,341,11451.883749
623.829687,300,11456.534862
121.459562,341,11461.686683
-15.881543,8,11461.832253
389.532314,211,11465.235328
74.651926,160,11467.77702
-21.101848,3,11467.857401
438.565953,341,11473.214741
371.827068,400,11479.403051
390.061481,218,11483.104963
590.59651,383,11489.424276
368.562152,191,11492.465825
-3.595585,300,11497.321259
783.13283,268,11501.819815
370.74052,192,11505.117016
233.277293,1,11505.163436
98.991211,341,11510.784453
233.292876,1,11510.831783
-19.781945,12,11511.03499
-3.22823,400,11517.658303
478.150445,341,11523.25662
-1.974337,9,11523.435485
433.78698,341,11528.981717
271.175358,367,11535.178171
232.999855,377,11541.375986
30.453547,25,11541.76042
654.959342,300,11546.759262
-29.165592,341,11552.515211
233.294469,1,11552.561352
579.467376,389,11559.250298
116.870904,341,11564.986346
440.28681,341,11570.66203
390.08395,400,11577.456094
436.205273,341,11583.24305
233.288394,1,11583.289746
465.466985,341,11589.097163
-35.955775,341,11594.944205
398.061634,207,11598.547683
478.663819,341,11604.235636
0.012001,300,11609.40404
4.386629,300,11614.548409
67.15844,139,11616.968647
3.630109,28,11617.464061
1052.705834,300,11622.4676
36.261708,209,11625.983587
4.096582,300,11631.158517
-36.473398,341,11637.05471
-52.468646,69,11638.250021
371.938298,400,11644.929655
52.810193,36,11645.589007
889.614268,400,11652.457152
-26.064395,341,11658.359609
425.343205,341,11664.08441
2.911674,26,11664.545164
562.481853,372,11670.83176
10.466164,300,11675.949611
628.103024,399,11682.64406
484.304999,341,11688.522533
706.662152,400,11695.310236
384.346675,204,11698.833748
627.201662,400,11705.516807
-26.327556,341,11711.305948
-21.801417,9,11711.486795
-5.079248,24,11711.892606
458.134244,341,11717.686217
468.03286,341,11723.403125
233.029243,1,11723.449777
337.883939,183,11726.638718
475.963705,341,11732.416867
11.313174,300,11737.540657
-3.354436,25,11737.983851
437.356032,341,11743.645657
233.280282,1,11743.692148
-20.409755,2,11743.755053
1060.160462,300,11748.535635
-28.311101,341,11754.43274
-75.484295,156,11757.133889
-26.66578,341,11762.969855
-3.346329,300,11768.071762
401.871275,329,11773.56869
774.412775,389,11780.241275
-36.639761,54,11781.20241
-52.730891,97,11782.866242
-24.558142,341,11788.674293
233.28029,1,11788.720869
439.348751,341,11794.476534
527.631695,271,11799.091365
-1.218606,300,11804.219562
759.766143,382,11810.490927
375.629917,400,11817.292094
219.426075,1,11817.338684
569.764204,382,11823.524204
447.306513,341,11828.608685
233.289153,1,11828.655884
711.583668,400,11834.913111
-16.62975,6,11835.028784
2.292863,400,11840.977864
154.205125,341,11846.458221
-26.254893,341,11852.247542
233.29529,1,11852.295173
533.832999,270,11856.914785
2.026751,400,11863.671689
895.773223,400,11870.552552
2.953585,400,11877.361291
460.39386,341,11883.165075
-27.842534,341,11888.949993
-32.14009,341,11894.594759
138.870579,341,11900.462358
1.495214,400,11907.306759
-4.93473,300,11912.38646
426.727397,282,11917.234046
153.154229,341,11923.015578
301.413878,400,11929.787712
-18.827093,2,11929.850972
-49.673958,83,11931.306169
-37.585006,50,11932.15534
5.737791,300,11937.34235
952.587314,300,11942.418106
582.262872,297,11947.503228
430.610291,341,11953.270579
50.59123,270,11957.954756
362.077876,400,11964.790845
-2.989139,400,11971.554896
-0.905726,400,11978.333566
10.886256,300,11983.464937
1059.530174,300,11988.552048
12.93811,300,11993.646034
-1.300034,300,11998.860658
3.986855,300,12003.916933
233.26556,1,12003.963226
689.000275,400,12010.726924
360.727255,188,12014.003849
10.114741,300,12019.143575
-2.596833,400,12025.978773
1052.312813,300,12030.706105
-13.292626,19,12031.051357
354.480598,185,12034.180867
114.180399,341,12039.978655
10.48555,300,12045.283509
354.945354,184,12048.459735
233.131294,1,12048.506468
478.211753,341,12054.291946
365.158109,199,12057.655566
728.423018,400,12064.523879
233.262286,1,12064.570195
-0.585143,300,12069.628779
139.703645,341,12075.37632
-22.892285,12,12075.612641
7.235731,400,12082.58581
-15.81513,5,12082.701582
126.431847,341,12088.591466
-30.81702,341,12094.445708
-26.813505,341,12100.239837
77.66095,53,12101.197933
369.146804,207,12104.820111
390.460443,210,12108.398739
512.102438,353,12114.545776
-20.076017,5,12114.664579
483.481048,341,12120.438615
473.224974,341,12126.355317
130.934155,341,12132.124648
443.563602,341,12137.710045
391.506419,209,12141.235107
-14.139727,10,12141.435475
408.489225,400,12148.048065
564.583475,300,12153.198416
6.712128,400,12159.913358
-17.949461,1,12159.963427
442.557299,341,12165.545116
14.232058,21,12165.925567
-29.524269,341,12171.855386
3.988616,400,12177.970788
503.735077,351,12183.39977
233.201224,1,12183.446958
393.538821,341,12188.740741
385.020377,400,12194.977821
-39.468892,57,12195.822535
233.28203,1,12195.86976
1042.917726,300,12200.575645
-25.598434,341,12205.918603
233.293413,1,12205.966027
376.578411,197,12208.937787
460.635467,341,12214.185832
1054.106874,300,12218.644721
253.735466,348,12224.061694
-1.474261,300,12228.651238
-10.900992,400,12234.718945
463.261397,300,12239.304625
-2.321034,300,12243.892693
-20.123829,1,12243.942264
643.47849,300,12248.5634
-26.288514,341,12253.977694
-0.348502,400,12260.031615
9.812185,300,12264.631207
222.119,1,12264.681244
214.917507,1,12264.731637
-20.116373,1,12264.781267
233.292549,1,12264.830836
237.866955,359,12270.350055
9.229653,300,12274.860236
233.284167,1,12274.907726
718.163642,400,12281.043669
-3.022363,300,12285.743636
411.292022,220,12289.005573
262.334683,365,12294.754075
-1.659495,300,12299.504465
582.242065,292,12303.996553
-33.777057,39,12304.68726
-13.583015,8,12304.856002
-9.17117,19,12305.307333
405.425661,216,12308.527709
-24.596739,341,12314.039726
476.576752,341,12319.244102
-11.547133,4,12319.334185
500.428682,341,12324.355526
384.912577,198,12327.455532
465.055872,324,12332.444613
738.309409,367,12338.449746
-35.819392,341,12343.928415
-18.207216,13,12344.181451
249.686555,400,12350.463278
-17.851769,4,12350.553308
-24.609733,341,12355.860619
621.903937,320,12361.239929
543.83897,300,12365.974079
233.280093,1,12366.023982
-26.293365,341,12371.475216
-25.684777,341,12377.206918
442.266333,341,12382.787429
429.107773,341,12388.228244
-2.518287,400,12394.540049
-21.178594,7,12394.689831
125.49656,341,12400.391549
233.284595,1,12400.441278
233.290773,1,12400.490316
-23.233744,15,12400.769762
-27.541067,341,12406.288163
430.717405,231,12409.875317
1.056512,300,12414.60913
422.969967,227,12418.423781
57.709773,125,12420.475709
140.179273,341,12426.012213
212.791909,1,12426.059668
363.519582,233,12429.648683
-4.362731,300,12434.498501
233.289616,1,12434.548233
-33.544332,41,12435.265794
211.193143,1,12435.316416
11.451806,300,12440.371593
402.300602,289,12444.995376
194.657912,289,12449.740401
-25.454841,341,12455.431944
453.677428,341,12461.10246
-18.006286,2,12461.170548
233.29097,1,12461.220311
389.72413,320,12466.495923
372.412702,400,12472.976175
-10.406706,400,12479.44373
486.788741,341,12485.123382
3.674093,300,12490.132362
-27.57079,341,12495.787966
125.551225,341,12501.552544
490.972296,341,12507.375098
-1.81242,300,12512.390656
233.235849,1,12512.440986
30.45201,329,12517.955596
-11.839686,4,12518.057226
-14.184357,400,12524.757022
150.57639,341,12530.509072
-24.361668,341,12536.267259
233.279081,1,12536.317075
-42.268966,60,12537.36326
634.025044,324,12542.823129
1.710632,300,12547.814554
455.317619,341,12553.698866
0.509338,10,12553.903022
-6.259286,20,12554.340104
-3.274541,300,12559.397149
491.469538,341,12565.059689
-12.094594,14,12565.358452
239.095141,1,12565.408824
251.247199,379,12571.778944
233.285187,1,12571.830621
10.120904,15,12572.117016
-14.762458,400,12578.908293
533.517954,300,12584.071357
106.628296,341,12589.985963
111.515999,341,12595.808107
6.629912,300,12601.030138
-31.822244,341,12607.001158
-24.428789,341,12612.676815
6.638072,300,12617.600801
5.931037,300,12622.798772
-41.190139,67,12623.992378
-26.006567,341,12629.884071
233.283851,1,12629.934099
489.702157,341,12635.675087
-52.26412,80,12636.865945
-13.405921,400,12643.109853
247.96381,400,12649.311269
-14.987456,400,12655.640931
481.351666,341,12660.987292
-11.774081,400,12667.511358
492.963712,341,12673.038529
-18.260608,400,12679.780622
-26.173786,341,12685.770224
368.21342,400,12692.656821
465.998107,341,12698.399118
-4.917493,28,12698.970815
-26.13118,341,12704.938855
1047.323246,300,12710.162837
-7.41391,17,12710.480604
233.277733,1,12710.530371
644.944577,300,12715.594157
10.108334,15,12715.879729
577.387962,300,12721.061823
-25.786175,341,12726.645532
364.65568,400,12733.030569
-13.881266,3,12733.116273
-1.338069,300,12737.824798
233.296661,1,12737.872739
-24.932042,341,12743.469548
441.713517,341,12748.790069
5.825765,300,12753.436606
14.183991,17,12753.747674
-26.321844,31,12754.222613
-25.363075,341,12759.753769
472.784639,341,12765.205671
-17.762593,4,12765.307894
136.321524,341,12770.673388
211.674977,1,12770.723692
442.564493,341,12776.148837
476.327719,341,12781.64385
-26.552058,341,12787.029856
-27.930758,341,12792.372669
-24.506963,16,12792.639207
233.294092,1,12792.686738
-15.773065,6,12792.811347
-39.187993,59,12793.740588
38.592801,30,12794.242307
-0.274363,300,12799.002699
7.182477,300,12803.711592
474.327099,330,12808.950198
-328.583646,300,12813.590063
89.152979,341,12818.715719
0.676469,10,12818.892962
-26.890986,31,12819.440536
278.2078,146,12821.884516
-31.05894,35,12822.420016
479.008877,341,12827.659177
-18.003633,1,12827.706552
469.31678,341,12832.975228
646.921788,300,12837.868828
385.795385,400,12844.275322
1056.07226,300,12848.943089
711.723293,400,12855.747883
233.29726,1,12855.798299
-4.363497,400,12862.200624
0.384057,400,12868.455321
-22.526395,341,12873.835236
510.814115,354,12879.12858
-46.75479,68,12880.626744
24.332724,22,12881.016608
382.727747,400,12887.051072
708.004563,400,12893.305658
2.526374,300,12898.103832
362.963533,400,12904.343844
240.796012,400,12910.709316
6.089539,300,12915.358764
-15.82685,400,12921.475729
-21.736196,341,12927.40336
1055.246329,300,12932.307193
129.724091,341,12937.963292
-19.379804,1,12938.010835
477.902537,341,12943.676049
-25.459497,341,12949.657267
-25.323829,341,12955.505791
-28.314802,341,12961.406182
-33.022826,41,12962.136438
839.368425,278,12966.949434
-1.740957,300,12972.073659
-26.668913,341,12977.42594
232.63145,1,12977.475975
-9.649503,400,12984.26774
866.704302,284,12988.881622
209.18525,1,12988.929114
444.687891,341,12994.724646
-20.080451,1,12994.774656
-18.332497,3,12994.858263
652.323159,400,13001.763246
-1.535336,15,13002.047415
656.86636,347,13007.994913
242.345968,1,13008.045284
-27.41209,341,13013.990725
-20.237004,1,13014.04135
-25.4041,341,13019.924869
-1.649024,300,13025.001168
-1.759975,300,13030.117126
-12.121784,14,13030.383461
-52.772922,101,13032.058453
220.147151,134,13034.178194
370.477927,400,13040.899817
-8.052164,400,13047.148671
874.831854,400,13053.482914
621.587297,300,13058.370173
212.364001,1,13058.417691
446.856146,341,13063.764782
135.109477,341,13068.952793
238.445476,1,13069.000261
230.212324,346,13074.80222
924.011925,400,13081.630865
1061.423642,300,13086.850422
233.272574,1,13086.901312
233.275758,1,13086.95101
-23.614327,341,13092.846127
445.510185,341,13098.380679
-24.746464,15,13098.662903
866.932065,400,13105.468628
-25.167601,341,13110.747923
-7.87007,17,13111.065622
222.254511,316,13116.564413
1061.46082,300,13121.8516
-24.496651,341,13127.602879
-47.892146,341,13133.382254
-0.622087,300,13138.365423
-15.045896,9,13138.549884
452.582782,341,13144.27993
756.714464,382,13150.801577
667.853958,344,13156.188138
602.734637,312,13161.570241
382.286028,242,13165.778949
256.385355,135,13168.136768
473.72139,341,13173.942172
-18.007705,2,13174.010579
-22.386906,341,13179.908897
787.533554,269,13184.578432
-23.221392,341,13189.86369
450.923673,341,13195.124892
-33.702209,341,13200.464919
60.942936,169,13203.191535
-27.820262,33,13203.700908
-33.744578,341,13209.01867
5.590248,300,13213.690494
-33.472151,341,13218.977734
10.977089,15,13219.231951
30.295159,265,13223.289765
-34.344989,26,13223.857761
-1.518119,300,13228.441241
241.074954,313,13233.429145
35.797878,263,13237.715633
-18.002474,1,13237.763002
183.836298,100,13239.231592
458.295089,341,13244.626151
-5.985775,7,13244.759022
447.007847,341,13249.923593
602.592098,317,13254.885821
214.104494,1,13254.93327
1.356648,26,13255.341625
233.295435,1,13255.389054
236.137994,1,13255.435862
379.760258,400,13261.786759
728.978884,400,13267.795743
-1.983854,300,13272.575663
68.007348,43,13273.380309
7.556474,300,13278.501742
701.434576,400,13284.594085
65.303436,341,13289.737292
2.260221,300,13294.39522
374.385398,341,13299.716635
-36.170285,341,13305.028559
387.646007,207,13308.153109
140.756464,341,13313.394031
-23.17186,9,13313.558372
12.169809,300,13318.336455
-22.365755,341,13323.635373
632.510381,300,13328.28301
244.309948,400,13334.815273
-3.43692,400,13341.083901
45.320899,212,13344.297075
1009.174908,300,13349.064816
-23.689936,14,13349.299488
-33.488612,55,13350.137621
8.846581,300,13354.942851
133.680342,341,13360.201346
357.682284,189,13363.410028
475.513815,341,13369.273319
-3.466621,400,13376.123934
527.750338,353,13382.19248
9.041372,300,13387.367193
10.146646,300,13392.637185
-25.379874,341,13398.265029
-28.506866,30,13398.802298
-4.115798,400,13405.765076
-20.711685,3,13405.848311
547.929133,300,13411.035691
593.175816,300,13416.231615
495.96541,341,13422.103414
463.474961,341,13427.978885
233.297238,1,13428.028757
26.680869,308,13433.418252
1050.497639,300,13438.59532
203.775056,295,13443.351365
136.184457,341,13449.22106
469.805991,341,13455.107351
-0.951603,9,13455.294214
426.896944,341,13461.146523
233.282556,1,13461.197003
-23.393101,300,13466.338154
60.367055,39,13467.01634
208.11033,1,13467.066644
445.600636,341,13473.050063
472.164486,341,13478.871134
472.92967,341,13484.337522
152.196507,341,13490.077591
-30.885462,341,13495.965744
385.486894,400,13502.832406
-33.656086,26,13503.335296
-2.193303,184,13506.415593
383.142895,341,13512.118511
128.008084,341,13517.381626
233.247604,1,13517.432106
1041.244024,300,13522.736965
233.280645,1,13522.787525
4.230707,300,13527.940202
-45.781234,78,13529.302142
1060.314602,300,13534.444724
233.265646,1,13534.49579
451.354249,341,13540.446459
213.280472,1,13540.496463
639.996211,300,13545.081826
233.286527,1,13545.129346
-2.125693,400,13551.84829
835.017907,277,13556.65427
443.66732,341,13562.045321
5.060073,300,13567.241619
1063.690911,300,13572.295846
464.750245,341,13577.712728
4.236826,400,13584.688295
8.134503,14,13584.957146
147.098729,341,13590.730019
391.424905,400,13597.691912
-26.447824,341,13603.687006
-11.949749,4,13603.787657
558.21085,287,13608.655089
-2.297893,400,13615.533712
136.221157,341,13621.610557
486.334387,341,13627.454696
2.780898,300,13632.703899
-21.535775,1,13632.754921
-22.273744,341,13638.291124
212.566608,1,13638.341422
385.66162,400,13644.58582
1066.184516,300,13649.511623
233.2899,1,13649.5614
-20.245339,1,13649.610292
486.163711,300,13654.769063
-3.549407,400,13661.169778
226.613635,326,13666.673233
-2.546521,400,13673.361413
129.693131,341,13679.195201
-17.955433,1,13679.245829
-19.441255,1,13679.295416
889.373669,400,13686.181582
454.679019,341,13691.916249
38.644027,106,13693.5382
892.499355,400,13699.923941
488.627767,333,13705.637603
-3.216383,400,13712.328705
374.958157,341,13718.252505
442.485284,341,13724.125806
31.519018,97,13725.824826
36.497477,28,13726.292325
352.396057,184,13729.448993
233.280399,1,13729.498847
122.884432,341,13735.306782
-24.862277,18,13735.640482
1050.857912,300,13740.824016
722.608005,369,13747.022208
-9.67679,400,13753.856718
477.760393,341,13759.557781
837.640692,282,13763.786378
-1.717978,32,13764.276633
891.701064,400,13770.963996
13.492184,300,13776.055423
2.57069,300,13781.200883
534.366199,298,13786.253942
233.291304,1,13786.301472
155.613496,143,13788.834247
446.932194,341,13794.696376
456.905843,341,13800.468643
485.590342,341,13806.229597
-22.879223,341,13812.002166
488.233907,341,13817.648935
7.075755,300,13822.853499
695.756291,400,13829.606178
233.290975,1,13829.655907
61.24926,125,13831.845452
10.154093,15,13832.129039
391.814594,400,13838.703796
-22.573397,341,13844.061151
326.282154,191,13847.524205
483.033901,341,13853.360276
-18.846736,2,13853.42751
233.292151,1,13853.477801
482.843488,341,13859.427
1066.742418,300,13864.582204
-26.185174,341,13870.484819
95.55122,129,13872.692333
501.611658,341,13878.563291
1004.492844,300,13883.720589
5.837702,300,13888.868251
-23.658077,341,13894.793962
482.976134,341,13900.683528
139.69082,341,13906.519845
370.399175,341,13912.324693
11.66469,300,13917.497456
233.292752,1,13917.547405
127.718734,341,13923.33527
-33.215816,341,13929.171933
-27.522614,341,13935.093513
233.287327,1,13935.144228
706.535362,400,13941.931261
-39.05509,341,13947.868096
389.222457,294,13952.969617
-23.070564,341,13958.831956
361.229414,190,13962.128989
613.43174,316,13967.533981
8.07937,300,13972.823794
-24.96441,341,13978.705434
-6.737263,400,13985.580997
643.042091,300,13990.823025
455.236173,341,13996.686522
220.427887,305,14001.909532
447.530014,341,14007.80638
476.852933,341,14013.634858
-8.173107,22,14014.031954
-39.512062,33,14014.655931
-25.048782,341,14020.539755
-13.282115,300,14025.731806
434.165507,300,14030.780153
-23.694322,341,14036.624792
233.284383,1,14036.674794
709.04939,400,14043.596416
-24.637765,19,14043.986669
480.547757,341,14049.826999
-18.991577,341,14055.676518
-35.085618,56,14056.644319
3.926264,32,14057.24402
-21.955612,10,14057.445188
1044.542532,300,14062.629988
497.669788,341,14068.569532
362.652434,212,14072.193888
21.685656,51,14073.116311
629.201716,300,14078.395356
-74.193317,174,14081.374194
-16.377315,7,14081.507834
709.745088,400,14088.321583
438.558745,341,14094.140072
-10.231467,400,14100.98663
-3.138925,400,14107.899434
124.404271,341,14113.663903
152.485794,341,14119.468569
-14.180196,11,14119.687989
219.305666,1,14119.737597
420.475165,341,14125.574118
-29.409443,341,14131.499851
-13.564752,12,14131.735323
-22.726866,341,14137.603153
20.279209,22,14138.00927
464.522042,341,14144.019528
-21.304398,341,14149.858427
233.373977,1,14149.908092
335.151422,400,14156.771327
-31.254368,300,14162.008811
471.004771,341,14167.751912
-25.520559,341,14173.085637
-33.701733,300,14178.366414
467.001457,341,14184.268084
724.979264,400,14191.204843
-41.808076,300,14196.359027
6.259225,300,14201.537611
321.29268,313,14206.975401
444.168275,341,14212.814205
384.313011,207,14216.411638
1057.112021,300,14221.526322
206.687263,1,14221.5762
233.294808,1,14221.625601
445.594578,341,14227.483764
119.513054,341,14233.397687
1.642098,300,14238.54231
536.518722,359,14244.747013
896.619068,400,14251.582048
211.137909,1,14251.631921
233.271158,1,14251.680727
651.480118,300,14256.863537
137.296351,341,14262.803334
1119.41235,300,14267.944543
4.902099,300,14273.176708
478.648967,341,14278.966075
10.730683,15,14279.244622
419.096483,341,14285.158471
717.19766,400,14292.033818
-24.219197,5,14292.152219
-71.216687,181,14295.313523
438.502819,340,14301.137657
639.531783,300,14306.338586
149.009585,341,14312.215514
444.646284,341,14318.044662
238.069837,1,14318.094442
939.182192,300,14323.322981
941.764025,300,14328.436777
370.087722,192,14331.761623
-20.022101,1,14331.811078
233.288823,1,14331.860871
-7.834952,6,14331.994342
-11.489732,10,14332.197935
233.289401,1,14332.24755
700.334613,356,14338.392905
2.773948,300,14343.575063
389.438978,262,14348.120665
2.634168,300,14353.280081
43.587594,31,14353.831174
-63.109307,135,14356.107374
108.051601,341,14362.062773
-7.84848,300,14367.340838
574.718036,374,14373.81121
107.892185,341,14379.713767
472.67889,341,14385.612672
121.527252,341,14391.478022
1055.040927,300,14396.702476
375.993285,266,14401.304484
-32.983306,341,14407.145123
233.214996,1,14407.195739
-25.858007,8,14407.364807
6.126959,14,14407.633
458.24537,341,14413.406149
-15.510293,8,14413.571456
590.310669,400,14420.444046
440.240647,341,14426.299928
1062.313715,300,14431.583636
464.769298,341,14437.443449
132.302189,341,14443.158695
-30.607704,341,14449.078923
233.258155,1,14449.129174
642.346145,300,14454.438752
-140.202427,141,14456.876129
658.900014,300,14462.004138
-21.026859,18,14462.337043
-29.802462,341,14468.235155
-48.590625,90,14469.800241
636.064025,300,14474.884828
120.371228,341,14480.814613
-26.957723,341,14486.677474
245.0269,1,14486.727989
-19.418333,1,14486.778089
-17.950024,1,14486.827486
645.406407,330,14492.543711
442.466461,341,14498.384519
-20.729857,341,14504.180853
-16.015081,400,14511.085461
255.557948,330,14516.699127
473.440178,341,14522.547663
48.851952,36,14523.217547
720.92288,400,14530.072893
30.450315,25,14530.523668
73.356314,172,14533.500999
-44.547515,32,14534.063629
277.406358,377,14540.376921
-21.131751,341,14546.233567
415.804271,341,14552.109066
44.94953,173,14555.064455
102.238843,341,14560.856318
726.092848,400,14567.589987
263.553141,349,14573.666712
1053.640893,300,14578.745364
378.855816,400,14585.029943
233.264595,1,14585.079897
240.851702,324,14590.806878
100.648623,341,14596.177416
455.923443,320,14601.51936
479.815599,341,14607.347508
1063.543378,300,14612.456021
474.343206,341,14618.435695
-33.066988,341,14624.295299
-9.78577,5,14624.411109
612.079823,393,14631.106706
897.546744,400,14637.925528
-23.70405,16,14638.225456
-20.368437,14,14638.493577
-20.544794,1,14638.544592
-38.554816,341,14643.887144
2.565286,11,14644.104687
460.95921,341,14649.987052
-42.341342,341,14655.838115
-3.003584,300,14661.0121
-23.075035,341,14666.865269
115.246495,341,14672.723471
-0.538017,300,14677.555571
-1.895385,300,14682.580299
-5.720624,300,14687.79082
123.58361,341,14693.614418
233.250305,1,14693.665081
65.571679,195,14696.965476
233.274202,1,14697.01553
596.682855,300,14702.104165
373.029966,195,14705.493234
-24.675835,29,14706.046797
233.221743,1,14706.096955
37.415774,28,14706.596486
209.747645,1,14706.646961
115.659499,341,14712.368882
-23.165682,341,14718.22765
-20.780318,341,14723.972658
-17.948421,1,14724.023604
40.48729,30,14724.560409
451.55581,341,14730.38818
476.814946,341,14736.213226
450.985149,341,14742.003086
129.523613,341,14747.843358
1060.712149,300,14753.065722
233.292671,1,14753.115508
2.010315,300,14758.301868
141.810946,341,14764.171016
568.22101,374,14770.645767
486.397107,341,14776.388244
-37.276975,34,14776.913043
366.075438,250,14781.243875
34.564603,282,14785.500002
102.304864,341,14790.562056
-21.923095,341,14795.643803
-18.058777,341,14800.699241
233.250788,1,14800.746386
124.082036,341,14805.816765
20.277933,20,14806.141174
20.36981,208,14809.202442
-37.766862,54,14810.012096
233.286197,1,14810.059215
654.606606,300,14814.505233
632.134461,300,14818.938109
-19.793104,341,14823.998085
0.525242,36,14824.569367
632.534257,300,14829.004105
726.250162,400,14835.111005
284.662267,357,14840.524956
553.076154,400,14846.513951
128.897999,341,14851.580985
432.793471,341,14856.612827
616.927181,300,14861.235068
-68.339831,65,14862.203753
-9.12862,300,14866.595779
706.492571,357,14871.889782
-1.763355,300,14876.335862
720.999073,400,14882.285325
-20.501357,1,14882.332931
648.689127,300,14886.719287
9.141914,300,14891.155932
452.473837,341,14896.384698
135.631861,341,14901.44582
-25.089318,16,14901.706839
-31.852065,42,14902.342165
449.466666,341,14907.387163
-0.54548,300,14911.831881
-21.848321,341,14916.964061
-6.574845,300,14921.394613
405.700288,341,14926.47343
638.669987,300,14930.980188
134.125184,341,14936.024774
-18.061431,300,14940.507896
2.298382,300,14944.99615
206.483293,1,14945.043787
12.856229,300,14949.545878
612.610617,400,14955.4674
-27.907697,341,14960.563235
432.414806,341,14965.650808
443.699947,341,14970.665437
199.817091,107,14972.28109
-9.999704,7,14972.414344
-22.051424,300,14976.813558
461.28172,341,14981.882945
-20.232473,7,14982.015671
12.958909,300,14986.494994
233.282236,1,14986.542478
461.907338,341,14991.712628
-22.576239,341,14996.73678
-105.704267,341,15001.863899
-35.415658,341,15007.082514
92.213691,341,15012.148535
212.31693,1,15012.196456
457.925899,341,15017.270832
704.762306,400,15023.177542
-20.506299,3,15023.25371
-22.914067,8,15023.400335
233.276557,1,15023.448981
1058.134316,300,15027.933352
627.568988,400,15033.934753
221.125409,1,15033.982047
128.864614,341,15039.006943
-7.679283,300,15043.537753
758.630566,389,15049.343962
233.294372,1,15049.391208
-36.689262,53,15050.183994
260.432209,150,15052.384412
432.725413,341,15057.472464
720.417367,400,15063.533738
446.412332,341,15068.569253
-20.235598,1,15068.616855
449.319906,341,15073.643855
121.504402,341,15078.688974
-34.931143,17,15078.968347
-1.536547,9,15079.132652
-26.118718,24,15079.507732
248.910282,325,15084.328542
-36.737441,341,15089.529581
632.785443,300,15094.068037
-28.873365,13,15094.288657
-1.884687,31,15094.771188
-1.138983,300,15099.358433
-21.405562,1,15099.405214
-36.112539,75,15100.552783
140.722867,341,15105.734813
-22.698578,341,15110.840091
233.290616,1,15110.887669
653.366667,300,15115.42798
442.78736,341,15120.58812
233.294547,1,15120.635536
-38.912013,341,15126.029855
215.160112,1,15126.077672
720.100736,400,15132.134921
133.701789,341,15137.280414
439.638519,341,15142.525208
395.544444,400,15148.636745
-25.19704,37,15149.206999
580.519802,378,15154.929076
647.778335,300,15159.391128
559.08522,300,15163.966939
213.382398,1,15164.014583
476.747735,341,15169.112334
901.85563,400,15175.177368
214.487801,1,15175.226422
-27.303381,20,15175.545572
-37.993225,73,15176.638788
-20.277531,1,15176.6862
2.025561,300,15181.192914
453.881473,341,15186.343498
145.592707,341,15191.392726
611.523466,313,15196.090321
678.06118,346,15201.244457
-40.519525,341,15206.297979
-19.349576,1,15206.345912
67.209471,44,15207.010796
-46.199433,341,15212.167114
-44.119795,341,15217.347221
-0.998835,300,15221.82982
-20.883394,341,15226.868661
233.293844,1,15226.915814
122.49463,341,15232.000892
454.41239,341,15236.998996
759.121915,400,15242.958736
-21.250904,1,15243.005589
884.57014,400,15248.935229
-18.0014,1,15248.98332
459.865973,341,15254.236668
-20.420551,1,15254.283982
-24.612711,341,15259.341807
-220.879351,300,15263.772657
-37.898465,341,15268.803708
43.584572,31,15269.316344
1064.700511,300,15273.755246
-21.960254,341,15278.792243
-19.412907,8,15278.940974
137.076471,341,15284.014401
233.291151,1,15284.061756
464.42749,341,15289.128133
233.28445,1,15289.176112
390.947859,301,15293.713676
-24.696869,341,15298.889205
13.900919,300,15303.344059
-36.672033,80,15304.625407
110.224689,341,15309.736803
208.19328,188,15312.599366
448.091472,341,15317.798635
-11.795795,4,15317.889899
463.038445,341,15322.923758
215.777709,1,15322.971248
-22.347466,341,15328.089738
-23.104387,13,15328.309997
395.608602,341,15333.302489
8.150171,15,15333.584376
253.863447,330,15338.559669
125.006206,341,15343.617173
221.592028,1,15343.66425
406.654246,339,15348.649042
481.322602,341,15353.728097
229.462547,305,15358.266273
136.011657,341,15363.241983
382.14842,244,15366.979259
425.849665,341,15372.121915
233.296081,1,15372.172429
897.913825,400,15378.167626
887.318606,400,15384.011492
628.382669,300,15388.463484
119.104857,341,15393.496578
602.429188,389,15399.348965
148.33658,341,15404.550849
-42.396676,341,15409.662923
450.067437,341,15414.757197
608.848618,310,15419.454327
77.954937,341,15424.444699
22.189393,20,15424.797687
11.917964,300,15429.348329
-25.181877,20,15429.673879
-33.495788,341,15435.144284
661.351178,400,15441.122582
371.186753,400,15447.005685
125.280638,341,15452.04996
233.296118,1,15452.097652
360.455106,186,15454.848592
217.956866,1,15454.896346
476.726175,254,15458.706912
-20.720931,4,15458.796386
416.32026,341,15463.777299
1042.867114,300,15468.272974
-20.170132,1,15468.319951
1047.815435,300,15472.788119
484.181299,260,15476.639962
-67.842806,341,15482.271866
233.278814,1,15482.322099
1066.552366,300,15486.827564
-31.150045,27,15487.31407
28.344395,24,15487.695423
438.75472,341,15493.034661
635.62736,400,15499.152541
233.288715,1,15499.200201
233.295802,1,15499.248233
-28.39154,26,15499.684054
882.788752,400,15505.899422
-45.819824,341,15511.654582
454.222077,341,15517.508016
3.692925,300,15522.639676
233.296462,1,15522.690537
1047.986699,300,15527.726057
620.612789,400,15534.370265
210.399949,1,15534.420977
478.396882,341,15540.194865
-23.805201,341,15545.9891
233.284038,1,15546.039173
545.603346,300,15551.225363
7.380881,300,15556.220978
724.726461,371,15562.481121
56.9977,313,15567.521589
8.027178,300,15572.33919
119.984828,341,15577.962163
238.875489,1,15578.009851
461.732478,341,15583.375413
477.441249,341,15588.67344
544.481709,283,15593.001295
-45.392679,58,15593.912027
396.670567,300,15598.764359
420.286276,341,15604.243459
-5.482057,300,15608.872193
-37.078146,48,15609.699095
765.344352,235,15613.237529
233.295961,1,15613.285132
467.75939,341,15618.568571
-24.381368,341,15623.73471
233.293889,1,15623.782401
581.308754,400,15630.014353
584.536828,300,15634.565762
423.747474,341,15639.86113
448.888989,341,15645.304905
12.16502,16,15645.61718
-20.619882,4,15645.7189
233.277467,1,15645.768834
-33.240806,341,15651.150261
478.386399,254,15655.06941
236.635176,305,15660.199297
1111.824266,300,15664.912173
-38.528345,55,15665.883536
233.275295,1,15665.933853
498.366055,341,15671.362729
763.586072,384,15677.719032
671.442518,300,15682.528512
0.174534,300,15687.176584
-9.691717,300,15692.109611
598.557841,300,15697.027683
4.257833,300,15701.997051
142.754193,341,15707.68022
728.052877,400,15714.168599
142.536786,341,15719.806554
-17.308443,5,15719.92489
-29.535332,341,15725.548542
133.19784,341,15730.915257
730.076131,368,15737.07922
447.00457,341,15742.801291
37.796447,257,15747.014054
-23.488808,341,15752.738793
497.226115,341,15758.183184
-24.928367,341,15764.167586
525.302934,400,15770.261031
513.620689,267,15774.521249
9.325917,300,15779.246212
377.570101,400,15785.384134
-8.343934,300,15789.996497
233.290628,1,15790.043978
2.402466,300,15794.737883
-15.378183,8,15794.886904
-13.369252,300,15799.709296
-20.353033,1,15799.756614
245.514372,314,15804.625776
-53.109325,97,15806.228892
-19.025811,5,15806.334819
111.685836,341,15811.604756
545.442958,400,15817.905889
233.276189,1,15817.95324
214.616595,1,15818.000327
-22.207144,10,15818.179114
-9.075716,300,15822.906974
371.139908,400,15828.980669
414.351578,224,15832.605332
-33.289226,48,15833.336627
-3.840841,29,15833.788419
887.23421,400,15840.003497
635.769142,300,15844.721534
-11.352722,16,15844.985293
620.052693,300,15849.62261
584.116006,300,15854.320686
213.413401,1,15854.368108
472.143727,253,15858.428842
897.605372,400,15864.535689
27.199504,23,15864.900212
213.159257,1,15864.94743
-25.690171,16,15865.211648
1059.45746,300,15869.762198
407.690686,341,15874.954061
233.226527,1,15875.001489
106.169599,341,15880.201755
22.569368,110,15882.044784
-27.292399,41,15882.671268
-19.422986,1,15882.718805
355.535092,193,15885.701755
-20.609824,1,15885.751729
871.742566,400,15891.912747
712.59856,400,15898.14109
717.774987,400,15904.250502
722.289648,400,15910.347554
639.681235,300,15915.249789
458.553243,341,15920.553044
230.309688,1,15920.601408
360.137003,261,15924.606124
-29.951168,341,15929.756285
456.875615,245,15933.624487
490.736871,395,15939.632773
233.274987,1,15939.680705
-26.765877,29,15940.12598
144.536002,341,15945.363247
438.238524,394,15951.505608
-29.759201,341,15956.820021
500.379698,341,15962.140454
-32.183157,341,15967.46624
342.792284,400,15973.542007
233.296114,1,15973.589726
-30.313114,341,15978.940666
412.431675,371,15984.576208
498.332991,341,15989.856192
553.585577,341,15995.172599
233.254602,1,15995.220909
-30.613307,46,15995.974921
453.389603,341,16001.269709
-33.458921,341,16006.482477
-12.175363,300,16011.128772
283.700908,376,16017.074807
-13.52784,300,16021.809727
-20.220947,1,16021.857005
451.708653,379,16027.675691
-33.679437,20,16027.994749
519.834327,296,16032.626491
448.522561,341,16037.934103
543.58157,400,16044.042595
-35.122961,341,16049.392717
-43.141485,65,16050.370479
208.929275,1,16050.417889
481.776222,341,16055.672439
233.272341,1,16055.720679
119.552975,341,16061.034918
456.482217,341,16066.161179
579.870429,400,16072.42841
-0.913125,300,16077.194855
-6.534863,22,16077.544735
224.002274,1,16077.592246
233.294638,1,16077.640506
507.922159,341,16082.86749
-33.909995,341,16088.121607
504.643708,348,16093.49356
647.592644,330,16098.68094
1064.749499,300,16103.242474
28.628347,338,16108.48563
82.856005,300,16113.105236
16.217949,18,16113.398675
728.166298,400,16119.51345
1.431548,300,16124.065363
3.008285,300,16129.060146
-37.866698,341,16134.235665
-31.223309,341,16139.384513
494.108909,341,16144.444703
-33.227995,341,16149.608144
234.917333,319,16154.357928
133.876469,341,16159.629388
71.544085,228,16163.262894
636.742708,300,16167.849308
-34.778871,341,16173.135068
551.214333,400,16179.219304
-5.670808,300,16183.831966
142.50783,341,16189.067369
-32.18894,341,16194.339853
22.009098,341,16199.608754
213.930224,1,16199.65628
1068.619484,300,16204.348559
-21.214906,5,16204.452917
567.393712,400,16210.617486
-60.220403,66,16211.608817
593.271634,400,16217.699855
1055.975286,300,16222.285884
-20.457006,2,16222.348413
-33.172531,341,16227.654389
479.847086,341,16232.915864
233.260617,1,16232.963153
-59.906326,68,16234.013423
18.279754,21,16234.385971
0.509587,10,16234.564036
-34.475778,341,16239.837254
-22.606153,11,16240.030494
-8.079227,13,16240.258355
233.297656,1,16240.306218
-32.287399,54,16241.129473
-19.465525,1,16241.177247
-22.42179,5,16241.284335
228.184682,1,16241.332308
316.970433,400,16247.514365
562.783554,289,16252.085626
111.042159,341,16257.409375
529.182159,341,16262.737216
895.583451,400,16268.932065
487.846355,373,16274.73001
222.358201,301,16279.349573
233.283221,1,16279.39713
-38.11477,68,16280.427482
115.976579,341,16285.615895
233.275387,1,16285.663415
-6.680837,300,16290.312992
458.130142,341,16295.514534
505.788896,341,16300.738046
126.354136,341,16305.957853
923.159995,400,16312.328753
465.720928,341,16317.589137
632.974361,300,16322.227324
-8.653536,23,16322.591113
496.670989,341,16327.850668
514.364216,341,16333.166455
522.249589,341,16338.392454
-17.948887,1,16338.440714
780.670129,392,16344.437032
233.296262,1,16344.484311
-86.063868,197,16347.585254
233.290593,1,16347.632761
531.948309,341,16352.928472
518.855212,341,16358.352472
-23.31504,25,16358.74594
-91.466757,223,16362.227464
-61.619915,117,16364.019418
524.820311,341,16369.213877
483.603528,341,16374.420709
-35.490387,341,16379.630428
647.805864,300,16384.205118
383.351224,207,16387.414536
123.656329,341,16392.78868
642.228082,300,16397.289685
-34.783871,341,16402.44171
1059.097221,300,16406.989183
-23.189709,341,16412.156156
-32.043545,94,16413.593734
640.846213,327,16418.485071
233.293299,1,16418.533164
-61.891881,67,16419.596116
-33.50645,57,16420.469699
357.023322,185,16423.272804
720.583666,400,16429.256857
563.210252,300,16433.785598
440.973058,273,16437.850336
555.888488,289,16442.259584
29.073941,24,16442.639638
-8.445538,300,16447.164734
391.351075,209,16450.412507
-31.585067,33,16450.924953
-88.765445,300,16455.957781
-16.069323,8,16456.127921
115.45485,341,16461.479323
-22.953797,19,16461.825266
-32.195492,341,16466.841569
891.345071,400,16473.040017
233.230353,1,16473.087513
366.098599,197,16476.018166
-20.590777,1,16476.067512
-20.885552,4,16476.159708
-21.207698,4,16476.25146
547.103693,341,16481.326735
375.584927,204,16484.426913
-38.763395,341,16489.524811
720.960042,400,16495.591707
405.820373,400,16501.586725
-15.490586,7,16501.723591
107.252702,341,16506.905054
834.797536,274,16511.048492
-26.311815,23,16511.438281
477.816323,341,16516.752944
-34.450468,35,16517.293787
103.419172,341,16522.45868
-20.236655,1,16522.506448
663.560691,339,16527.656668
232.605386,306,16532.24789
1044.919557,300,16536.70475
622.973154,382,16542.428382
-37.025012,341,16547.543354
751.738156,379,16553.408787
266.414618,243,16556.999025
398.968253,214,16560.179428
233.287916,1,16560.227053
-17.994995,1,16560.275872
913.869871,400,16566.259902
418.855578,341,16571.327442
111.934729,341,16576.446314
511.84784,341,16581.558854
233.289246,1,16581.606621
1058.181711,300,16586.094035
366.93767,190,16588.958384
48.451008,111,16590.688226
386.084926,400,16596.621001
-34.338895,47,16597.36919
-85.467564,283,16601.61004
133.745049,341,16606.76328
-15.896732,2,16606.825702
666.939279,300,16611.459936
9.911319,300,16615.937523
-20.286043,14,16616.172853
476.750987,341,16621.275821
5.822999,300,16625.859647
294.02966,253,16629.762454
189.06488,102,16631.261612
417.355603,400,16637.584283
344.314223,183,16640.355019
-31.698593,341,16645.647587
-28.810997,341,16650.956234
1151.748828,300,16655.418253
112.247805,341,16660.569019
233.260523,1,16660.616985
641.099587,332,16665.685021
466.717995,341,16670.92664
661.524355,300,16675.407145
489.528018,341,16680.501119
-21.155477,5,16680.606752
-42.214166,341,16685.666588
233.044392,1,16685.714296
693.07384,400,16691.803109
43.308652,289,16696.116442
1075.126452,300,16700.705319
906.090999,400,16706.782344
743.16124,384,16712.452363
-8.185896,1,16712.500082
645.329837,300,16717.011528
138.350415,341,16722.058805
130.47965,341,16727.234905
83.451688,155,16729.533247
607.247618,300,16734.005903
-41.145614,75,16735.197156
1059.472117,300,16739.959209
233.282243,1,16740.006659
-20.161656,1,16740.054809
493.097826,341,16745.361102
-22.766349,5,16745.466866
870.86011,400,16751.610334
483.212796,341,16756.806337
109.708258,341,16761.968677
-30.948911,341,16767.108215
117.066909,341,16772.278293
30.325806,25,16772.768221
233.275265,1,16772.819379
501.255641,341,16778.000885
-38.700604,341,16783.095884
608.609826,394,16789.027929
-32.668904,72,16790.158117
633.40287,325,16795.012102
233.273696,1,16795.059876
93.591504,177,16797.703473
-1.454963,300,16802.194796
54.507447,341,16807.302642
0.129419,300,16812.065828
471.665765,341,16817.322185
488.740358,341,16822.748377
281.001429,387,16828.940002
371.706856,200,16832.061949
466.043904,341,16837.309803
653.204699,300,16842.208861
513.90849,341,16847.439171
3.062396,300,16851.956253
-9.795077,300,16857.12085
-5.995163,7,16857.27146
1051.792691,300,16862.377589
464.194117,333,16868.130094
834.205036,275,16872.712141
-32.729721,36,16873.348602
298.926434,165,16876.295188
-9.627531,300,16881.569602
599.15438,400,16888.425727
-12.084686,300,16893.023365
508.569331,341,16898.40909
130.554315,341,16903.633914
570.899007,312,16908.444117
1.958927,322,16913.343856
5.35264,12,16913.551193
0.422172,300,16918.178156
375.731495,201,16921.347664
234.864435,375,16927.013676
-34.046247,53,16927.873791
-27.340427,341,16933.291379
308.742271,390,16939.323846
206.354297,1,16939.371351
-28.611118,8,16939.519799
8.833194,300,16944.215631
-8.184604,300,16948.817055
-34.216813,341,16954.116074
118.436291,341,16959.288114
29.785605,265,16963.405931
718.27944,400,16969.950918
324.4052,180,16972.678121
921.052682,400,16979.63916
396.535796,400,16986.079025
176.749075,198,16989.343305
735.689694,400,16996.006716
750.028351,373,17002.143235
496.148955,341,17007.290473
-21.536013,9,17007.456609
892.060563,400,17014.328963
476.9226,227,17017.789444
48.160668,341,17023.634826
319.026693,223,17027.059901
-6.757349,300,17031.874517
707.631319,400,17037.84304
2.44601,300,17042.359461
550.759457,341,17047.590629
566.478805,300,17052.142513
-35.064214,341,17057.991388
233.295899,1,17058.039094
403.095812,216,17061.281577
-26.102452,23,17061.645011
-20.065256,5,17061.751625
233.289701,1,17061.799212
-36.72679,64,17062.833898
24.44179,21,17063.172354
233.211385,1,17063.220324
1050.171834,300,17067.700898
-6.053171,300,17072.212919
660.929859,300,17076.778205
-26.178326,26,17077.18775
233.277765,1,17077.234944
120.774707,341,17082.439949
232.539747,1,17082.487725
335.867683,192,17085.348096
210.198679,1,17085.395705
-5.051176,300,17090.020672
663.750037,400,17096.150558
-39.210098,341,17101.299616
602.220767,305,17105.862511
518.551321,274,17110.069988
1016.941297,300,17114.939916
-33.849643,47,17115.642768
233.252157,1,17115.690117
242.185382,1,17115.737345
-20.525757,1,17115.784149
121.060106,341,17121.029717
291.523112,381,17126.746845
237.305773,1,17126.794407
588.501722,388,17133.149552
14.27312,300,17138.151207
-7.34744,300,17143.300608
696.114556,400,17150.208475
-9.622083,12,17150.44451
698.574614,400,17157.323926
91.222791,153,17159.941071
509.956479,341,17165.781492
557.490721,341,17171.18592
563.775672,341,17177.10743
235.364963,1,17177.15997
531.925775,341,17182.981742
539.739056,272,17187.713092
-20.37402,1,17187.763211
119.997549,341,17193.605137
430.353863,400,17200.102003
726.71305,373,17205.82006
7.894437,300,17210.446881
232.824003,1,17210.49497
88.43389,341,17215.760834
122.296962,341,17221.164386
556.407466,300,17225.714826
689.947597,400,17231.916952
706.901327,400,17238.371679
509.643857,292,17243.075595
710.495176,400,17249.343474
1047.096152,300,17254.59657
-22.468381,22,17255.000099
737.003897,300,17260.134275
-22.827847,18,17260.469372
372.23339,221,17264.373759
472.171813,341,17270.272978
289.738553,346,17276.082524
802.429417,400,17282.929259
124.387987,341,17288.753238
11.867593,300,17293.819363
-44.753679,146,17296.289977
84.144717,147,17298.888699
721.442171,400,17305.449598
427.572279,400,17312.212572
6.248492,300,17317.353564
677.384201,341,17323.205791
463.387665,341,17328.666098
486.620421,341,17334.294029
34.987961,26,17334.771532
-18.457332,1,17334.822341
57.486921,341,17340.685951
-13.035524,300,17345.926525
887.659979,400,17352.698545
119.239044,341,17358.395797
233.273062,1,17358.448098
472.608164,341,17364.462294
-10.734236,17,17364.781538
233.243594,1,17364.831971
1086.801719,300,17370.043147
-20.623592,1,17370.094116
-13.058541,1,17370.143355
466.427804,251,17374.550315
235.091316,314,17379.909191
486.391456,341,17385.844166
-9.583994,12,17386.080051
-10.906887,16,17386.387081
-31.365791,44,17387.160938
56.590385,178,17390.267345
35.57548,341,17395.932795
-16.238367,300,17401.221627
-22.157434,14,17401.52385
-43.030252,341,17407.308729
1015.500295,300,17412.243141
39.409653,29,17412.728772
785.687163,400,17419.449245
232.958652,1,17419.499351
56.051146,238,17423.571109
-18.589532,300,17428.817295
739.794577,341,17434.806417
-17.717833,43,17435.555479
130.06174,341,17441.12095
751.943109,341,17446.995765
874.156353,400,17453.794949
72.282864,211,17457.454113
-9.536944,1,17457.504557
-19.293371,1,17457.55333
692.917115,400,17464.461217
1066.246073,300,17469.175113
753.892359,341,17474.902536
-38.904441,341,17480.804353
-13.887993,300,17485.907055
-31.024447,341,17491.54029
860.677295,400,17498.476047
26.312087,23,17498.892101
139.371758,341,17504.278348
-20.342456,1,17504.329598
1058.89545,300,17509.479238
4.750106,300,17514.687485
-42.148752,341,17520.579706
711.355793,400,17527.49783
467.503042,341,17533.130717
-18.198969,300,17538.008965
-30.727648,341,17543.763565
77.172195,341,17549.656062
408.330205,300,17554.761666
893.4314,400,17561.688267
66.000363,341,17567.544385
545.231991,370,17573.903672
468.097524,253,17578.258006
548.253995,371,17584.588954
1028.810605,300,17589.210121
-27.438021,341,17594.475693
-17.917817,1,17594.525822
-28.927927,31,17595.076161
-11.749643,300,17599.732784
39.478008,29,17600.249452
-20.744214,3,17600.334094
476.163533,341,17605.662072
454.67918,245,17609.343097
230.180206,334,17614.435125
233.297923,1,17614.485002
40.01059,341,17619.774641
583.858225,309,17624.593849
1052.539064,300,17629.137584
32.418439,341,17634.304145
-42.461938,69,17635.558534
478.462399,255,17639.463855
233.271775,1,17639.514254
73.218966,341,17644.855668
-32.873661,341,17650.137182
994.804949,300,17654.694097
-28.425488,341,17659.838758
750.035702,341,17664.996989
-13.620097,300,17669.52552
215.154037,1,17669.575736
-11.954342,14,17669.839506
124.120642,341,17675.532608
698.21412,400,17682.267881
11.751805,300,17687.357681
697.42508,400,17693.599862
667.782047,341,17699.325312
8.12939,17,17699.641689
614.9064,320,17705.106957
118.938616,341,17710.835496
721.736903,354,17716.888722
-17.801535,6,17717.024015
92.747067,341,17722.845811
-20.350685,300,17728.0086
57.435959,199,17731.467897
5.288954,300,17736.673593
117.008894,341,17742.489955
333.790783,400,17749.328989
117.913101,341,17755.160272
32.868802,25,17755.609329
10.09074,15,17755.891839
-27.168576,29,17756.410946
102.944095,341,17762.257777
326.210892,400,17769.185204
721.022081,400,17775.538101
659.772735,346,17781.508593
127.759623,341,17787.345426
392.979741,279,17792.187738
233.280055,1,17792.238065
118.67989,341,17798.199042
-31.375441,31,17798.744812
457.99749,344,17804.615552
396.709691,400,17811.6026
424.797597,341,17817.466673
-35.518248,55,17818.451576
74.482997,341,17824.328734
-30.20181,38,17825.071155
228.911596,1,17825.121144
457.927029,341,17830.949588
751.159924,341,17836.714881
474.253526,256,17841.174046
425.843088,341,17847.048584
219.121018,1,17847.09838
238.925579,345,17853.103343
415.406771,400,17859.958644
456.505261,249,17864.341994
-35.975987,12,17864.5763
50.627491,36,17865.215408
1067.90099,300,17870.416111
440.904557,341,17876.07478
4.957843,300,17880.880334
462.109438,341,17886.327546
641.476851,329,17891.481718
1068.821836,300,17896.357755
-30.450144,341,17901.877739
598.419802,303,17906.594784
411.18492,400,17912.926516
676.022494,400,17919.238974
450.909415,242,17923.142725
458.040487,341,17928.476569
396.70264,400,17934.612342
203.84597,321,17939.61699
-3.97526,8,17939.784382
233.228138,1,17939.834952
746.068578,384,17946.062327
-44.526472,71,17947.116873
431.429936,341,17952.611068
685.833223,400,17958.983071
-26.910534,21,17959.316188
-20.381276,257,17963.484524
429.740279,229,17967.12965
238.262087,1,17967.17691
-19.197903,15,17967.426213
233.285504,1,17967.473574
-9.232426,149,17969.722657
-33.318049,341,17975.08956
660.520254,300,17979.893031
451.261652,341,17985.229721
-31.120123,341,17990.323416
55.990065,119,17992.072214
-25.847225,16,17992.336379
578.502957,300,17997.099214
357.298365,187,18000.404085
649.435697,300,18005.57928
473.741742,341,18011.518369
233.284094,1,18011.565729
2.051398,15,18011.812665
-30.114306,341,18017.302987
-5.711448,7,18017.453473
-21.611191,1,18017.504291
641.649361,300,18022.693919
462.82241,246,18026.933118
271.603925,300,18032.052946
-25.939773,300,18037.369248
590.896675,313,18042.830559
470.679185,341,18048.641847
217.256461,1,18048.691962
-29.19096,37,18049.360785
120.928546,341,18055.219262
386.639521,400,18062.235135
-39.330826,341,18068.134997
4.781991,300,18073.436829
69.391902,159,18076.143676
617.635343,321,18081.785326
46.001045,128,18083.979986
18.19309,19,18084.368655
-8.420777,20,18084.737852
432.567435,341,18090.718071
-15.965625,2,18090.784253
0.679998,300,18096.079827
419.974445,341,18101.98229
207.588428,1,18102.032379
-0.511189,300,18107.233891
435.543407,341,18113.128428
1071.267463,300,18118.3255
4.071215,300,18123.543839
755.148086,341,18129.525312
633.136585,336,18135.178687
43.737583,341,18141.013819
439.085355,341,18146.93111
233.295294,1,18146.98087
614.95176,325,18152.609134
716.897993,400,18159.63306
-6.817826,18,18160.038435
105.561646,341,18165.892575
432.363763,341,18171.762823
207.505636,1,18171.813092
850.556166,400,18178.633946
-24.964118,24,18179.068558
661.490969,300,18184.228789
72.800741,341,18189.473558
-9.573091,18,18189.799863
-15.102939,300,18194.502311
233.288991,1,18194.549775
143.082251,341,18200.468642
218.732273,1,18200.519013
737.1047,341,18206.346158
525.020512,285,18211.175433
224.848285,1,18211.226659
16.207519,19,18211.578192
218.543629,1,18211.628747
67.152816,161,18214.386454
233.295804,1,18214.436239
233.292823,1,18214.485409
95.12331,341,18220.287315
82.217102,341,18226.178196
-5.603016,24,18226.607011
129.929994,341,18232.542341
2.376353,300,18237.676464
-15.900084,2,18237.743504
759.343457,341,18243.628807
116.041473,341,18249.476061
233.294005,1,18249.525983
452.723626,247,18253.539826
233.291564,1,18253.587291
-5.346826,7,18253.721245
749.570245,341,18259.196654
89.161612,341,18264.541385
233.291619,1,18264.589102
706.731891,341,18270.037244
-20.53665,1,18270.100974
399.082131,400,18276.392757
106.862194,341,18281.8387
752.032645,341,18287.189857
634.556949,300,18291.841149
80.08714,171,18294.456566
391.003886,204,18297.811315
-34.348506,66,18298.856524
-26.591919,39,18299.455134
-20.246968,300,18304.035012
-5.616987,300,18308.741921
449.143676,341,18314.011743
420.535839,341,18319.324254
233.289272,1,18319.371803
549.49136,335,18324.682288
-20.286434,1,18324.730259
104.535195,341,18330.101945
-21.752917,13,18330.323721
638.652051,400,18336.49717
-4.051903,28,18336.933799
-19.493576,1,18336.980807
87.657956,160,18339.42561
-35.083044,341,18344.720399
-27.662649,341,18350.017057
233.271673,1,18350.067407
77.124345,219,18353.619374
402.924249,400,18359.907084
492.978172,266,18364.118363
561.686688,300,18368.768139
233.269931,1,18368.815854
-27.90319,29,18369.269734
893.158789,400,18375.699876
-21.431458,1,18375.749629
233.286334,1,18375.799003
747.438709,341,18381.642647
625.819971,400,18388.640302
1032.188831,300,18393.865443
-23.284099,35,18394.488129
-13.649692,11,18394.70462
-9.744872,5,18394.821687
1072.438039,300,18399.937899
223.335646,1,18399.988522
314.153487,300,18405.186373
-2.593669,300,18410.278032
584.006848,300,18415.397112
-15.899465,2,18415.464944
1072.159727,300,18420.749183
517.993062,277,18425.057776
409.588085,400,18431.376249
566.449393,300,18435.997015
237.998429,326,18441.174694
124.931112,341,18446.499738
-15.03105,300,18451.12133
526.351365,271,18455.34852
1074.011563,300,18460.040064
692.50474,341,18465.476572
105.188101,175,18468.5574
226.789425,1,18468.604931
445.257026,341,18474.471156
-16.011726,3,18474.547594
751.808666,341,18480.40908
233.288781,1,18480.459629
414.524817,341,18486.048853
414.116097,400,18492.818697
-19.484308,1,18492.8664
648.695348,300,18497.753403
-28.716307,28,18498.296631
457.323604,346,18504.426126
233.295942,1,18504.476001
605.891337,341,18510.309089
651.41058,300,18515.499537
233.287548,1,18515.549856
-20.23667,1,18515.600498
215.005002,1,18515.650528
575.295798,395,18522.076174
465.646098,341,18527.994659
619.144013,325,18533.655714
464.17175,341,18539.52575
-7.743063,29,18540.045474
755.767856,341,18545.92999
233.287143,1,18545.980181
452.280787,341,18551.939618
404.07928,400,18558.861492
-19.079399,300,18564.11945
1069.9275,300,18569.365771
435.154115,341,18575.219622
-89.62576,165,18578.069252
233.255715,1,18578.11957
-23.380449,300,18583.380011
-31.485324,341,18589.295589
-41.028988,56,18590.308473
8.041639,14,18590.579068
545.833177,293,18595.702129
233.27658,1,18595.749913
693.789921,400,18602.025766
124.385844,341,18607.905741
-7.566939,21,18608.2949
233.286665,1,18608.3452
80.002174,173,18611.313385
462.451856,338,18617.157686
216.506186,1,18617.208081
149.045622,341,18623.088852
102.935057,237,18627.212297
-20.372995,1,18627.264938
233.791215,313,18632.836142
233.285069,1,18632.886352
464.920553,341,18638.80005
-26.106964,52,18639.715943
606.599372,300,18644.93111
118.83588,341,18650.879019
681.794666,400,18657.825117
-27.799841,7,18657.975535
-19.536325,300,18663.189768
-17.88859,1,18663.240804
402.753495,400,18670.142221
585.70333,341,18675.882843
748.20458,341,18681.839678
716.597213,400,18688.840414
-21.180794,5,18688.958773
233.289667,1,18689.008383
110.241672,341,18694.925341
-7.990473,300,18700.143197
104.803715,341,18706.092347
233.285456,1,18706.1421
720.160935,400,18713.081961
-12.428106,300,18718.2786
720.579521,400,18725.177704
728.174747,369,18731.686227
1068.482229,300,18736.9074
233.284441,1,18736.958526
879.343646,400,18743.934028
233.288884,1,18743.98425
-21.608557,1,18744.035107
420.456462,400,18750.92997
480.709067,341,18756.80305
233.295187,1,18756.853574
233.285059,1,18756.903305
459.324389,341,18762.809314
233.285528,1,18762.859654
490.492841,341,18768.708961
77.461025,188,18772.012252
-21.583062,9,18772.197829
756.606515,341,18778.125555
233.28731,1,18778.17607
478.701605,341,18784.139871
496.582523,270,18788.797862
630.440759,300,18793.690454
432.293325,341,18799.314024
525.343797,269,18803.968098
562.633209,291,18809.095777
233.289075,1,18809.146919
233.289821,1,18809.196595
18.737461,19,18809.549368
28.209505,27,18810.041584
886.050391,400,18816.991659
-42.371461,60,18818.031551
132.299524,300,18823.273549
-13.541654,300,18828.477461
-5.530428,54,18829.53114
226.737101,1,18829.582264
420.354456,400,18836.477483
-14.301035,10,18836.678576
115.718085,341,18842.597062
224.995196,1,18842.661016
233.291929,1,18842.710681
-33.135327,67,18843.92324
89.379665,160,18846.784445
469.515465,341,18852.701785
-20.089366,300,18858.009731
466.088345,341,18864.016153
233.295607,1,18864.06646
109.011652,341,18869.991371
26.13017,24,18870.431049
141.920063,341,18876.309023
-29.529363,341,18882.232259
217.377136,1,18882.284063
707.873863,400,18889.182176
-14.29527,300,18894.424712
-25.65959,22,18894.823466
521.212103,281,18899.741685
455.272576,248,18904.029171
210.918403,1,18904.079556
702.864056,341,18909.979175
-32.128235,341,18915.493894
895.294768,400,18921.882778
407.237053,228,18925.391966
-35.905943,341,18930.790473
140.794738,341,18936.199044
-6.905162,300,18940.922372
208.282797,1,18940.974001
80.222083,152,18943.444115
671.338264,400,18949.800923
732.558225,400,18956.198334
-17.744672,28,18956.701355
702.985593,400,18962.970885
-30.875119,29,18963.46028
233.261957,1,18963.507692
737.149794,341,18968.911577
127.913367,341,18974.505497
745.40647,341,18979.863859
514.751167,358,18985.329725
233.288056,1,18985.377468
699.077319,400,18991.756061
-2.359552,300,18996.504277
136.986084,341,19001.857728
-51.276909,102,19003.437051
413.138125,232,19007.097289
384.068396,207,19010.336056
210.57253,1,19010.383994
494.523214,268,19014.718432
233.231544,1,19014.767443
307.480255,167,19017.487011
1070.357534,300,19022.151535
397.890283,400,19028.460362
751.974077,341,19033.991244
82.052191,155,19036.359829
209.785644,1,19036.410183
642.553475,300,19041.269829
81.381318,187,19044.26923
454.550907,324,19049.486463
106.085413,341,19055.067785
-23.386089,20,19055.424145
94.877544,341,19060.763927
-14.989343,300,19065.643047
104.884142,341,19071.279142
233.278646,1,19071.329499
10.063631,16,19071.630324
233.284254,1,19071.680455
726.236249,341,19076.873184
639.226867,300,19081.457834
233.273153,1,19081.507983
629.677882,300,19086.063536
684.364546,300,19090.700332
-26.668321,341,19096.245601
216.079881,1,19096.293477
382.615628,211,19099.487378
391.418934,400,19105.455676
-22.094261,13,19105.678673
20.139934,23,19106.04967
137.363177,341,19111.169019
117.050816,341,19116.317312
855.95115,283,19120.532387
-0.545036,33,19121.036434
457.632382,341,19126.141787
-27.082749,341,19131.738959
463.946042,341,19137.213169
146.724803,341,19142.558527
487.904305,259,19146.884998
233.289161,1,19146.9354
-32.682292,341,19152.69645
1066.469108,300,19157.332894
207.003591,1,19157.382886
-20.19243,1,19157.431975
-11.937659,12,19157.666931
146.753775,193,19160.830963
233.289679,1,19160.878805
779.65267,388,19166.803857
609.290674,311,19171.447795
2.807705,55,19172.342368
-31.5484,300,19176.807259
-20.842674,2,19176.868577
-20.470082,1,19176.915314
470.42802,341,19182.003759
1057.565896,300,19186.506301
130.468522,341,19191.672434
-1.866541,23,19192.035018
233.287677,1,19192.083056
-1.563563,9,19192.317594
6.085149,13,19192.538248
147.014424,341,19197.703435
-13.959081,3,19197.780089
-22.278657,300,19202.262446
-27.367131,30,19202.724829
-28.897973,18,19203.019237
88.453491,400,19209.042375
650.696343,300,19213.699118
494.299552,268,19217.669863
123.899822,341,19222.713421
704.554787,400,19228.647372
754.140898,341,19233.789461
481.169059,341,19238.88237
395.232069,400,19244.818272
-28.99802,341,19249.917193
628.325648,310,19254.663933
236.010734,1,19254.71334
487.85131,341,19259.783732
472.793037,266,19263.837707
481.705543,341,19268.873791
483.590749,341,19274.115674
-6.941591,300,19278.651557
148.93251,341,19283.728972
105.502961,341,19288.986175
-29.513351,78,19290.150752
484.288772,341,19295.374674
118.589908,341,19300.485035
456.57955,249,19304.23599
-17.090255,9,19304.400858
459.108127,341,19309.473993
-6.151798,300,19313.901086
1074.037278,300,19318.421874
-20.879443,18,19318.712249
-12.749576,25,19319.10591
-52.849336,92,19320.459813
-19.40478,1,19320.507338
691.932328,341,19325.651073
516.227745,368,19331.140305
-121.676953,300,19335.855604
470.680244,300,19340.334526
280.606469,147,19342.466749
470.310099,300,19346.967571
435.191027,400,19352.976514
233.280533,1,19353.02394
369.427405,400,19359.076286
-13.861313,3,19359.152623
-5.334576,300,19364.100258
896.619207,400,19370.269329
755.616836,341,19375.339584
-7.226595,300,19379.809663
233.283482,1,19379.87067
288.945403,176,19382.593029
233.290765,1,19382.640047
-14.062669,8,19382.786643
-8.789789,300,19387.269573
116.502547,341,19392.437455
480.509971,267,19396.407831
729.189004,341,19402.195631
212.071952,319,19407.428218
-16.64547,300,19412.697755
752.379361,341,19418.628165
489.730934,341,19424.23996
-12.629659,300,19428.983796
753.124364,341,19434.801675
121.279941,341,19440.275809
302.456208,341,19445.886367
116.729098,341,19451.39315
413.648795,400,19458.34651
457.895339,270,19462.52851
694.587386,400,19468.763164
233.26367,1,19468.813762
68.93908,341,19474.150977
1057.352649,300,19479.151907
-35.121564,54,19480.102193
1060.077203,300,19485.075712
-10.153134,300,19490.178986
206.734797,1,19490.229298
747.760105,341,19495.853578
472.391107,333,19501.304711
356.583426,200,19504.677002
380.855543,209,19508.142633
484.286861,273,19512.42051
233.290486,1,19512.470657
692.65134,400,19519.146967
748.541986,341,19524.259593
548.069315,373,19530.032593
712.373893,400,19535.956919
-20.479013,1,19536.007304
-18.003839,1,19536.054036
14.114513,20,19536.374107
683.134731,400,19542.492067
1047.628286,300,19547.017791
221.011061,297,19551.449156
511.428155,341,19556.609478
757.078866,341,19561.763496
-33.488854,341,19566.865213
593.819226,396,19572.902798
110.48004,341,19577.980314
233.273541,1,19578.027858
476.820325,341,19583.228471
-41.936471,61,19584.209288
210.865226,1,19584.258819
756.401443,341,19589.290293
233.293923,1,19589.337992
-1.569767,9,19589.500811
362.994094,203,19592.673749
498.350903,274,19596.759663
758.918756,341,19601.907714
706.535999,341,19607.411495
57.792066,38,19608.117121
390.195523,212,19611.565928
-35.11252,341,19616.680644
209.402886,1,19616.728077
400.642197,400,19623.316439
26.218076,31,19623.879627
-7.820025,6,19624.015008
-44.282109,300,19628.703303
683.620119,400,19634.862466
869.103366,400,19641.189929
775.831256,400,19647.326711
-37.369465,49,19648.175866
660.147734,300,19653.336536
-6.851701,300,19658.443938
-17.973453,1,19658.494158
233.264408,1,19658.543727
-36.393194,341,19664.345103
82.135213,195,19667.392269
-42.575638,341,19673.269872
-33.335676,36,19673.903545
104.221518,341,19679.749885
485.276115,300,19684.819448
118.359601,341,19690.683212
-27.64145,16,19690.981582
708.494461,400,19697.061386
87.484319,150,19699.450248
-18.002669,1,19699.498134
-20.570441,1,19699.544623
410.74867,400,19705.92053
88.663672,184,19708.663349
233.257438,1,19708.710767
62.78321,148,19711.095174
-19.452682,1,19711.142917
233.256363,1,19711.190035
80.110993,173,19713.915331
699.79369,400,19720.352659
123.564334,341,19725.867517
255.334887,343,19731.722054
-33.970428,49,19732.641981
634.770082,300,19737.618629
233.288149,1,19737.668582
468.496887,341,19743.050156
-37.935198,63,19744.138602
294.138291,389,19749.86785
-3.593461,8,19750.048948
402.990224,400,19756.007958
208.294111,1,19756.055661
77.812019,202,19759.033283
-20.942568,4,19759.124761
601.100354,392,19765.110882
119.793529,341,19770.239601
461.995986,341,19775.63549
124.359354,341,19781.099687
-31.824371,30,19781.567311
-10.450345,300,19786.416695
1046.271814,300,19791.107956
-32.796036,341,19796.351654
233.287155,1,19796.40071
758.872791,341,19801.506213
-25.564328,16,19801.771548
714.7197,400,19807.87696
-16.846743,300,19812.636128
-1.322455,300,19817.296278
638.422154,300,19822.028951
488.415914,270,19826.488089
-36.234449,341,19832.20244
641.300099,300,19836.867172
671.130736,341,19842.677917
450.388355,341,19847.738917
625.889107,300,19852.15847
127.937243,341,19857.34755
-7.545939,17,19857.624693
61.527554,262,19861.533915
-29.59165,36,19862.097182
486.348905,341,19867.262779
258.258755,332,19872.149882
757.234793,341,19877.234024
-7.579753,37,19877.87309
-30.012218,28,19878.340236
505.19491,360,19883.88865
412.052831,400,19890.196492
-16.7731,5,19890.302612
465.778702,341,19895.444726
107.992058,341,19900.774529
133.086038,341,19905.859716
757.812596,341,19911.130449
-31.455135,341,19916.688795
866.333795,400,19922.636477
446.873325,245,19926.607477
233.274609,1,19926.654871
210.314826,1,19926.701997
754.537764,341,19931.920146
743.327569,377,19937.649253
-27.383134,341,19942.69394
662.25165,338,19947.74167
464.577924,341,19952.888478
-21.460274,5,19952.994419
475.975796,341,19958.117581
-20.172752,300,19962.486904
874.216349,400,19968.673178
579.878321,293,19973.151001
713.782189,400,19979.107678
-35.91338,341,19984.311351
455.042111,341,19989.522216
-19.225027,1,19989.569754
-14.006714,3,19989.645549
465.405816,341,19995.276011
-26.201979,341,20000.722871
-78.841809,300,20005.179571
478.756071,341,20010.253547
472.396931,341,20015.337085
458.978536,341,20020.39925
669.055991,400,20026.254091
496.737714,350,20031.403561
446.720367,247,20035.152131
-35.65687,341,20040.272701
703.36493,400,20046.173625
233.29055,1,20046.222026
-19.357795,1,20046.268119
446.911452,247,20049.979804
-36.904759,341,20055.10172
454.839432,341,20060.18346
735.106101,228,20063.586905
-13.986825,300,20067.961898
472.736243,341,20073.008163
121.904613,341,20078.124145
481.908464,341,20083.199547
-74.996796,188,20086.00743
-31.882329,10,20086.218287
-13.296107,300,20090.69373
1011.700425,300,20095.203497
699.411944,400,20101.152923
-68.202077,153,20103.459017
609.477488,398,20109.360474
669.802087,341,20114.380116
702.283323,400,20120.299356
-19.180267,8,20120.448328
404.541575,400,20126.351167
118.807579,341,20131.429932
-19.298692,25,20131.89597
601.701066,305,20136.374736
