#{"t_start": 1765854108.7559648, "env_id": "None"}
r,l,t
-79.895754,341,68.946008
-111.184641,400,69.57937
-87.319504,341,70.125145
-73.532922,300,73.542618
63.1268,341,78.298756
-62.950677,341,83.505693
-74.387037,341,89.049651
-34.101022,400,95.136973
-54.228467,341,100.544087
971.782421,300,105.222094
836.465559,400,111.376845
-38.074048,341,116.51173
-24.530382,12,116.732073
-14.84987,300,121.351497
228.157627,1,121.399949
-33.046295,53,122.248496
-76.127495,341,127.64658
230.090036,1,127.695131
1054.101273,300,132.328954
672.419801,343,137.33108
-15.497859,400,143.657502
-42.139166,341,149.015181
-36.203118,341,154.31092
41.861871,311,159.317886
-36.389035,341,164.825687
-59.957159,341,170.309168
-29.231326,341,175.728252
-18.787358,2,175.793414
-10.948598,400,182.237421
254.673162,142,184.579988
-25.903236,341,190.060829
885.828369,400,195.823788
233.103003,1,195.869918
-26.184153,21,196.266618
96.427674,234,199.990478
339.271155,216,203.491497
-56.875741,341,208.955664
233.087737,1,209.004191
232.731634,1,209.052315
-7.107955,300,213.677086
-53.71761,138,215.899564
160.591974,286,220.528056
-136.382443,297,225.39283
-39.945154,341,230.816665
870.921378,300,235.703243
-19.920738,400,241.952778
-27.695885,341,247.413451
-69.439823,370,253.17712
-64.531003,166,255.546088
-24.07997,24,255.898427
288.766048,186,258.837143
252.598966,144,261.192683
32.010547,341,266.713317
-25.204212,341,272.267053
-53.347743,184,275.251739
-77.747298,214,278.789624
907.579412,400,285.21367
268.037631,145,287.517877
14.118273,400,294.069126
908.215618,400,300.249276
-20.32216,300,304.888721
380.170777,196,308.019134
232.382063,1,308.067533
-27.124596,43,308.787445
-25.882023,341,313.89416
229.891195,1,313.940151
163.74605,300,318.427555
229.774963,1,318.476426
-35.264145,341,324.070711
274.13896,152,326.502405
18.084184,18,326.818841
6.64998,13,327.059237
-20.6759,6,327.187321
-5.424243,300,332.081314
-3.59376,400,338.572271
25.893334,185,341.669175
277.94083,287,346.22104
3.505075,300,350.909624
-26.356538,25,351.34013
142.07095,341,356.833963
761.315754,300,361.818989
238.361395,395,368.274292
249.38475,135,370.454446
-14.031577,400,376.300801
-33.427595,341,381.848707
260.740535,145,384.145172
-22.146736,9,384.321018
-22.912089,300,389.218397
241.047921,242,393.167856
0.935617,300,397.904339
347.230285,400,404.425474
243.091726,138,406.612609
7.057038,300,411.481508
-56.764708,259,415.659336
-3.665704,300,420.559751
-26.034128,300,425.450699
2.137401,400,431.984603
36.61179,157,434.526561
268.540889,254,438.606578
253.658133,148,441.027466
1.304013,300,445.911655
-2.859345,300,450.823855
-71.970063,258,455.107145
-17.304391,300,459.994522
220.117446,172,462.819336
256.944605,144,465.167761
-59.924384,321,470.412523
4.051704,400,476.902634
232.611204,1,476.952353
-39.114527,341,482.627336
-25.127592,341,488.209189
232.761957,1,488.257627
-41.296961,335,493.710982
210.033251,163,496.042911
-16.665043,300,500.856701
880.418922,400,507.330311
-11.805564,4,507.4282
-21.939609,341,513.135118
3.793469,300,517.919
232.760742,1,517.968411
681.585991,280,522.638227
2.045519,400,529.201634
-10.528325,286,533.923813
232.950008,1,533.972622
232.504179,1,534.021548
-18.001031,1,534.068628
171.661856,299,538.902243
882.574648,400,545.529768
1.397396,400,551.846321
232.952134,1,551.895212
-4.773641,341,557.493577
258.910982,145,559.934253
4.878088,400,566.488513
-50.665026,341,572.068905
258.90673,146,574.473356
188.288774,139,576.906971
-20.809614,2,576.973796
248.761239,149,579.641066
-52.688094,341,585.586375
-141.89925,337,591.533237
245.89028,148,594.119009
328.627343,300,599.412762
-29.30357,341,605.325681
-133.862896,270,609.859903
232.712599,1,609.911039
-12.478161,400,616.849422
1022.887436,300,622.177613
-22.118084,300,627.37351
-32.107361,341,633.474227
8.718632,14,633.769327
15.69394,400,640.696241
314.963693,400,647.645521
260.953802,145,650.378464
1051.275788,300,655.369341
321.328106,300,660.491508
-63.413129,89,662.17417
-105.317903,332,668.423578
338.905396,300,673.943081
69.152004,341,680.261262
30.824528,24,680.671072
344.397931,400,687.282183
342.747828,400,693.872731
-240.931436,257,698.012063
353.709841,300,702.845772
-32.133329,341,708.350021
-10.296848,300,713.130409
-19.344361,6,713.294135
255.007579,145,715.70679
-117.61964,341,721.33315
-24.263547,14,721.591346
-136.797127,341,727.147768
-51.371703,341,732.703853
-46.43868,341,738.346845
274.686062,154,740.889899
232.369414,1,740.938808
-110.285967,328,746.282772
260.223462,400,752.819776
-25.123297,27,753.284938
-8.780262,300,758.1785
-28.48858,44,758.902784
251.263721,137,761.201094
189.496737,400,767.782803
286.973495,159,770.385147
-82.364033,179,773.32631
257.326154,341,778.844291
-84.015494,341,784.417494
256.754145,146,786.900168
-46.865031,341,792.275582
-80.650709,341,797.279958
-127.990612,297,802.134874
201.640942,400,807.912782
230.204689,1,807.963003
-17.34289,300,812.928278
215.736829,1,812.977511
-19.491601,300,817.923284
216.825773,1,817.972998
232.98819,1,818.020657
28.519683,146,820.481445
1069.65812,300,825.31199
405.52006,300,830.154829
-2.212301,400,836.666407
840.528859,400,843.011489
230.8907,159,845.667846
319.789954,400,852.192659
232.66378,1,852.239288
232.59153,1,852.284855
210.126864,201,855.578982
185.655088,181,858.617313
-36.178807,31,859.186159
232.532338,1,859.234541
24.760931,151,861.49262
222.870858,194,864.624873
1.180901,400,870.830224
433.710091,300,875.448598
802.259133,400,881.950611
14.857893,163,884.533118
232.932715,1,884.582085
182.368382,98,886.175264
-13.60288,300,890.922886
383.729096,300,895.687484
-8.027912,10,895.862859
1043.346212,300,900.577304
232.801956,1,900.626779
47.006806,181,903.318262
-2.545134,400,909.69328
256.657159,145,911.818152
256.670987,144,914.223383
231.975769,1,914.272917
-21.012371,400,920.87431
233.041141,1,920.920408
-29.300071,341,926.30768
-29.002102,400,932.934481
227.789279,160,935.533198
252.628485,143,937.907766
-28.883954,201,941.195861
294.604656,154,943.699373
322.713098,400,950.218386
5.93447,157,952.826996
-34.860552,341,958.381169
850.146332,400,964.207085
45.433754,32,964.789597
221.189141,341,970.476381
239.894554,341,975.563627
-33.678713,341,980.853282
749.606568,384,986.955939
223.752536,214,990.489561
86.059749,158,993.094759
-31.657351,341,998.788704
348.354759,400,1005.060674
-21.058703,300,1009.948889
-48.222935,341,1015.381405
73.474863,158,1017.536992
210.600668,1,1017.582886
232.902359,1,1017.628561
-70.10312,233,1021.468595
-40.434755,341,1027.032072
264.815421,148,1029.528855
1071.454895,300,1034.235263
-27.075873,341,1039.77138
280.358424,161,1042.364596
-85.029164,282,1046.905872
82.472291,155,1049.489851
1055.116699,300,1054.420156
886.885181,400,1060.894962
1060.254466,300,1065.540598
252.598699,144,1067.939577
905.869294,400,1074.370655
232.88769,138,1076.682778
-41.582146,341,1082.179996
-30.578081,341,1087.748632
-29.144607,300,1092.313399
232.984518,1,1092.359437
323.962176,400,1098.116742
-27.376867,300,1102.348693
256.726743,145,1104.551783
244.402452,148,1106.673782
-18.001195,1,1106.720273
256.612852,146,1108.918499
258.804526,144,1111.020694
430.448503,300,1115.432969
10.145845,341,1120.526474
248.083401,149,1122.665107
1079.950855,300,1126.993859
49.165962,150,1129.254288
-45.843931,341,1134.278976
322.232506,184,1136.854317
-20.944606,10,1137.019973
646.401631,330,1141.786774
-41.261982,341,1146.863481
15.254735,341,1151.961186
53.970513,149,1154.310321
-35.367555,341,1159.263384
45.295996,146,1161.458869
78.745658,151,1163.653383
21.953593,341,1168.529908
-1.805034,27,1168.92333
321.411417,400,1174.568313
229.507429,1,1174.614428
237.324366,153,1176.781673
-35.841211,300,1181.350889
462.494552,300,1185.920896
-22.533356,9,1186.111251
447.925451,353,1191.326467
243.82358,151,1193.485187
-33.377905,341,1198.636069
237.017976,137,1200.518882
636.868252,400,1206.533826
331.820861,187,1209.388102
599.690609,300,1213.805468
229.451032,1,1213.85462
232.793404,138,1215.932518
47.498267,147,1218.002019
233.154794,137,1220.223616
256.738314,146,1222.266074
36.798868,147,1224.535869
-30.404975,341,1229.503531
-22.991423,21,1229.867043
893.753808,400,1235.760297
232.696399,138,1237.832115
289.956916,179,1240.711587
-55.579907,300,1245.293239
-14.903286,8,1245.436073
313.781124,181,1248.055125
-32.324937,40,1248.741222
4.767392,400,1254.733352
578.219786,300,1259.263037
271.207717,173,1261.94295
331.655552,400,1267.77795
-34.17022,341,1272.886522
-58.148105,300,1277.208701
-43.719353,300,1281.702491
308.308787,400,1287.984628
-39.424364,341,1293.719508
229.31828,1,1293.768592
228.51044,1,1293.816511
-37.803961,341,1299.432552
33.775623,151,1301.888279
-2.326583,400,1308.455986
23.095851,156,1311.039483
268.16458,179,1313.93308
251.80262,157,1316.55935
269.660524,142,1318.78896
536.063368,300,1323.737618
-38.161244,341,1329.308708
7.836741,400,1335.436697
-5.982338,400,1341.959558
335.999514,400,1348.540601
227.713182,1,1348.589839
-24.782666,23,1348.98931
41.195157,29,1349.479064
25.990991,162,1352.208189
-79.871073,257,1356.457068
2.002948,400,1362.858978
573.913394,300,1367.793846
228.002483,1,1367.842399
-123.615408,341,1373.53405
-82.431568,270,1378.056391
15.87248,36,1378.705039
255.023758,156,1381.278444
626.443264,300,1386.259875
-110.396474,252,1390.384469
16.947305,341,1395.669532
-41.337978,341,1401.168191
254.814924,145,1403.404586
898.402322,400,1409.800377
264.848735,222,1413.016418
-0.096576,400,1419.205168
241.725619,167,1421.979252
59.524477,121,1423.757834
-34.09905,341,1429.486534
-28.734475,34,1430.066486
227.032349,1,1430.115321
1042.960043,300,1434.736189
18.603155,341,1440.326342
66.036742,152,1442.751983
65.356012,151,1445.116567
39.236016,152,1447.546735
317.946805,216,1450.896886
34.214801,154,1453.186934
-22.824309,8,1453.330013
-48.379042,300,1458.241314
227.149253,1,1458.288068
-20.703444,3,1458.363392
1022.858436,300,1463.285506
-79.926852,264,1467.600284
48.79362,155,1470.154791
628.631783,300,1474.981664
900.511283,400,1480.993397
678.233867,343,1486.477199
254.309491,148,1488.965504
1037.494661,300,1493.930182
634.859058,300,1498.872626
-54.265386,300,1503.804261
319.076029,214,1507.191962
1042.569433,300,1512.027313
1020.006721,300,1516.735654
325.059653,400,1523.336052
261.290864,155,1525.968735
359.911102,207,1529.329623
-37.495874,341,1534.951377
194.610097,104,1536.728241
270.685388,153,1539.269063
305.419224,170,1542.055427
255.341157,139,1544.379421
225.13255,1,1544.428483
-62.981441,341,1550.066904
-59.279247,341,1555.684555
-37.669556,341,1561.30145
-44.720644,341,1567.026129
-20.235816,1,1567.074703
586.982126,301,1571.96293
-38.680201,341,1577.38682
629.472969,300,1582.111357
-20.867046,300,1586.735373
256.812057,142,1588.854732
-18.568229,300,1593.23919
367.929604,208,1596.471681
-38.450548,341,1601.701352
79.418427,147,1603.781255
343.011612,196,1606.844672
395.288887,211,1610.048706
-14.139995,300,1614.496791
607.270357,300,1618.926136
-16.933994,300,1623.312624
-56.863833,341,1628.463293
257.770549,152,1630.839579
274.541856,144,1632.8802
620.499181,300,1637.365245
256.628899,400,1643.32558
-48.184561,341,1648.839952
8.442775,300,1653.041142
71.765376,151,1655.399613
898.635589,400,1661.427657
225.647618,1,1661.474159
225.897574,1,1661.519279
616.022154,300,1666.111778
388.685922,213,1669.217236
898.46575,400,1675.230178
1011.844226,300,1679.63431
-50.740827,341,1684.635143
-18.469151,400,1690.68318
342.425141,201,1693.63927
373.080826,206,1696.851782
224.172084,1,1696.898742
-17.748461,300,1701.3668
902.800543,400,1707.407173
1030.931442,300,1711.791801
377.165184,208,1714.913642
1031.885029,300,1719.35502
903.009445,400,1725.365201
649.725448,400,1732.023735
900.572139,400,1738.654939
717.001675,400,1745.265162
895.703158,400,1751.78827
-25.850303,400,1757.786881
-27.003078,400,1764.25103
394.973563,218,1767.881386
387.119823,209,1771.391766
226.869178,1,1771.440835
421.923958,341,1777.074175
440.113174,341,1782.577662
646.705607,400,1789.06914
48.229418,169,1791.881575
612.991643,300,1796.898083
957.259446,300,1801.902651
265.287107,341,1807.39167
665.838515,400,1813.735486
214.802544,1,1813.782953
225.784816,1,1813.828061
9.963544,341,1819.443682
693.955193,400,1826.184866
-18.283903,300,1831.165513
-3.498625,25,1831.63777
-17.850031,233,1835.423057
-14.190191,240,1838.942011
1024.425933,300,1843.524138
229.370276,400,1849.759014
274.096744,149,1852.199687
-21.548345,9,1852.379134
345.330062,193,1855.588668
-30.366242,400,1862.212317
341.203544,191,1865.3383
-0.270576,187,1868.012224
21.767989,341,1873.261938
-60.20966,341,1878.771833
331.656911,341,1884.308327
213.817602,400,1890.945046
-0.178046,204,1893.847026
-21.219569,4,1893.935177
43.299567,30,1894.452572
8.845168,180,1897.470145
226.179167,1,1897.519382
618.452185,300,1902.327965
226.138363,1,1902.373848
295.076589,341,1907.64363
619.630421,309,1912.444452
0.526429,300,1917.225543
-58.917759,341,1922.634717
955.667955,300,1927.353204
-20.237122,1,1927.402253
41.963701,341,1932.819968
-29.076684,300,1937.586153
-37.08129,300,1942.579258
-105.424161,341,1948.29511
-67.705059,341,1954.045884
-14.241866,300,1959.004918
14.165203,21,1959.377428
316.093432,400,1965.973809
1003.860115,300,1970.959672
312.848834,400,1977.508233
24.383807,21,1977.873561
414.22236,341,1983.526674
-114.922655,296,1988.48474
890.943757,400,1994.558113
373.268385,206,1997.962321
-121.261096,311,2003.073576
342.781858,400,2009.62471
-117.390782,341,2014.91021
-26.074805,341,2020.583906
283.091445,158,2023.208442
226.480627,1,2023.257704
-23.748745,400,2029.854265
42.877975,341,2034.779487
-109.502501,278,2039.412739
227.198997,162,2042.145835
404.320969,227,2045.88081
1010.482603,300,2050.822219
41.916753,341,2056.382051
692.576922,400,2063.110477
310.453165,341,2068.644417
350.787006,400,2075.272446
364.923621,341,2080.911155
917.777379,300,2085.838766
347.690477,400,2092.465849
-129.941121,341,2098.094185
228.016963,1,2098.142436
-16.401115,18,2098.469122
44.344749,34,2099.057795
-14.319962,300,2104.002386
287.497258,155,2106.611686
60.00628,157,2109.228867
-34.713822,45,2109.991996
5.296527,300,2114.514919
342.720524,341,2120.123595
5.986692,300,2124.850132
613.593751,300,2129.836036
-24.991344,16,2130.13264
-27.287509,33,2130.702037
1030.345254,300,2135.576699
1002.608682,300,2140.492776
1030.01965,300,2145.446115
48.780651,341,2151.045644
227.917963,1,2151.094511
34.246447,186,2154.112063
18.654287,341,2159.712609
-85.263153,341,2165.362735
985.188725,300,2170.269415
36.267635,179,2173.007819
649.089939,400,2179.414691
-33.48662,400,2186.147105
412.653756,225,2189.821725
32.601602,341,2195.3673
293.938765,341,2201.003737
618.490685,300,2205.96618
-63.47758,341,2211.662499
344.394755,400,2218.199288
-5.974439,9,2218.37768
-10.364158,300,2223.36276
-1.651963,400,2229.948226
-1.209553,400,2236.057045
241.055921,341,2241.732128
998.797919,300,2246.6868
10.10936,16,2246.978581
408.715434,224,2250.702258
-1.214522,400,2257.169743
327.87031,400,2263.578354
232.09307,384,2269.754069
-13.191069,300,2274.406585
252.913677,138,2276.812476
228.402784,1,2276.860755
656.007044,400,2283.430006
0.414812,400,2290.05161
46.700076,172,2292.758697
35.614298,341,2298.166047
227.536122,1,2298.214411
225.903346,1,2298.262314
227.700279,1,2298.310297
4.080643,12,2298.539542
-3.473822,341,2304.060256
-8.204596,300,2309.078021
36.695807,164,2311.74943
-65.474836,341,2317.428903
-155.536805,300,2322.29358
-66.677659,341,2328.018557
306.308479,341,2333.656551
-55.95985,341,2339.22172
227.151991,1,2339.26859
309.136621,161,2341.971728
47.340794,169,2344.365274
-45.036837,341,2349.554984
327.98503,341,2354.639122
-11.771948,300,2359.290374
253.296331,136,2361.565652
1020.519296,300,2366.098775
-12.980365,400,2372.014768
324.944261,400,2378.084309
-13.105854,300,2382.681135
381.076793,211,2385.88628
31.133172,178,2388.496488
-40.162818,341,2393.607353
406.589324,221,2397.144595
1064.086632,300,2401.79773
751.119898,300,2406.261812
373.773512,341,2411.354432
265.379554,142,2413.717535
26.376191,24,2414.087773
10.837793,341,2419.277482
684.810896,400,2425.422878
-5.30038,400,2431.415236
71.791485,149,2433.558125
334.494958,341,2438.474345
-6.447606,400,2444.619871
336.037184,341,2450.340806
-22.780899,300,2455.177262
1059.81478,300,2460.06338
33.990689,166,2462.462052
748.210963,375,2468.260884
269.731274,145,2470.720041
708.795094,400,2476.764276
166.077138,305,2481.790687
342.413421,400,2488.431504
335.248339,400,2495.122026
-41.514453,341,2500.759857
346.209826,341,2506.177427
-27.401065,341,2511.940269
-44.042768,341,2517.70914
666.616599,400,2524.492358
11.873487,341,2530.124124
-34.342675,300,2534.722993
-26.847569,341,2540.365113
11.651304,341,2546.00946
13.287583,218,2549.655732
415.606383,230,2553.493029
401.880084,224,2557.252245
3.536274,300,2562.116684
-1.633344,400,2568.304613
11.072084,341,2573.959334
-2.0321,14,2574.214982
-11.367242,16,2574.508414
702.135968,400,2581.105014
683.208703,400,2587.78281
629.263402,300,2592.713401
638.702692,300,2597.381227
74.993151,150,2599.988008
44.828915,182,2602.94928
693.922615,400,2609.569981
25.617595,205,2613.043292
-30.794097,341,2618.785149
621.520334,300,2623.790639
228.083838,1,2623.839962
-16.08683,300,2628.850354
-19.412765,300,2633.889088
228.650666,1,2633.937508
15.317894,341,2639.576883
-14.750754,300,2644.558374
714.47018,360,2650.197645
336.684832,312,2655.048092
24.528293,186,2658.033359
23.563638,191,2660.925722
228.628304,1,2660.975035
-24.267059,341,2666.097979
1050.79244,300,2670.506109
208.052559,1,2670.5545
-30.845838,341,2675.922717
228.275263,1,2675.971767
-49.08051,124,2677.985974
-32.203209,341,2683.24945
296.998258,155,2685.557717
-34.21428,341,2690.84351
227.922527,1,2690.892756
-6.113299,400,2697.229906
1064.123745,300,2701.730394
690.80764,400,2707.587493
537.471464,300,2711.966288
-29.141342,341,2717.159383
621.75886,300,2721.714148
-13.067054,300,2726.153802
414.754263,341,2731.255933
415.677757,341,2736.497096
282.653465,150,2738.640543
627.90386,300,2743.184611
6.286882,341,2748.122607
15.865382,341,2753.183658
720.491459,400,2759.468805
-26.421358,341,2765.236212
402.006687,224,2769.007711
1073.678004,300,2773.703909
31.086729,192,2776.631669
1056.026455,300,2781.696739
240.977469,1,2781.746892
2.084758,300,2786.777749
-15.305449,8,2786.942562
-33.228176,341,2792.53756
228.554296,1,2792.586792
-25.232403,341,2798.280808
912.577246,400,2804.902159
385.251982,223,2808.655487
-8.879798,300,2813.565375
-23.453591,341,2819.231139
-25.836564,341,2824.900652
39.422728,188,2828.039226
300.836522,158,2830.703583
620.375658,400,2836.699879
228.118799,1,2836.748672
1071.242247,300,2841.344818
-35.255664,341,2847.068495
21.729227,286,2851.686343
-109.330131,341,2857.366525
-12.232503,400,2864.100613
1062.801336,300,2869.091587
229.118044,1,2869.140818
404.849992,234,2872.872318
625.090978,300,2877.950305
322.999818,400,2884.601479
629.252534,300,2889.394481
228.432395,1,2889.44035
-28.463102,341,2894.461304
-33.938275,48,2895.171285
-39.122124,341,2900.261808
619.309029,300,2904.676731
-41.23303,279,2908.696413
372.866228,256,2912.589234
4.774391,341,2917.674753
408.240978,341,2922.559847
26.562149,22,2922.930616
377.102191,233,2926.33799
409.338434,232,2929.769299
-7.125621,300,2934.254029
-0.93024,9,2934.410962
392.453292,341,2939.363256
6.674493,341,2944.375237
-9.848769,300,2948.859579
297.141428,154,2951.169509
447.874252,341,2956.113971
331.07955,400,2962.167285
-39.488137,341,2967.290213
-17.887296,1,2967.338795
-19.215922,341,2972.597298
-3.538004,341,2977.828714
-22.514639,20,2978.139042
-8.773748,300,2982.51602
-14.166147,400,2988.278112
-34.086021,341,2993.211518
290.631315,206,2996.209884
-21.522859,1,2996.255624
1062.973973,300,3000.619837
32.20115,177,3003.191737
32.94688,25,3003.607219
-36.657728,65,3004.553409
902.253774,400,3010.326955
-32.818724,341,3015.432139
1049.126036,300,3019.712378
405.013913,341,3024.670246
32.155336,180,3027.298499
374.244802,341,3032.164411
-37.95835,300,3036.506439
1.672574,341,3041.447885
-20.170292,1,3041.487314
229.126179,1,3041.525796
408.646731,246,3045.116197
625.745203,300,3049.423258
5.04764,341,3054.326877
364.676719,196,3057.146355
33.167189,182,3059.839617
58.728104,174,3062.421321
-29.001633,341,3067.303259
335.107533,400,3072.998801
18.117979,18,3073.274861
-26.157572,300,3077.589456
363.023034,192,3080.351475
14.373753,400,3086.062701
-5.779798,341,3090.962827
9.370045,300,3095.2662
5.57225,341,3100.15692
456.423249,341,3105.043018
-46.029998,300,3109.385853
1060.794855,300,3113.711701
695.635562,400,3119.450844
313.151472,162,3121.820378
232.68053,1,3121.85941
11.220811,300,3126.154021
53.838788,175,3128.675284
347.356072,400,3134.372602
405.150611,234,3137.740669
37.528724,178,3140.272257
232.557642,1,3140.311675
-18.463922,300,3144.668421
-10.855313,300,3149.000307
631.065939,300,3153.437743
647.000711,327,3158.195733
-82.403646,388,3163.838809
-38.795951,341,3168.772009
455.589764,341,3173.702733
-70.947641,153,3175.895816
297.15849,156,3178.186627
375.294954,341,3183.087203
-41.775978,341,3188.057752
51.895163,175,3190.561796
-38.948407,341,3195.650183
424.774001,341,3200.618264
13.752821,400,3206.416931
1059.363591,300,3210.744409
613.868413,300,3215.109812
902.380143,400,3221.124557
562.294042,287,3225.236105
8.019043,341,3230.246301
8.650067,300,3234.60301
-39.952558,75,3235.6999
611.874427,300,3240.035512
366.734619,266,3243.914503
694.974773,400,3249.692833
-106.936543,266,3253.601213
-41.42098,341,3258.562331
901.305174,400,3264.37316
1051.577324,300,3268.708622
233.079074,1,3268.74849
1061.366971,300,3273.080683
710.353568,300,3277.472237
690.606978,400,3283.307693
418.543396,341,3288.268461
309.299645,160,3290.585809
-6.937796,341,3295.550508
-28.681219,341,3300.499451
424.354774,341,3305.46034
232.709692,1,3305.499623
-33.836956,49,3306.222282
-16.034751,341,3311.170661
166.624911,310,3315.625526
402.805236,341,3320.529707
900.588411,400,3326.286919
1.737484,400,3332.073126
900.642109,400,3337.828998
326.765199,400,3343.601577
232.854378,1,3343.642448
232.832453,1,3343.681379
621.51082,300,3348.066599
7.755208,300,3352.421201
336.890018,400,3358.462967
317.954712,173,3361.007374
10.13772,17,3361.272876
621.584752,315,3366.045617
-9.398466,300,3370.72766
412.057488,341,3375.983992
425.514024,341,3381.030225
773.239433,386,3386.786289
68.185124,178,3389.680459
-40.624496,341,3394.834493
396.860749,341,3399.999346
901.5605,400,3406.360632
358.54634,252,3410.544313
-21.660081,341,3416.279849
782.1762,391,3422.738794
3.391665,300,3427.763968
441.655323,341,3433.434654
-28.07963,341,3439.10457
-28.371466,341,3444.856645
293.211542,152,3447.396198
2.943312,400,3454.109141
334.224779,400,3460.762139
72.55781,184,3463.724993
903.201594,400,3470.396374
381.59527,222,3474.145492
499.755492,350,3479.9518
351.342419,205,3483.353643
417.915548,341,3489.022679
-23.724352,341,3494.619622
-56.983592,341,3500.325207
233.022848,1,3500.36794
863.265064,400,3507.096598
233.051746,1,3507.139134
-18.629982,341,3512.854708
-96.789901,312,3518.03165
327.856817,400,3524.344748
1043.443891,300,3528.94575
-39.521606,341,3534.636867
-34.426305,341,3540.384807
-30.073571,341,3546.082494
233.124698,1,3546.124829
-9.035068,300,3551.120826
345.105982,178,3554.042374
325.302561,400,3560.807246
615.575228,300,3565.80952
426.488018,341,3571.491131
73.192908,178,3574.440077
202.26715,377,3580.740448
40.776315,270,3585.192791
1045.897859,300,3590.171798
5.257749,400,3596.837447
388.023211,218,3600.476124
710.891442,400,3607.240191
208.087606,1,3607.282928
358.800441,271,3611.753956
233.151283,1,3611.793252
6.942365,400,3618.375746
-37.279901,300,3623.561697
315.241064,163,3626.354495
315.149128,164,3629.072835
305.406183,400,3635.37087
323.050309,400,3642.072935
613.059971,300,3646.424663
-23.702201,341,3652.004667
-20.935975,4,3652.096602
388.846884,209,3655.582481
620.292641,300,3660.594295
621.228494,300,3665.647381
2.071737,12,3665.872453
236.522676,181,3668.918987
-20.020234,1,3668.96066
328.682495,400,3675.483758
-19.844441,341,3681.031027
1066.232843,300,3685.903778
-27.518602,300,3690.927001
395.940718,218,3694.580461
363.580531,199,3697.939954
435.871408,341,3703.54745
233.250329,1,3703.590195
-32.653787,341,3709.325761
627.021769,300,3714.106759
233.28229,1,3714.146722
1100.340452,300,3718.624436
-30.407922,341,3724.282074
319.326806,400,3730.994935
233.281348,1,3731.036949
347.375864,302,3735.725091
-15.575232,400,3741.519191
-31.642796,341,3746.553999
331.283097,400,3752.384791
-23.093601,341,3757.31143
233.28411,1,3757.3518
541.76786,370,3762.729913
284.340952,177,3765.284872
69.702373,180,3767.868104
421.026232,341,3772.770996
301.818667,165,3775.182941
54.895345,170,3777.664334
-13.235761,400,3783.433095
-29.627548,341,3788.356774
1064.016691,300,3792.741404
233.259471,1,3792.780776
233.269927,1,3792.820488
352.910891,186,3795.842306
317.324783,165,3798.378418
650.926965,300,3802.676166
305.270566,158,3804.943847
416.043554,224,3808.206494
-28.08124,341,3813.151356
425.59606,231,3816.508486
310.844806,163,3818.877897
-42.161789,400,3824.750057
-47.600961,400,3830.556441
-24.130014,341,3835.567124
-29.730015,341,3840.51345
64.866995,176,3843.063597
902.73544,400,3848.972969
28.282199,26,3849.36307
309.782487,400,3855.143522
26.218586,400,3860.987398
358.953418,188,3863.722625
1066.397587,300,3868.082427
-25.470109,341,3872.962639
4.846857,300,3877.290272
409.018254,341,3882.238226
233.241512,1,3882.277689
349.280423,183,3884.923566
-19.542626,300,3889.270864
432.407163,341,3894.191251
-21.710238,300,3898.483823
1061.595769,300,3902.802466
59.532615,177,3905.804673
-10.560518,33,3906.388779
0.563346,300,3910.886251
408.871773,341,3916.540007
426.748843,341,3922.057156
712.572773,400,3928.747393
417.979472,227,3932.534086
233.280033,1,3932.576144
713.073234,400,3939.219275
630.516911,300,3944.216908
-126.41171,261,3948.621208
270.473265,400,3955.326958
-28.035986,341,3960.54005
-13.8294,13,3960.747321
-11.801052,19,3961.04189
233.235382,1,3961.081245
233.269759,1,3961.120101
900.581875,400,3967.569531
389.674716,220,3971.272127
8.980564,300,3976.048019
674.532816,338,3981.701385
71.103341,174,3984.660602
-4.712165,300,3989.704507
-26.989893,341,3995.460067
628.972428,300,4000.448314
233.257718,1,4000.495553
-9.422532,341,4006.363192
-27.722373,341,4012.11763
343.104808,178,4015.177498
1037.858637,300,4020.243709
397.952789,267,4024.645813
-3.455862,300,4029.702225
-26.770052,341,4035.383572
903.181889,400,4042.218748
140.36256,341,4047.944109
904.730838,400,4054.730567
235.054303,1,4054.776965
9.748303,400,4061.446609
-16.673405,341,4066.596462
128.760126,400,4073.280393
-65.240751,341,4079.047035
-31.378425,55,4079.997004
480.885089,342,4085.849418
900.70144,400,4092.363097
-3.258921,300,4097.201154
635.442706,300,4102.286011
-32.128089,341,4108.0295
707.948956,400,4114.776761
-28.986824,30,4115.305482
32.456609,26,4115.762379
4.772788,300,4120.8925
-24.220591,341,4126.541654
620.336841,300,4131.610021
709.13071,400,4138.347812
1033.83023,300,4143.384402
-26.903075,92,4144.994063
435.16971,341,4150.572865
380.975018,196,4153.598384
334.120746,180,4156.642564
570.715954,290,4161.477807
321.494164,166,4164.365156
68.627307,173,4167.047356
422.426447,341,4172.580799
232.826757,1,4172.627208
7.068192,400,4179.418696
19.056876,341,4185.180208
-4.43335,300,4190.216381
418.846228,341,4195.942764
-27.260781,35,4196.584402
227.721733,400,4203.314273
-15.919038,2,4203.378489
392.761001,247,4207.655971
233.153698,1,4207.701543
71.961324,174,4210.657885
74.677841,172,4213.238202
68.218081,177,4216.197347
-27.500052,16,4216.491506
313.342089,162,4219.261835
898.907279,400,4225.952092
545.402021,279,4230.6429
-18.003546,1,4230.702413
401.490645,222,4234.467196
1050.463283,300,4239.493672
398.876815,341,4244.89394
233.191318,1,4244.939501
329.100221,400,4251.652247
394.785499,341,4257.361422
-21.618241,7,4257.505697
4.065529,13,4257.744636
-25.888517,341,4263.46921
-12.700341,300,4268.589277
347.695954,190,4271.795494
715.950687,400,4278.24396
233.014984,1,4278.289573
233.111993,1,4278.335821
466.536283,341,4284.095104
721.892635,363,4290.152955
-24.862593,18,4290.483139
-4.328062,300,4295.54526
32.429824,26,4296.001752
233.233016,1,4296.047948
-27.436149,341,4301.394892
-1.697669,300,4306.010767
380.573075,209,4309.193646
1013.383481,300,4313.719777
-28.794448,341,4319.00062
432.658774,341,4324.431407
346.243354,186,4327.332125
213.092134,1,4327.376202
355.692184,192,4330.426273
526.267213,270,4334.559116
-34.281919,341,4339.713503
219.569724,1,4339.760059
720.281345,363,4345.500137
73.762542,178,4348.324604
-21.266141,21,4348.656253
312.513263,400,4354.92742
-15.627478,6,4355.054745
-4.316734,300,4359.569782
709.139849,400,4365.890948
233.254972,1,4365.934081
407.190294,341,4371.07345
330.27403,179,4373.736298
232.964458,1,4373.783406
-32.391478,341,4378.995341
224.68582,1,4379.041505
-32.560712,41,4379.750606
-2.79134,400,4386.052494
-20.264493,1,4386.096641
342.286476,185,4388.819951
-45.525245,92,4390.407265
-28.549548,20,4390.715702
462.246793,341,4395.988726
355.305718,183,4398.707736
-10.762772,300,4403.43032
61.59618,187,4406.39118
339.27925,177,4409.056692
-11.533123,4,4409.152014
464.775573,341,4414.313439
400.280351,243,4417.941112
-29.249223,341,4423.206516
690.691006,347,4428.498088
396.15951,217,4431.846344
334.298249,400,4437.768595
-17.396701,7,4437.899082
416.968715,341,4443.191243
407.404437,232,4446.626562
1056.834486,300,4451.194576
1027.6758,300,4455.921606
7.219726,300,4460.494172
-89.710896,209,4463.590547
-6.518249,300,4468.219122
464.487458,279,4472.56537
16.426961,18,4472.847399
-39.625728,341,4478.061544
230.184184,1,4478.10502
412.228487,341,4483.235065
374.173145,197,4486.144575
-20.043639,1,4486.187371
-23.349264,22,4486.531613
702.962599,400,4492.813912
233.235726,1,4492.86066
459.464711,341,4498.723446
-46.875951,139,4501.069281
4.939076,400,4507.800665
260.04202,341,4513.321805
466.068063,341,4519.041443
233.16652,1,4519.087929
66.617443,179,4522.104711
233.052643,1,4522.150947
-40.442279,341,4527.97481
358.018214,197,4531.322863
-19.40257,1,4531.369414
-5.722225,7,4531.51514
-20.844008,5,4531.627519
19.922772,229,4535.513577
447.44942,341,4541.206755
451.277543,341,4547.005513
227.795742,353,4552.904667
344.112453,186,4556.087833
708.82815,400,4562.782423
-38.8877,341,4568.563538
37.914574,177,4571.590155
66.191163,168,4574.407574
630.025978,320,4579.896647
-87.726254,211,4583.460076
388.353077,213,4587.082587
-38.249896,61,4588.108257
58.189998,175,4591.107524
-16.034237,5,4591.21877
233.186239,1,4591.264252
326.105776,178,4594.254394
69.258688,173,4597.207829
233.253528,1,4597.254431
80.439292,179,4600.307047
411.438887,341,4605.995218
391.638457,341,4611.307703
-1.209155,400,4617.959774
-6.423002,23,4618.370041
937.170015,298,4623.367805
336.141084,400,4629.969166
364.826645,203,4633.181343
428.849561,341,4638.657198
85.120292,181,4641.608994
-35.408834,341,4647.357216
-30.50704,37,4647.979388
82.714445,179,4651.006294
84.132809,173,4653.880139
566.347626,300,4658.898562
-33.600551,341,4664.237023
1052.936647,300,4669.238287
-14.956946,300,4674.323357
233.117649,1,4674.369876
2.024681,300,4679.384767
-8.517644,300,4684.419087
75.755745,174,4687.37454
500.868939,258,4691.679302
630.510702,300,4696.375479
350.107339,188,4699.544157
-5.670986,7,4699.689372
-59.325166,103,4701.424082
-0.983205,300,4706.43976
-38.698777,341,4712.155035
1053.164137,300,4717.21165
-23.430837,23,4717.62008
-25.338618,341,4723.414968
10.167001,16,4723.704664
233.227836,1,4723.75066
1062.265469,300,4728.749798
206.682471,1,4728.793335
-30.415719,341,4734.345187
36.661371,341,4740.079805
-4.729429,400,4746.775492
-21.565375,1,4746.82148
-12.485164,13,4747.061475
1072.112882,300,4751.971551
-28.601144,341,4757.42826
-7.314864,283,4762.202162
-7.360383,6,4762.331743
-25.545293,26,4762.789599
707.033394,400,4769.572576
1088.186774,300,4774.526033
638.825084,300,4779.582187
-54.715556,170,4782.393166
1085.531236,300,4787.368208
637.676026,300,4792.441524
420.852913,341,4798.175977
616.672494,313,4803.392618
-30.061557,300,4808.447736
-34.875692,341,4813.807815
0.058626,300,4819.169193
62.918218,180,4822.20964
458.257019,341,4827.931353
330.075092,400,4834.638887
-0.057227,400,4841.388322
-48.700317,69,4842.620025
-39.206782,341,4848.348439
-34.432036,341,4854.16853
6.688188,300,4859.233742
466.831082,333,4864.82151
-2.216934,400,4871.486393
340.239321,400,4877.926437
-20.01882,2,4877.9904
712.07097,400,4884.669172
-1.667329,400,4891.435285
618.962036,300,4896.394307
326.183549,341,4902.055317
-49.987663,341,4907.874878
712.116677,400,4914.549564
359.430341,341,4920.154847
-1.78915,400,4926.961697
386.717351,214,4930.682971
-22.684829,4,4930.777913
902.117964,400,4937.279253
204.189201,386,4943.718816
1058.556566,300,4948.795762
287.986897,400,4955.471326
-6.798594,300,4960.525398
319.604685,341,4966.21712
-7.221889,300,4971.303964
232.924605,1,4971.350585
-34.277249,341,4977.152467
233.029616,1,4977.199625
693.426366,348,4983.087728
-0.181625,300,4988.178224
194.73949,329,4993.418499
391.059951,212,4996.672561
-21.363121,4,4996.779953
710.289654,400,5003.526709
434.535948,341,5009.20593
-10.600163,400,5016.059613
629.131699,300,5021.107297
5.299982,300,5026.131037
301.37512,158,5028.681124
14.152628,19,5028.975732
-63.169806,341,5034.250979
-15.900083,2,5034.3087
466.368365,341,5039.416947
321.691075,341,5044.584907
115.398144,341,5049.685024
-33.020847,341,5054.798333
1066.374586,300,5059.200553
331.050062,400,5065.289843
-18.328805,341,5070.461466
338.087376,400,5076.773027
338.335876,269,5080.792175
297.955581,400,5086.933538
375.070959,205,5089.905303
-59.058108,341,5095.171848
98.672925,341,5100.493383
232.644121,1,5100.539891
223.576329,1,5100.585862
420.926578,341,5105.786101
42.705399,178,5108.362675
449.068815,341,5113.847035
333.748355,260,5118.004288
8.489232,300,5123.059501
4.233055,300,5128.132509
433.150708,326,5133.569385
47.675356,178,5136.559164
225.807207,1,5136.605529
708.517879,400,5143.412034
630.645192,300,5148.441522
18.880827,19,5148.783033
232.787949,1,5148.829252
3.855043,300,5153.900961
0.176141,300,5158.500325
-44.71721,341,5163.699458
-21.581888,1,5163.743495
644.442782,300,5168.210756
93.006965,341,5173.627145
-33.590112,341,5178.90133
232.568393,1,5178.944522
1051.50545,300,5183.562051
232.600501,1,5183.604939
232.709875,1,5183.647384
373.303626,206,5186.811447
213.777367,385,5192.610965
-29.91915,341,5197.866641
-2.295774,300,5202.487375
-23.528361,19,5202.785279
-14.637157,9,5202.940734
341.715145,341,5208.130777
345.252672,191,5211.075706
-23.62731,341,5216.300343
2.825895,300,5220.888016
63.34949,175,5223.579259
714.178999,400,5229.542861
217.448065,1,5229.585964
-20.238413,1,5229.628025
434.368575,341,5234.774875
697.915655,400,5240.98688
-21.903336,341,5246.169102
460.303317,341,5251.255143
83.768215,341,5256.441502
224.435263,1,5256.488396
-5.517297,400,5262.553746
432.370441,341,5267.761458
-1.653361,300,5272.521449
-31.083584,341,5277.670208
175.760873,96,5279.066353
436.343937,341,5284.216697
92.480992,341,5289.429435
318.335054,341,5294.769323
317.68539,341,5300.009172
778.465781,400,5306.234676
103.150291,341,5311.475696
-25.583582,28,5311.963981
-9.316428,400,5318.31455
-11.10628,19,5318.611966
171.876669,310,5323.342089
640.217645,300,5327.979185
901.036176,400,5334.178443
1053.942503,300,5338.974068
110.133984,341,5344.254449
-8.15328,400,5350.408095
447.240488,341,5355.636538
349.264454,195,5358.972071
452.384402,341,5364.335303
-5.181546,300,5368.936079
-17.995772,1,5368.980762
359.475769,197,5372.058405
331.958552,400,5378.337399
328.468221,400,5384.503916
201.956856,107,5386.163774
111.993903,341,5391.39344
1024.284157,300,5396.074652
569.944618,295,5400.694878
643.648406,300,5405.23218
-28.972434,341,5410.552383
628.4327,300,5414.998599
-27.239509,341,5420.303759
162.651288,263,5424.419575
74.058412,341,5429.565655
-31.761834,20,5429.890195
-20.494868,1,5429.9327
629.682915,300,5434.686271
-6.203311,300,5439.350027
1042.780357,300,5443.879271
471.206428,341,5449.062688
232.549885,1,5449.105754
653.539039,300,5453.804531
751.1192,377,5459.649502
726.570734,400,5465.778231
232.376013,1,5465.824538
-0.533223,300,5470.389763
-7.361302,1,5470.436614
305.942687,341,5475.893718
635.379724,300,5480.501058
193.196552,331,5485.548698
8.64696,14,5485.810358
610.18517,311,5490.585175
-7.367573,300,5495.268004
-3.566032,300,5500.018418
8.077335,17,5500.28702
444.514781,341,5505.406228
-37.79481,341,5510.607254
-36.130351,341,5515.943231
-27.729092,341,5521.175966
232.419044,1,5521.222182
-37.89023,341,5526.490636
-40.860796,66,5527.532903
-38.501404,341,5532.627776
-25.718566,341,5537.882572
366.773593,205,5540.841523
714.946855,400,5547.053744
109.802068,341,5552.220043
-7.435436,16,5552.511889
-35.754736,341,5557.91739
3.830454,400,5563.911725
12.718649,16,5564.167557
1013.039642,300,5568.791445
-24.201272,19,5569.089215
-28.151099,341,5574.423218
361.277653,198,5577.547863
323.974035,400,5583.578484
722.711779,365,5589.051103
1.963113,400,5595.025096
33.950669,341,5600.290736
232.808904,1,5600.334346
232.769548,1,5600.376963
337.629533,400,5606.440429
1065.138666,300,5610.920621
-2.205978,300,5615.571337
367.525907,197,5618.681588
210.375729,1,5618.725288
635.076876,300,5623.269054
-36.347577,341,5628.44633
442.583553,341,5633.741644
5.866802,400,5639.87683
43.497702,31,5640.342007
3.220257,400,5646.511606
82.530815,341,5651.664047
695.01652,400,5657.76934
-16.004463,3,5657.841452
-1.122932,300,5662.454691
-21.434188,6,5662.569692
2.735211,300,5667.164782
-31.796367,16,5667.447262
200.239798,356,5672.89954
-14.030187,300,5677.517721
-39.165619,341,5682.753081
-5.781943,300,5687.312131
652.012306,300,5691.863091
63.363036,341,5697.187833
-38.527789,61,5698.193262
357.141129,193,5701.080926
-28.772245,34,5701.668656
335.530219,341,5706.837605
232.83862,1,5706.885246
730.754345,400,5712.86728
-22.589413,11,5713.052423
441.941701,341,5718.099755
232.873161,1,5718.142904
2.040694,400,5724.472928
1.473977,300,5729.460603
421.864416,341,5735.131011
439.904488,341,5740.841172
433.49902,341,5746.632328
-35.670337,341,5752.382719
232.915451,1,5752.43056
232.670001,1,5752.475628
-34.955553,341,5758.232119
-20.271063,3,5758.310892
233.026676,1,5758.357445
-6.576283,300,5763.430068
108.040135,341,5769.186488
993.838971,300,5773.766248
897.351817,400,5780.141756
430.330585,341,5785.261723
38.547665,33,5785.765678
336.561423,341,5791.316967
-22.512963,17,5791.683348
-20.139402,1,5791.730107
-25.042102,29,5792.239282
-4.058297,31,5792.817276
-28.076166,341,5798.490686
386.428768,341,5804.159376
-8.148179,300,5808.902813
716.719725,400,5815.549655
-38.896678,341,5820.929508
1075.141925,300,5825.88027
90.810556,341,5831.427871
72.045046,341,5836.499491
429.09202,341,5842.174705
335.678957,400,5848.8913
-37.566636,341,5854.435266
559.864727,300,5859.356215
-17.095325,300,5864.377393
462.773011,341,5869.929207
233.033164,1,5869.975379
-11.650242,300,5874.564648
3.039186,400,5880.833571
70.383238,341,5886.531497
211.589037,1,5886.579374
232.817913,1,5886.62484
138.070431,341,5892.376798
893.579116,400,5898.314425
232.996408,1,5898.357992
0.726938,400,5904.311166
503.827447,300,5908.902647
232.617793,1,5908.946602
-5.788225,400,5914.787471
899.498057,400,5921.33485
-1.908346,300,5926.147596
-3.586896,300,5931.04527
221.80931,1,5931.092085
366.947994,201,5934.285685
232.962423,1,5934.329445
-27.832595,341,5939.601137
643.626048,300,5944.43027
-7.239523,300,5949.390593
715.714222,400,5955.458565
61.625434,341,5960.948335
671.977546,400,5967.026316
-7.805943,400,5973.561493
-2.467776,300,5978.531935
459.05669,341,5983.982033
590.842826,300,5988.718184
1.143974,10,5988.917651
-0.196231,300,5993.659798
586.204985,380,5999.641472
-21.103215,5,5999.742487
419.443629,216,6003.019102
354.994306,195,6005.91654
67.977937,341,6011.124783
232.703251,1,6011.171159
478.807976,341,6016.383836
713.881783,400,6022.586507
232.968067,1,6022.630968
-100.935362,322,6027.451692
57.916374,341,6033.23381
159.649696,286,6038.041117
221.712866,374,6044.353042
232.967028,1,6044.400036
455.799196,319,6049.267281
-25.060777,16,6049.553785
322.980187,185,6052.328334
966.827181,300,6056.879771
233.001151,1,6056.927233
130.608773,341,6062.764271
131.886991,341,6068.521986
-7.71998,300,6073.279013
416.271588,228,6076.710205
365.061241,341,6082.466238
-30.188498,341,6087.760741
1098.128546,300,6092.827536
217.182629,1,6092.87383
7.137305,300,6097.912519
897.544155,400,6104.194871
470.669434,341,6109.654433
794.160228,276,6114.092896
-3.581064,400,6120.578901
357.532971,203,6123.989388
-8.175817,24,6124.415416
-3.915385,300,6129.472554
2.809264,300,6134.112533
335.950567,400,6140.546254
232.051295,1,6140.592556
130.664903,341,6145.836424
232.843991,1,6145.880475
-4.713626,300,6150.911579
337.024345,400,6157.605159
354.460789,200,6160.95882
897.355036,400,6167.626459
583.827389,300,6172.747692
713.363067,400,6178.890649
324.416569,400,6185.543214
610.961403,300,6190.682033
232.736895,1,6190.728118
899.067347,400,6196.917923
-35.820079,341,6202.669865
383.024609,341,6207.940758
135.600248,341,6213.774232
1016.790218,300,6218.917077
360.663785,203,6222.366096
-3.504936,20,6222.722495
426.812096,228,6226.532499
215.361436,367,6232.759503
107.530556,341,6237.959449
-3.893609,400,6244.816925
-0.371219,300,6249.880828
-3.232782,400,6256.681792
233.138055,1,6256.728125
-29.275465,341,6262.595061
-17.949978,1,6262.641343
212.460977,1,6262.686627
707.214042,400,6269.009043
371.196791,203,6272.525566
6.334283,400,6279.322395
629.01833,300,6284.417629
233.053042,1,6284.46461
338.51078,400,6291.320125
233.183362,1,6291.367024
745.413316,377,6297.173581
-4.009925,400,6303.999778
-38.393263,341,6309.556303
152.789115,279,6314.000428
215.087352,1,6314.047616
-35.523631,341,6319.824054
359.450039,196,6323.227494
964.762886,300,6327.771016
-0.927645,400,6334.562887
644.267849,300,6339.657239
379.301931,205,6343.121336
361.440987,341,6348.95362
-1.766363,400,6355.37297
399.646318,213,6358.779415
413.736479,214,6362.205632
4.383657,400,6368.536043
-3.336516,300,6373.116566
233.239663,1,6373.163301
-1.581336,400,6379.313433
629.537259,300,6383.984337
-21.672681,4,6384.071702
504.548606,300,6388.685133
233.63117,1,6388.7317
329.049596,400,6394.898828
233.211507,1,6394.942978
654.314739,334,6399.944021
554.564241,287,6404.143893
-0.351569,400,6410.172144
109.214173,341,6415.405225
437.887399,237,6419.131882
912.051999,400,6424.90352
12.456932,16,6425.156768
370.648215,191,6427.990214
-38.445264,341,6432.951349
-26.571754,341,6437.903144
-20.465594,2,6437.961209
628.383949,300,6442.285643
334.516556,400,6448.105904
-30.00382,341,6453.085119
395.316405,216,6456.238493
392.971171,218,6459.428787
22.274267,21,6459.755114
-32.587864,48,6460.49799
367.303904,200,6463.377199
2.955441,400,6469.273859
149.804251,275,6473.288222
398.60565,230,6476.7126
112.631595,341,6482.116534
232.923521,1,6482.162852
630.766705,300,6486.944443
406.205095,230,6490.359298
891.099437,400,6496.358096
530.006016,341,6501.370644
228.867906,383,6507.070426
232.847793,1,6507.116794
87.451427,341,6512.140186
663.169537,341,6517.177778
233.256697,1,6517.225019
383.313567,206,6520.228011
335.255787,400,6526.070276
627.734182,300,6530.536839
390.519144,341,6535.612489
359.7551,228,6538.975479
365.596365,197,6541.843834
78.235814,341,6546.858217
-29.959044,23,6547.240176
729.26536,400,6553.254394
118.621083,341,6558.233631
-27.774651,22,6558.572277
855.458489,400,6564.521445
77.10131,341,6569.694554
606.156201,300,6574.177384
367.53401,198,6577.092737
0.044587,10,6577.286814
522.488141,341,6582.339581
-8.12567,300,6586.80859
-22.704883,4,6586.895967
369.410811,200,6590.033741
-39.434041,341,6595.172015
-11.647367,400,6601.02738
726.639169,400,6607.028246
616.357428,320,6611.754708
-41.709435,341,6616.977508
373.535347,237,6620.501711
401.726425,341,6625.643214
-33.870406,341,6630.748093
388.908345,232,6634.335637
394.663599,233,6637.78081
512.557518,341,6642.864395
-36.876395,341,6647.929383
240.705083,1,6647.975941
-47.477338,341,6653.078532
388.332687,315,6657.689833
-43.208707,341,6662.726172
-8.048291,300,6667.160625
-7.141753,15,6667.417177
-8.939546,300,6671.971076
1052.824849,300,6676.405892
95.61913,341,6681.396379
540.749661,281,6685.596665
0.529297,29,6686.036814
801.676111,400,6692.001494
378.27553,211,6695.221596
5.382818,300,6699.676084
374.613329,244,6703.344624
654.838553,300,6707.744871
-30.311952,341,6712.837781
-8.374314,300,6717.311031
161.126298,287,6721.581665
-8.539276,400,6727.498234
-28.574947,300,6732.087002
730.347586,400,6738.147531
-42.523563,341,6743.2641
130.701586,341,6748.388784
-45.101339,341,6753.438299
-28.49737,24,6753.803494
707.174963,400,6759.710021
109.627674,341,6764.870006
896.305169,400,6770.794129
623.827537,300,6775.258018
369.767295,257,6779.127862
-39.565654,62,6780.033463
-25.672432,341,6785.113632
410.559594,341,6790.188653
203.735695,355,6795.568439
-7.198995,300,6800.082087
-23.94495,400,6805.980966
-15.193749,400,6811.948421
63.407604,341,6816.836383
122.064066,341,6821.816109
80.248429,341,6826.943574
369.476897,201,6829.941861
-20.406556,1,6829.985073
154.072024,286,6834.378067
-12.041649,400,6840.297976
-20.227971,1,6840.342269
-36.924938,341,6845.729312
733.906284,400,6852.029967
3.854775,300,6856.542476
-39.163297,341,6862.156886
233.260626,1,6862.200374
397.191052,231,6866.05418
233.247766,1,6866.100538
389.037348,220,6869.808603
1.700195,300,6874.818946
1072.101252,300,6879.817899
879.754425,400,6886.108433
-12.570957,400,6892.552243
222.694958,1,6892.607988
179.510034,319,6897.956199
-14.985829,300,6902.859631
-95.418264,231,6906.766291
-23.006161,300,6911.86597
469.079361,341,6917.107617
-20.711049,3,6917.181298
899.839377,400,6923.634139
233.005976,1,6923.680225
374.453107,341,6928.888064
148.104075,269,6933.418828
729.636743,369,6939.637652
476.737642,341,6945.290252
471.448677,341,6950.915308
363.45987,198,6953.924169
-20.834047,400,6960.693652
476.171006,336,6965.850084
-18.280533,400,6971.993055
-20.228385,1,6972.036868
439.934204,341,6977.185287
-16.931302,400,6983.860341
-18.0938,3,6983.939716
1056.879443,300,6988.844093
80.316584,341,6994.543378
233.060256,1,6994.590247
369.438091,199,6997.891056
-51.162514,300,7002.973988
365.512517,199,7006.250928
49.442041,34,7006.875286
-53.289075,116,7008.850153
708.557135,400,7014.9164
-38.01377,54,7015.703785
381.53993,200,7018.796007
-20.813502,300,7023.740633
452.854778,316,7028.723222
652.216087,300,7033.354846
50.767932,39,7034.029044
465.114146,341,7039.177251
-41.743368,341,7044.311267
635.560503,300,7049.35235
233.06612,1,7049.398565
68.145344,150,7051.956783
435.291839,341,7057.643079
367.164103,205,7061.134119
-34.070639,341,7066.876854
624.464281,300,7071.927495
230.018795,1,7071.97339
109.533525,341,7077.702621
-15.189304,400,7084.482389
71.722518,150,7086.967626
7.021945,36,7087.594217
233.251926,1,7087.64169
-27.939584,300,7092.636501
728.994737,400,7099.277252
-10.75141,300,7104.228638
-26.966023,341,7109.926135
233.265661,1,7109.971879
233.211251,1,7110.01698
-12.234608,300,7115.132817
96.818335,341,7120.831178
1.132307,10,7121.07047
1070.435562,300,7125.957403
-20.812111,1,7125.999782
54.228426,120,7127.808682
437.392621,341,7132.963114
233.263989,1,7133.006296
-22.240605,341,7138.063351
369.588078,201,7141.121843
-8.059781,300,7145.676022
178.632532,322,7150.591945
-36.558309,341,7155.765578
233.094674,1,7155.809329
73.702034,152,7158.101536
229.68786,382,7163.958692
-18.877478,13,7164.200572
-27.699828,341,7169.533349
370.897198,206,7173.040131
232.815649,1,7173.08567
233.220616,1,7173.131407
-5.467557,300,7178.154732
-24.498237,341,7183.642712
707.099639,400,7190.34134
699.562414,400,7196.94435
372.631277,210,7200.417516
209.469226,1,7200.464093
-21.833012,99,7202.143259
-38.435372,71,7203.4388
-5.517995,25,7203.873634
326.178027,400,7210.630839
-22.581628,8,7210.792427
-22.303171,341,7216.034057
217.424,1,7216.077226
-5.542646,400,7222.48048
410.748503,341,7228.182384
233.097953,1,7228.228315
690.179085,352,7233.744047
629.973176,300,7238.56363
241.196516,400,7245.355037
-2.995605,400,7251.558433
480.661516,341,7257.037297
73.09319,155,7259.580173
85.561939,341,7265.32655
490.932211,341,7271.075439
-6.179446,300,7275.802394
-8.324442,400,7282.128437
233.268268,1,7282.174458
235.578917,393,7288.789244
-22.79541,17,7289.104849
-27.154079,10,7289.302177
-31.637612,341,7295.07063
674.237507,343,7300.707973
-21.409959,4,7300.803729
73.811654,144,7303.261632
737.88101,372,7309.554023
-24.349466,14,7309.814535
414.063026,239,7313.665374
469.381539,341,7318.651766
362.286559,190,7321.953487
468.865795,341,7327.703387
-14.640692,13,7327.944716
896.906966,400,7334.477773
395.665273,341,7340.147075
331.76909,400,7346.840145
421.567235,341,7352.662832
709.204982,400,7359.258739
470.693694,341,7365.050812
8.755395,300,7370.063337
-38.057769,341,7375.236379
108.875896,400,7381.404316
367.43641,200,7384.774674
-24.792051,341,7390.518999
331.505482,341,7396.092815
-20.236971,1,7396.137037
-20.108038,1,7396.1806
-4.464022,300,7400.874334
74.767338,156,7403.466958
26.355811,25,7403.914267
-23.342649,341,7409.706427
518.368866,299,7414.765023
710.000161,400,7421.384454
352.896365,249,7425.531554
625.116447,300,7430.544699
-30.265349,341,7435.852659
-24.723182,20,7436.216939
714.714998,400,7442.780352
398.218606,341,7448.50354
233.235772,1,7448.550671
-36.118459,341,7454.298315
726.641493,400,7461.093121
-22.557586,341,7466.868061
-5.901465,300,7471.901906
1.171763,400,7478.595746
-5.134904,300,7483.691453
397.343334,341,7489.451056
60.297507,38,7490.08946
93.69976,341,7495.385499
729.160925,400,7502.207081
-18.087381,4,7502.302252
455.632186,283,7507.063101
36.038359,155,7509.360077
-20.233038,1,7509.40628
-33.627191,341,7514.834184
726.448235,400,7521.678298
1.670726,400,7528.35886
357.562826,400,7535.004772
353.621867,400,7541.553103
9.780171,300,7546.251771
-4.613087,300,7550.999972
-6.085343,300,7555.895621
224.476626,354,7561.842844
404.155419,209,7564.923506
-35.839335,341,7570.797655
897.635532,400,7577.610912
432.572109,341,7583.203697
18.003206,18,7583.526012
410.047043,214,7587.173534
361.116495,341,7592.883167
106.461306,341,7598.57559
895.299985,400,7605.283103
217.742843,1,7605.328868
218.022516,1,7605.374388
358.323842,400,7612.073006
8.492992,300,7616.864934
887.032852,400,7623.527113
-40.214276,341,7629.293807
-7.37176,300,7634.294484
427.873323,341,7639.259461
392.491274,217,7642.937644
596.692152,305,7647.962568
9.019015,300,7652.827586
233.246115,1,7652.873798
-3.013816,300,7657.868673
555.413862,287,7662.677675
913.75282,400,7669.381893
70.444982,341,7674.873717
1030.475828,300,7679.89884
1077.037281,300,7685.011621
704.230692,300,7690.026327
-4.07976,17,7690.33799
-0.68601,400,7696.587874
535.000029,276,7701.385129
-28.515558,341,7707.143825
9.49643,300,7712.199332
731.740641,400,7718.820435
431.944595,341,7724.518333
725.671007,400,7731.021133
9.166286,300,7735.536838
649.516889,331,7740.948284
890.270482,400,7747.685178
-26.599981,341,7753.239956
-4.132015,400,7759.910296
856.994105,400,7766.632939
894.29372,400,7773.314547
-25.870112,341,7778.983328
-47.532594,341,7784.352036
738.978395,300,7789.396677
233.171682,1,7789.44343
67.071262,341,7794.409752
551.781491,300,7799.426641
660.698728,334,7805.053327
39.246726,28,7805.473377
988.15219,300,7809.91675
1053.946613,300,7814.405809
436.95736,341,7819.376482
1027.760185,300,7824.064593
-27.950009,47,7824.814062
-1.952352,10,7825.008975
340.975236,400,7831.105853
436.116292,341,7836.592941
233.252678,1,7836.638727
-2.358014,400,7843.381312
-3.963522,8,7843.542948
-20.504163,3,7843.621694
406.435912,209,7846.940658
65.14462,341,7852.462519
-6.779035,23,7852.840827
5.861857,300,7857.792567
360.457418,400,7864.465522
-6.708833,300,7869.504834
351.813097,400,7875.783336
297.947709,400,7882.183802
449.382169,341,7887.534422
361.65648,400,7893.963411
-51.325062,341,7899.321459
-38.521415,341,7904.549582
12.400998,300,7909.105187
13.786468,300,7913.706625
9.857153,300,7918.386288
113.148509,341,7923.627479
398.653598,205,7926.853392
-45.998199,341,7931.945197
434.443975,341,7937.232485
455.506229,341,7942.362883
0.950873,400,7948.368789
-7.970528,400,7954.370349
-9.744332,300,7959.06898
467.699135,341,7964.340999
-6.112101,400,7970.408701
432.731193,341,7975.642361
386.697634,200,7978.655782
-51.516186,341,7983.923502
-3.948638,400,7989.926154
398.696215,205,7993.357932
-14.843788,300,7998.259648
346.488011,400,8004.317107
593.819115,300,8008.81269
-46.837938,341,8013.980969
370.904544,202,8017.249094
233.200548,1,8017.292713
259.658417,152,8019.483727
721.14559,400,8025.733552
289.265395,400,8031.815187
-37.014503,59,8032.709261
423.392595,341,8037.827998
422.572785,341,8043.197469
113.994581,341,8049.019841
1005.695793,300,8053.631335
448.562898,341,8059.146951
725.061451,400,8065.924173
717.646847,400,8072.314676
611.327203,313,8077.552383
-9.202663,300,8082.524973
30.257347,291,8086.969662
232.996705,1,8087.017381
-3.71765,8,8087.177663
-22.707228,2,8087.240875
118.070645,341,8092.945615
-8.942944,400,8099.459142
-9.762822,400,8106.19055
445.794998,341,8111.893484
233.168717,1,8111.937249
-8.063927,400,8118.130982
556.146894,362,8124.29471
-45.536413,341,8129.859496
427.058528,341,8135.501948
233.280469,1,8135.547937
110.663199,341,8140.73315
703.232964,400,8146.803434
-43.331011,341,8152.564519
446.753349,341,8158.304333
-43.422996,341,8163.808467
-27.69613,341,8169.529328
608.454094,309,8174.419786
233.245831,1,8174.464732
99.507117,341,8180.128862
-0.605365,35,8180.737447
630.463623,300,8185.793993
-22.687222,11,8186.005945
422.814581,251,8189.980923
-54.83749,341,8195.663014
12.868026,300,8200.244606
0.479422,300,8204.801499
-16.811571,6,8204.916806
100.785495,341,8210.13515
-6.669,300,8214.607944
54.9533,341,8219.795721
602.04465,300,8224.431536
-62.018739,341,8229.501324
386.576641,201,8232.744159
-42.409187,73,8233.96608
-0.253422,400,8240.300853
432.3311,341,8245.475721
221.79128,1,8245.521744
203.990374,329,8250.490224
208.592445,1,8250.53656
519.095466,400,8256.559372
-14.020219,5,8256.658769
895.217451,291,8261.019832
75.355151,151,8263.342108
421.703196,341,8268.391384
587.36146,400,8274.517775
494.678399,341,8279.864458
-39.603558,341,8285.149979
-20.800413,12,8285.3457
-12.819788,300,8289.941337
-34.038068,341,8295.170027
595.065012,400,8301.300645
454.2017,341,8306.337406
-18.094112,7,8306.464937
233.268234,1,8306.508445
-1.930125,400,8312.560383
384.837474,198,8315.455469
233.263521,1,8315.501176
617.878977,300,8319.968979
233.279488,1,8320.012181
110.964453,341,8325.12544
421.101055,341,8330.146075
233.251473,1,8330.189236
381.087402,208,8333.448917
-1.987654,11,8333.634419
110.381505,341,8338.941963
233.266248,1,8338.985573
759.168185,400,8344.936277
-41.156238,341,8350.173205
38.511306,31,8350.652023
-35.002796,75,8351.850025
896.393592,400,8358.059223
720.820374,368,8363.512236
1029.601305,300,8368.048016
233.23344,1,8368.091492
216.42402,1,8368.134331
40.41825,36,8368.676873
-22.298694,9,8368.837331
-21.292117,1,8368.881028
1037.510124,300,8373.609086
-25.096589,341,8378.854644
1058.217133,300,8383.617872
-20.170265,1,8383.664019
605.073066,393,8390.141211
-34.811546,341,8395.87551
115.616342,341,8401.126472
303.68949,400,8407.817058
639.373765,300,8412.617622
113.875246,341,8417.738001
233.180611,1,8417.781492
1057.827231,300,8422.379151
-34.631367,341,8427.860497
-8.619946,300,8432.600195
693.026134,300,8437.527374
790.993111,398,8443.741263
628.213791,300,8448.472646
-36.190879,341,8454.060171
-4.478891,400,8460.324692
901.805853,400,8466.960502
627.079134,300,8471.905167
233.257277,1,8471.951888
560.724248,287,8476.328314
-4.665456,400,8483.067792
394.976553,274,8487.672355
-22.272929,10,8487.898437
428.446679,341,8493.40671
423.069754,341,8499.11207
476.0579,341,8504.897718
-18.559094,93,8506.501436
6.744303,300,8511.341851
496.445493,341,8517.073217
731.021697,400,8523.573071
302.054431,400,8530.345422
639.710376,300,8535.005259
-38.220174,341,8540.519759
433.86196,341,8546.141892
434.91935,341,8551.736372
-25.041799,341,8557.536995
-18.044956,4,8557.631933
590.132462,300,8562.6567
-23.163303,14,8562.91904
10.265158,300,8567.802438
232.803034,1,8567.848833
10.77761,400,8574.449918
381.422438,341,8579.940519
481.793555,341,8585.561213
-20.432129,1,8585.607752
633.346392,300,8590.639874
443.182003,341,8595.926515
112.837577,341,8601.658936
1074.194477,300,8606.667236
233.251091,1,8606.714139
-32.171062,341,8612.337685
1.430129,400,8618.916466
424.339892,341,8623.969225
-10.922513,300,8628.642946
450.955852,341,8633.864433
210.641389,322,8638.754628
-3.45827,33,8639.247048
432.427615,341,8644.338684
11.634436,300,8649.031024
727.391818,400,8655.373963
233.172134,1,8655.420599
0.11871,400,8662.099776
233.227826,1,8662.158285
349.106132,400,8668.745734
1061.296394,300,8673.439443
-27.617134,341,8678.761085
122.423548,341,8684.443719
432.694594,341,8690.120083
3.289439,400,8696.663092
-22.778936,341,8702.336881
233.191817,1,8702.383229
0.919417,400,8709.136993
565.012395,368,8715.192633
889.119309,400,8721.326231
470.231763,341,8726.967251
354.033936,400,8733.67526
0.630396,300,8738.083001
-17.369218,5,8738.182802
-38.832405,341,8743.483606
233.257052,1,8743.530087
875.300047,400,8750.142275
-7.419381,400,8756.77112
639.368218,300,8761.734964
731.998207,400,8768.441233
217.221056,1,8768.487574
894.617626,400,8774.806216
117.694922,341,8780.264497
0.666134,300,8785.252635
1068.258558,300,8790.215827
2.623849,400,8796.985675
9.991146,300,8802.039198
425.872337,341,8807.125246
233.05679,1,8807.171638
645.053527,300,8811.974475
1052.914432,300,8816.989976
11.860949,300,8821.831793
-0.672527,400,8828.467818
449.200126,341,8833.665179
213.017358,319,8838.515782
226.526117,1,8838.63396
621.768992,300,8843.216355
197.214435,105,8845.020444
302.179817,158,8847.600067
466.203618,341,8853.162191
-29.489899,341,8858.99527
423.454526,341,8864.595136
-84.492151,341,8870.146819
400.051524,213,8873.688128
208.246602,1,8873.734469
394.429222,207,8877.26441
233.129585,1,8877.310625
122.998731,341,8883.02032
233.216961,1,8883.066777
624.123821,300,8888.081158
1.840713,400,8894.680404
404.198452,211,8897.962164
417.325826,341,8903.17975
495.938468,341,8908.971194
213.922028,1,8909.01745
1069.956774,300,8914.231084
392.63472,205,8917.668947
496.761047,341,8923.4094
126.33071,341,8929.18503
730.469817,400,8935.811095
-37.949361,341,8941.514295
-14.962518,9,8941.691029
578.158282,341,8947.401092
-30.203369,341,8953.245891
831.517377,300,8958.321307
202.71355,330,8963.866624
719.46945,400,8970.542056
-0.009834,400,8977.335451
99.247389,341,8983.06312
-21.357912,341,8988.915338
400.572695,206,8992.238906
212.927089,1,8992.286515
514.413816,352,8998.188392
897.669863,400,9004.424558
10.832449,300,9009.525777
894.357839,400,9016.507476
24.251297,25,9016.953317
12.379814,300,9021.546631
233.264547,1,9021.593765
4.752488,400,9028.310876
125.821328,341,9034.031308
-24.276258,341,9039.342862
394.4981,204,9042.481988
-29.86457,341,9048.231487
623.862401,300,9053.1288
488.708031,341,9058.358743
3.171501,11,9058.544648
28.906383,24,9058.910806
-25.413843,341,9064.101061
-5.204918,300,9068.694061
496.120684,341,9073.987503
1.000755,400,9080.073969
-10.288487,300,9084.66774
-25.235281,10,9084.840161
381.767263,223,9088.344015
484.027533,341,9093.523426
630.892509,322,9098.392623
388.773337,200,9101.310678
-34.474202,341,9106.465626
-38.295111,341,9111.593204
46.730819,35,9112.215424
-36.166768,341,9117.383828
392.57481,203,9120.445524
233.233011,1,9120.488599
-21.657864,1,9120.532343
-8.948531,300,9125.248441
384.719953,199,9128.253672
-62.78298,148,9130.444357
1070.019781,300,9135.085093
9.941654,300,9139.594594
474.18659,341,9144.809685
132.070036,341,9150.019798
-30.936356,341,9154.976767
200.861512,316,9159.746033
9.883047,36,9160.274553
724.233495,369,9166.035944
-29.536424,341,9171.387448
-9.388278,300,9175.982592
-3.970044,400,9182.100907
133.041433,341,9187.491174
555.221494,373,9193.379562
-37.480518,341,9199.033462
380.705235,198,9201.898527
-16.216752,300,9206.547118
-62.658376,341,9211.750304
639.494073,300,9216.315953
-32.824824,341,9221.378627
730.420578,400,9227.345547
382.894506,198,9230.427134
-29.806696,341,9235.686826
280.66671,147,9237.890314
233.1784,1,9237.934334
384.895205,199,9240.835106
624.105697,300,9245.402498
31.972285,341,9250.716549
1050.481289,300,9255.671249
-34.611648,341,9261.40798
-1.915287,400,9267.598838
-32.114218,341,9272.838125
652.666091,300,9277.403097
372.822617,193,9280.478976
378.873637,341,9285.588153
-36.60914,30,9286.049058
-26.171673,341,9291.28685
338.403781,400,9297.254528
440.564062,341,9302.389416
228.626996,1,9302.435889
12.546026,300,9306.857175
1046.974673,300,9311.6445
3.568786,400,9317.807961
2.172622,400,9323.786526
135.105566,341,9329.150418
-11.607735,300,9333.786479
233.279015,1,9333.832848
1053.97949,300,9338.444553
-21.393091,6,9338.57354
-16.014866,3,9338.653148
531.774803,276,9342.670932
374.843465,206,9345.708551
441.56234,341,9350.97223
417.41136,224,9354.517267
895.04661,400,9360.599006
892.243258,400,9366.640674
122.072704,341,9372.051971
232.946896,1,9372.097847
782.700957,270,9376.361312
-6.069582,300,9380.970409
233.078621,1,9381.014058
251.422076,132,9383.02336
233.199108,1,9383.069845
1063.60238,300,9387.489862
110.671247,341,9393.275012
617.062033,316,9398.715499
-35.469642,341,9404.393138
233.264676,1,9404.440547
433.181659,341,9410.341914
233.215051,1,9410.389114
-20.394876,1,9410.436015
233.020815,1,9410.481278
644.484185,328,9415.811972
-25.010673,341,9421.60831
-28.678507,341,9427.290736
67.669916,341,9433.203213
-18.969201,300,9438.159026
-31.254719,341,9443.536992
-40.903187,341,9449.346769
623.601055,300,9454.224027
414.471673,223,9458.092273
646.025845,327,9463.373835
588.535031,300,9468.463498
380.611056,197,9471.610166
-5.974749,7,9471.737749
447.498961,315,9476.994803
220.126693,1,9477.055591
119.190981,341,9482.660175
233.16502,1,9482.706698
235.615089,349,9488.565696
233.204326,1,9488.612371
-40.760428,65,9489.751979
897.577363,400,9496.536041
-25.56198,341,9502.245372
-26.559814,341,9508.020343
83.699141,51,9508.898378
418.010032,272,9513.032757
-4.730346,300,9517.698461
233.227364,1,9517.744441
425.456949,341,9523.037989
590.797494,301,9527.856639
365.633818,400,9534.219719
-4.620054,300,9538.789726
82.072391,341,9543.898549
205.479867,331,9549.183277
-2.838075,400,9555.285513
392.575988,203,9558.354733
706.052231,400,9564.74581
233.121543,1,9564.792623
-24.746091,341,9570.232776
-28.689075,341,9575.378138
2.407466,300,9579.906348
515.087796,344,9585.302201
388.367883,202,9588.336708
523.359182,356,9594.311083
9.583739,36,9594.932175
1073.008975,300,9599.658736
430.709544,341,9605.469952
717.721071,361,9611.576011
-3.508355,400,9618.302791
358.062582,400,9625.111841
-22.608691,341,9630.955605
371.404774,400,9637.765449
-27.330032,341,9643.562172
233.250494,1,9643.608645
34.123619,266,9647.87128
-25.98267,341,9653.015266
-30.219556,341,9658.850273
714.215083,400,9665.690155
12.776681,16,9665.98597
643.671187,300,9671.027061
-28.05902,341,9676.830625
-19.421772,1,9676.878306
895.324359,400,9683.669086
48.808782,167,9686.480299
-24.985905,341,9692.313728
107.158094,341,9698.109418
554.441169,285,9702.975571
-28.00497,341,9708.848488
744.347181,375,9715.230117
410.753998,228,9719.156374
408.24367,210,9722.734394
109.874747,341,9728.53456
-24.176913,12,9728.761372
-20.205066,1,9728.808177
512.831858,341,9734.601694
404.32667,213,9738.191088
-0.59996,400,9745.067378
479.556888,341,9750.855112
127.808563,341,9756.625771
-23.710697,341,9762.484544
4.078015,42,9763.216288
-28.705789,341,9768.995144
-5.637535,300,9774.132466
-25.325306,341,9779.930593
-25.501549,341,9785.783525
495.873689,341,9791.547636
-1.139014,300,9796.701527
404.550065,208,9800.311206
-23.418803,14,9800.605461
191.580986,294,9805.594359
-3.080853,400,9812.487416
124.743453,341,9818.281483
-20.526719,17,9818.592065
489.205017,341,9824.399301
638.673687,300,9829.489513
-34.048229,46,9830.294511
969.483026,300,9835.341476
44.315658,269,9839.910169
400.757469,206,9843.427624
503.197065,341,9849.284152
435.240041,341,9855.06052
-9.408927,5,9855.173003
1059.675303,300,9860.265246
95.623728,341,9866.019942
423.776441,234,9870.158932
580.420478,300,9875.287622
112.141004,341,9881.161067
893.37585,400,9888.069543
-34.83449,57,9889.045284
618.051173,300,9894.229178
369.034026,400,9901.004201
639.81824,386,9907.599692
436.735544,341,9913.393095
199.612641,348,9919.355256
659.608812,300,9924.452524
394.422047,205,9927.973864
430.58394,341,9933.764979
703.645291,400,9940.567202
-22.44826,9,9940.747849
0.949326,300,9945.846313
119.713656,341,9951.637062
21.017248,20,9952.003425
211.457982,315,9957.425678
388.476518,201,9960.860821
0.690604,300,9966.038578
382.446648,199,9969.465941
487.320497,341,9974.977582
-1.140545,300,9980.229704
97.545587,341,9985.975644
384.562924,210,9989.565563
1063.534131,300,9994.604938
0.981505,300,9999.795782
-23.597495,341,10005.508841
3.992451,300,10010.642557
-33.706986,341,10016.379846
110.080331,341,10022.097073
484.276849,341,10027.788106
10.195301,15,10028.066372
233.251744,1,10028.112546
720.891406,400,10034.552869
1068.637511,300,10039.657246
702.731664,400,10046.419955
-6.75655,300,10051.564579
888.147199,400,10058.277936
233.29565,1,10058.324177
-19.488024,1,10058.368686
1054.388071,300,10063.411925
-7.261771,300,10068.533694
494.030117,341,10074.338684
-28.397766,35,10074.973719
233.298103,1,10075.019804
640.075767,300,10080.152946
381.31342,400,10086.930112
128.274287,341,10092.512645
742.503064,382,10098.88727
467.510816,341,10104.639849
646.824698,300,10109.766822
2.289386,400,10116.581917
398.435323,205,10120.033089
421.554553,341,10125.341993
0.754829,300,10130.466343
-25.339884,341,10136.261138
441.932426,341,10141.950069
912.641875,400,10148.78528
-28.606815,341,10154.209512
637.939244,300,10159.273808
-6.724151,400,10166.055156
18.243603,19,10166.402806
-28.242903,341,10172.228097
1057.052238,300,10177.319541
388.449488,201,10180.812311
498.09771,341,10186.621766
496.564431,341,10192.345203
-14.899559,13,10192.592954
1086.520778,300,10197.646935
-18.035885,4,10197.743429
639.732951,300,10202.775879
527.740725,353,10208.845395
-15.766073,2,10208.907627
-0.078599,400,10215.233218
-43.891856,285,10219.721346
-20.101802,1,10219.768392
233.028715,1,10219.813521
16.550751,18,10220.133664
211.944599,1,10220.180728
683.93682,400,10227.001253
-29.157719,341,10232.742997
441.235871,341,10238.282808
-20.585414,1,10238.32605
35.432278,255,10242.367192
327.409955,400,10248.445601
373.397433,400,10254.709282
-0.289043,400,10261.201093
238.04651,1,10261.247388
-5.836315,300,10265.905241
-35.472779,341,10271.259224
19.012076,19,10271.60246
693.233856,353,10277.561277
688.632891,349,10282.949023
116.085461,341,10288.321713
372.35755,204,10291.624601
291.101711,182,10294.307321
-30.298131,13,10294.54509
4.589372,300,10299.323845
121.337466,341,10304.591543
233.208503,1,10304.638397
-5.181017,400,10310.923379
424.077771,341,10316.287675
0.111891,400,10322.611247
362.140171,400,10328.650837
233.297792,1,10328.694011
722.95038,400,10334.679449
-8.139153,400,10341.247936
-26.542764,341,10346.583782
718.542362,400,10352.51585
40.175895,238,10356.119462
358.248782,203,10359.060896
383.102083,400,10365.307123
433.122429,341,10370.361286
6.003442,300,10374.822532
355.531627,194,10378.103347
95.846834,341,10383.402942
44.780343,33,10383.906564
398.32042,207,10387.008912
124.139207,341,10392.050904
414.869305,341,10397.409288
233.289599,1,10397.45559
731.231727,400,10403.720404
396.431316,204,10406.988059
233.271636,1,10407.034786
755.329394,399,10413.383972
-25.399944,15,10413.625564
-14.952152,9,10413.784506
465.17951,341,10419.425261
385.105451,400,10426.25691
463.453755,341,10431.957461
1061.596769,300,10436.570118
1105.561734,300,10441.265109
380.611936,196,10444.222628
392.699089,400,10450.297413
-25.176052,341,10455.566867
-22.752739,12,10455.796802
-26.328254,341,10460.99548
120.027065,341,10466.192697
989.61413,300,10470.699696
234.902618,1,10470.746748
-29.127583,341,10475.945378
434.456485,341,10481.226609
239.773375,1,10481.272898
382.513122,198,10484.193486
-21.401393,5,10484.29292
61.297418,195,10487.369709
478.391934,341,10492.508523
485.120328,341,10497.765327
460.385771,341,10502.882978
383.766093,203,10506.073608
38.568805,29,10506.515233
218.749975,311,10511.2014
143.110659,341,10516.422501
233.296197,1,10516.466046
634.625212,300,10520.912799
-7.71875,300,10525.45924
8.806123,300,10530.147973
35.533956,306,10535.247455
888.150847,400,10541.63994
233.267707,1,10541.685693
291.219324,391,10547.692056
504.688735,341,10553.128317
541.815884,400,10559.457547
233.263157,1,10559.501318
-4.620062,17,10559.771552
-63.502021,175,10562.671565
-34.268138,341,10568.409443
-29.571599,341,10573.66023
-9.017384,300,10578.614198
127.867306,341,10584.351281
-1.808701,400,10591.006103
10.614658,37,10591.684254
-31.716287,341,10597.44534
-21.561667,341,10602.953206
494.050702,341,10608.724526
45.579826,32,10609.383516
233.243437,1,10609.430599
-18.99008,300,10614.371398
629.121874,300,10619.450553
-21.205759,341,10625.117888
-21.438484,341,10630.690725
479.327822,341,10636.264877
7.348699,400,10642.777691
374.450612,400,10649.154748
501.209853,264,10653.484948
-8.550354,400,10659.815543
-14.139388,300,10664.73842
-28.803616,225,10668.449498
-6.426785,300,10673.285654
208.516173,1,10673.33319
143.998598,341,10678.938459
-99.902965,275,10683.552824
-13.666929,3,10683.632804
-34.802045,341,10689.415341
202.004485,297,10694.009867
-5.740217,300,10698.428517
-25.504515,341,10703.659438
493.577284,341,10708.701446
2.261375,400,10714.972833
-23.619574,341,10720.681807
212.264945,1,10720.728816
122.334399,341,10726.51222
2.059249,400,10733.178907
-20.233462,1,10733.225527
473.506238,341,10738.937102
379.631834,400,10745.444629
-8.656783,300,10750.350136
908.379196,400,10756.505155
233.223248,1,10756.550831
-29.498304,341,10762.375411
-14.689234,300,10767.538333
505.141259,341,10773.360455
380.413024,198,10776.733856
233.267565,1,10776.781018
601.094848,308,10781.978756
709.0473,400,10788.337822
233.278182,1,10788.381545
430.673094,341,10793.911842
376.567884,195,10797.254208
31.330576,25,10797.691687
385.70248,400,10804.504491
233.260597,1,10804.551045
374.490295,196,10807.930769
108.014644,341,10813.42289
408.035196,214,10816.804771
-26.401956,36,10817.423457
378.776811,400,10823.975848
108.369815,341,10829.489433
217.358357,1,10829.535879
724.032393,400,10835.879256
402.433723,210,10839.203885
0.898578,300,10843.868268
233.27146,1,10843.911648
124.860204,341,10849.381569
365.580409,198,10852.719337
22.503934,21,10853.098879
418.55476,341,10858.83216
233.276024,1,10858.878534
695.110975,400,10865.677196
-21.157969,7,10865.821751
0.885452,300,10870.751589
728.089445,400,10877.280106
-24.481307,15,10877.562738
233.2925,1,10877.610036
344.395552,279,10882.36834
-20.604918,17,10882.676395
888.081066,400,10889.386491
422.238599,219,10893.068357
111.215563,341,10898.832452
-2.871952,300,10903.710516
-39.669875,75,10904.832894
427.89706,341,10910.318793
-20.105859,1,10910.363903
426.446601,341,10916.063184
1077.7352,300,10921.139555
479.105364,341,10926.970099
135.354782,341,10932.764406
233.295197,1,10932.811713
115.430899,341,10938.144971
903.964657,400,10944.872691
467.062139,341,10950.716249
1.932573,300,10955.733793
-6.174749,400,10962.469101
1059.878271,300,10967.621634
418.939787,229,10971.496816
-67.235402,150,10974.053185
8.612602,300,10979.108794
392.405278,400,10985.872119
337.341229,329,10991.423373
-49.833798,89,10992.952086
233.232502,1,10992.999501
692.918683,353,10998.467176
41.199839,30,10999.017026
374.637061,195,11002.110898
-28.858294,341,11007.762749
708.61494,400,11014.421513
-4.750415,400,11020.856789
439.518889,341,11026.328615
462.42134,341,11031.934629
-21.867976,1,11031.981336
1.430887,400,11038.492769
-32.601005,32,11039.033747
591.441648,382,11045.147799
-74.219901,145,11047.41778
718.151807,400,11053.75284
-6.84443,20,11054.090481
-43.18112,341,11059.604693
503.525936,341,11065.218204
925.004519,400,11071.967285
373.704525,400,11078.781833
233.254449,1,11078.829461
1054.997684,300,11083.920675
-11.588554,4,11084.016959
206.548103,1,11084.077974
233.16728,1,11084.124023
1091.667459,300,11089.144659
-27.098296,341,11094.888901
-27.816856,341,11100.313653
137.900525,341,11105.951545
119.480514,341,11111.778627
-14.67884,5,11111.892195
-0.825792,400,11118.005156
133.476988,341,11123.745868
710.40215,400,11130.450671
900.183519,400,11137.077434
0.117601,300,11142.027868
373.009955,192,11145.347578
7.599039,300,11150.465539
120.085868,341,11156.118287
-7.054197,400,11162.884133
-21.436579,1,11162.930099
1045.23629,300,11167.93873
233.215741,1,11167.985748
241.144071,400,11174.445771
233.128959,1,11174.489138
646.355134,300,11179.264931
520.8118,341,11184.942626
226.178598,1,11184.986883
-27.604564,341,11190.459114
-3.968045,8,11190.601856
1.551791,300,11195.468441
420.540635,341,11200.989915
-8.248741,400,11207.600602
396.737108,204,11211.047343
-22.640145,341,11216.014088
39.435966,29,11216.514207
717.106954,400,11223.234548
119.745345,341,11228.539501
116.324814,341,11234.362765
-18.002799,1,11234.41009
0.583766,300,11239.75618
-14.384607,300,11244.572836
235.374573,1,11244.61993
368.782069,190,11247.8088
639.235594,300,11252.870124
36.558898,28,11253.365494
675.454485,343,11258.775074
-0.443168,400,11265.236796
-18.000879,1,11265.282867
-27.978169,341,11270.998517
219.543335,1,11271.045349
133.001163,341,11276.769454
618.296149,300,11281.892063
429.177223,341,11287.502136
-37.735248,341,11293.274319
-2.334545,300,11297.811608
-41.143434,341,11303.674641
-24.227874,341,11309.124111
720.345116,400,11315.354295
-33.262902,341,11320.561951
1.297629,400,11326.763598
-18.971701,1,11326.809685
-0.308474,300,11331.536009
-0.002115,13,11331.777064
-12.967646,300,11336.407144
116.41973,341,11341.591197
233.262829,1,11341.634798
144.859784,341,11346.903401
145.110313,341,11352.164158
360.96326,186,11355.191923
233.291357,1,11355.236705
-26.584653,341,11360.461438
278.421881,387,11366.162514
-34.02797,341,11371.392353
24.246354,23,11371.757682
635.057182,300,11376.434667
208.544933,1,11376.478755
20.996216,20,11376.805907
343.757926,185,11379.65959
387.850748,207,11382.851071
362.820666,188,11385.677297
-26.129242,341,11390.871558
470.285504,341,11396.049861
546.381696,281,11400.393204
501.756521,341,11405.556779
589.613582,290,11410.080097
114.422939,341,11415.652957
455.142754,341,11420.936982
895.29436,400,11426.915164
697.48436,400,11433.229758
364.703672,190,11436.131227
0.030275,300,11440.703727
375.61966,202,11443.819141
-28.88694,341,11448.980046
126.687976,341,11454.2291
151.739078,341,11459.39523
134.969407,341,11464.680327
233.245501,1,11464.723596
-44.433027,341,11470.137174
789.412231,270,11474.332528
717.568074,257,11478.234711
-10.019307,300,11483.367134
461.485846,341,11488.927758
398.57928,206,11492.220224
-31.536833,341,11497.827308
-23.403049,341,11503.512158
362.831197,189,11506.737213
-84.820886,392,11513.274601
233.213888,1,11513.321319
14.17049,19,11513.666754
316.264861,226,11517.311502
-46.588466,70,11518.543199
378.502478,400,11525.16733
3.885754,400,11531.641397
233.28307,1,11531.687918
-26.628974,341,11537.328057
129.208717,341,11542.963265
634.33461,300,11547.974102
233.284941,1,11548.019867
-28.300635,341,11553.850097
525.25512,270,11558.469181
455.631848,341,11564.209379
444.958952,341,11569.878543
-30.189866,341,11575.706793
1.891537,400,11582.447805
-14.083128,300,11587.623586
464.129898,341,11593.422679
-25.059951,22,11593.823879
75.739854,173,11596.808312
-11.151434,300,11601.918483
2.69007,300,11606.926
-31.36843,341,11612.867647
-9.486128,300,11618.05984
431.073042,341,11623.732214
777.499636,268,11628.33167
-21.104848,1,11628.378051
-41.17712,341,11634.235571
2.078798,11,11634.451222
-35.033122,341,11640.26605
233.261684,1,11640.312262
233.277931,1,11640.358214
-25.259342,341,11646.029956
112.213969,341,11651.823992
135.591744,341,11657.642837
233.289613,1,11657.690267
9.739434,300,11662.786392
1.961778,300,11667.92719
207.063778,297,11672.977702
147.194746,341,11678.786112
233.288417,1,11678.832225
652.948932,300,11683.842592
-29.348838,341,11689.688958
-23.333866,341,11695.488326
896.639125,400,11702.194983
-24.5994,341,11707.964179
224.641836,1,11708.011064
481.809168,341,11713.72516
-25.429693,341,11719.595006
101.535506,341,11725.444203
-26.357352,341,11731.24149
343.966364,178,11734.270939
101.663062,341,11740.069999
645.03614,300,11745.114122
-31.239828,341,11750.568003
-27.187346,341,11756.50983
124.402613,341,11762.364281
-0.798772,400,11769.174223
-25.032331,30,11769.76628
-27.161658,341,11775.491398
-24.874328,341,11781.314401
461.172872,341,11787.111738
370.604327,192,11790.397741
900.049122,400,11797.110559
-23.708342,341,11802.900064
459.93102,341,11808.482636
233.297175,1,11808.529019
-4.50791,28,11809.02378
0.181963,300,11814.126281
436.628837,341,11819.97511
888.560338,400,11826.048082
-11.348238,16,11826.303084
1105.541097,300,11830.899049
128.675632,341,11836.25401
372.638011,193,11839.184658
368.194976,193,11841.98182
447.662698,341,11847.664648
233.207353,1,11847.711288
748.808007,376,11854.041027
211.869784,1,11854.086933
376.128718,400,11860.880086
895.750644,400,11867.736199
224.890619,323,11873.237114
1064.999076,300,11878.347443
437.969918,341,11884.152925
469.228078,341,11890.008837
212.642006,1,11890.056264
704.031938,400,11896.643951
233.297955,1,11896.689908
1055.054191,300,11901.82375
45.946543,229,11905.699236
598.517979,300,11910.802151
1062.302068,300,11915.894941
479.15739,341,11921.696534
4.088798,300,11926.808943
387.883307,207,11930.40947
117.926016,341,11936.244555
-20.22558,1,11936.291674
713.951874,400,11943.095505
-22.937572,9,11943.277807
1.690258,300,11948.372176
129.721635,341,11954.141902
233.283077,1,11954.188762
382.28871,211,11957.805864
489.77035,341,11963.600104
-27.387873,341,11969.39409
432.42935,341,11975.221753
349.03548,400,11982.022158
-4.099165,300,11987.085727
233.284057,1,11987.133044
320.691614,400,11993.956928
707.380121,400,12000.818534
1057.136492,300,12005.938149
1059.367142,300,12011.020687
478.841298,341,12016.892271
-21.318425,341,12022.697575
233.286054,1,12022.744879
0.227036,300,12027.610487
391.390425,400,12034.326439
233.291686,1,12034.37287
125.786047,341,12040.14239
0.047524,10,12040.342393
3.636995,400,12047.301839
39.419783,29,12047.809056
5.327953,300,12052.930377
10.06764,300,12058.053065
-0.664189,400,12064.947375
132.644306,341,12070.69684
218.331393,1,12070.747389
-18.117122,2,12070.813718
-66.449309,126,12072.741126
233.290317,1,12072.787898
2.981285,300,12078.000659
233.297678,1,12078.050694
-45.600976,68,12079.228596
620.166421,315,12084.744119
140.967747,341,12090.6127
6.499391,400,12097.456635
-30.991999,341,12103.330251
20.245531,22,12103.727576
233.2912,1,12103.777396
1061.237211,300,12108.932745
1065.059883,300,12114.12828
-7.229651,400,12120.981638
368.571157,198,12124.415283
233.281139,1,12124.465031
714.640282,363,12130.650787
209.498687,1,12130.701374
232.777588,1,12130.751264
722.624323,400,12137.206002
-4.7632,300,12142.257814
233.078534,1,12142.30488
634.694243,300,12147.238765
479.45338,341,12153.080329
264.404499,379,12159.448455
350.954468,184,12162.557668
558.091622,377,12168.918868
-36.843497,61,12169.967075
233.644862,1,12170.016945
398.191535,400,12176.295472
218.454411,1,12176.342907
133.464771,341,12181.575578
125.514768,341,12186.895783
490.741416,341,12192.288148
7.645599,300,12196.84109
118.014677,341,12202.156578
44.730066,33,12202.712747
3.174326,400,12208.987293
56.329239,191,12211.863967
104.872359,341,12216.956498
210.143552,1,12217.004586
424.762296,341,12222.223509
111.852055,341,12227.534213
-20.357829,1,12227.580933
377.902645,400,12233.556214
114.821114,341,12238.714747
392.65184,207,12241.976254
-7.98979,7,12242.109628
-3.131556,300,12246.859845
467.926429,341,12251.999324
414.807329,341,12257.305884
-0.892353,300,12261.837254
423.727742,341,12267.231664
-5.060816,100,12268.688997
432.028225,341,12273.979287
110.85758,341,12279.096886
-21.754731,341,12284.397188
-36.009303,341,12289.774583
-2.051372,300,12294.362738
-3.086228,300,12299.01468
233.285943,1,12299.064841
-20.048347,5,12299.182657
-12.573567,14,12299.45357
477.502964,341,12304.905026
-20.190818,1,12304.957
4.611222,12,12305.189356
431.816102,341,12310.506179
-23.830745,341,12315.986667
386.317497,341,12321.029415
106.528255,400,12327.088899
128.361494,341,12332.32273
10.651738,300,12337.27247
4.943386,300,12342.178581
-44.092057,71,12343.26633
-24.126323,341,12348.549054
66.123468,188,12351.604191
1153.978561,300,12356.365467
233.293215,1,12356.415643
233.291291,1,12356.465576
2.594734,300,12361.439811
5.54848,300,12366.208771
-8.909151,400,12372.665326
489.02726,341,12378.358697
39.820149,221,12382.006247
7.499216,300,12386.862007
565.689521,290,12391.471266
0.824152,27,12391.896371
699.022916,400,12398.327215
-4.653164,31,12398.806121
6.987564,300,12403.760961
136.7292,341,12409.145283
239.530458,357,12414.909334
495.888872,341,12420.592088
710.908561,400,12427.071137
-17.882822,1,12427.118149
481.636952,341,12432.528656
-20.179368,1,12432.576538
3.506071,300,12437.607902
234.71536,1,12437.657322
233.27102,1,12437.706062
778.236679,392,12443.835855
68.06659,43,12444.592898
41.339417,29,12445.144394
6.89463,300,12450.106616
718.445507,400,12456.750884
501.79854,341,12462.505123
354.949612,186,12465.503643
208.301872,1,12465.553884
121.734415,341,12470.861899
233.290952,1,12470.912572
-23.913855,341,12476.618412
683.28148,340,12482.227448
443.934549,341,12487.974949
-14.391441,400,12494.449693
446.431626,341,12500.187093
233.266253,1,12500.237289
-26.063195,341,12505.94769
-22.314686,10,12506.151352
205.362893,1,12506.202113
-15.354641,400,12513.078034
676.650407,344,12518.793505
142.774654,341,12524.44132
232.382725,1,12524.491716
-9.820022,18,12524.873613
393.913742,210,12528.436703
386.989683,400,12535.104545
-25.823232,341,12540.857467
-27.014737,40,12541.563257
10.635745,300,12546.539796
-15.301902,400,12553.460256
-27.922029,35,12554.154487
207.051926,1,12554.204833
-33.096338,18,12554.579393
-24.888063,341,12560.320704
631.045559,300,12565.291765
757.14855,382,12571.766381
1063.394661,300,12576.909216
442.362385,341,12582.821468
-14.002712,3,12582.905352
109.520777,341,12588.674103
1053.168641,300,12593.890593
-31.680874,12,12594.096843
406.623183,260,12598.59649
-29.413418,341,12604.563159
129.15117,341,12610.43778
-23.95904,15,12610.726254
282.964665,400,12617.095464
233.285756,1,12617.146315
132.268717,341,12623.099154
9.604813,300,12628.297229
151.540929,341,12634.196535
140.039231,341,12639.473842
-25.613581,341,12644.802573
207.225492,1,12644.852904
233.28588,1,12644.902962
117.889246,341,12650.213008
-29.864786,341,12655.507142
32.48947,27,12655.978787
368.809478,192,12658.776266
-28.464012,37,12659.34807
116.836354,341,12664.821608
-29.262227,341,12670.502895
143.175392,341,12676.073042
-22.178026,6,12676.207404
446.185362,341,12682.21258
63.293122,169,12685.106135
-42.708303,77,12686.525527
-14.159824,400,12693.387478
442.927273,341,12699.238605
-31.847083,341,12705.244831
448.748913,341,12711.186756
748.595872,400,12717.997508
208.810066,400,12724.667069
-20.93244,341,12730.026973
233.190487,1,12730.076739
142.793556,341,12735.597559
716.992301,400,12742.099108
-22.542246,11,12742.298875
488.884274,341,12747.670538
233.290589,1,12747.718127
503.359092,262,12751.854511
242.884136,316,12756.959823
716.174178,400,12763.268435
0.891125,300,12768.064958
1046.173837,300,12772.821403
15.942832,17,12773.102245
108.34922,341,12778.563887
-24.418472,341,12783.988583
362.876152,187,12786.938703
1047.207753,300,12791.677902
207.276403,296,12796.559587
514.963404,262,12800.66604
622.771733,300,12805.414305
8.695137,14,12805.687249
352.467543,185,12808.451598
195.754943,297,12813.077053
-1.322306,400,12819.155359
457.686175,341,12824.551598
-5.962183,300,12829.23487
143.980565,341,12834.495003
362.759694,189,12837.68172
-27.374648,33,12838.273932
-29.511257,39,12838.881954
-42.402936,69,12839.937189
233.295995,1,12839.987173
-4.000089,11,12840.207726
367.022109,400,12846.58092
-7.349089,400,12852.991985
-24.96865,15,12853.277667
140.935644,341,12858.94046
122.256419,341,12864.311604
236.963816,1,12864.359335
595.516682,300,12869.087633
892.191322,400,12875.397892
575.752861,300,12880.286976
9.006474,300,12884.733622
126.64637,231,12888.342872
-36.295984,341,12893.752596
-25.021205,20,12894.070854
232.108249,332,12899.304057
23.698083,117,12901.264495
-24.319206,341,12906.720771
222.803976,1,12906.769157
0.19651,300,12911.415132
426.297556,341,12916.656577
119.104845,341,12921.83251
-25.771665,23,12922.250077
-17.984573,1,12922.299687
440.67499,341,12928.151684
204.034206,311,12933.296264
-25.663289,341,12938.847841
-21.659764,6,12938.967332
449.969668,341,12944.754647
233.29075,1,12944.805096
359.612632,190,12948.136876
473.309369,341,12953.993989
-21.724536,341,12959.875108
132.322522,341,12965.789986
120.249749,341,12971.654983
42.743172,32,12972.207815
714.397065,400,12978.628057
369.21224,400,12985.407743
235.924139,349,12991.072064
233.296144,1,12991.122204
1069.450596,300,12996.382515
-5.089776,300,13001.4746
576.53884,379,13008.094159
626.684056,300,13013.278971
-17.4393,400,13020.257529
472.422845,341,13026.003887
483.552275,341,13031.806489
-1.468361,300,13036.597529
-22.140269,10,13036.833458
361.787982,244,13041.016495
439.693859,341,13046.335377
436.812608,341,13051.576026
109.979381,341,13057.215483
584.354279,382,13063.270558
5.446824,300,13067.825359
434.621035,341,13073.446291
1320.011504,289,13078.375569
728.864505,400,13085.231327
-13.013596,13,13085.483231
28.937895,24,13085.919564
-23.000689,341,13091.850578
3.295132,11,13092.073101
626.14108,300,13096.901296
5.327868,300,13102.122988
-4.47543,300,13107.052635
-8.032476,400,13113.585561
132.310642,341,13119.531081
-14.899886,111,13121.41203
-11.290536,16,13121.71523
-26.976849,24,13122.188579
-0.30918,300,13127.180999
699.473821,400,13134.014966
104.60556,341,13139.627151
446.423448,341,13145.456731
478.187554,341,13151.294781
1064.393533,300,13155.87016
177.75976,400,13162.79581
233.291987,1,13162.846291
769.250445,392,13169.630975
-16.668181,6,13169.763725
106.664583,341,13175.57676
-8.768723,400,13182.486185
233.2827,1,13182.53641
128.214232,341,13188.084708
709.195204,365,13193.739844
123.719525,341,13199.072218
466.056483,341,13204.388594
216.720999,1,13204.436166
364.596099,189,13207.442142
543.693685,282,13211.790767
-42.289202,65,13212.803429
5.053506,300,13217.424879
-2.767692,400,13223.607426
230.896397,1,13223.655175
233.285373,1,13223.701687
233.294375,1,13223.749838
212.771916,1,13223.796184
-16.34674,300,13228.378937
-73.271472,167,13230.92895
136.031104,341,13236.415701
233.277974,1,13236.465846
233.295201,1,13236.514704
233.295071,1,13236.56375
240.342251,326,13241.708477
-29.269015,40,13242.408301
-24.079636,6,13242.527819
383.183304,400,13248.639793
-7.825139,400,13254.823301
-33.786349,54,13255.841129
148.681811,341,13261.085658
2.41847,28,13261.619623
636.153142,328,13266.555891
1050.442518,300,13271.152627
-58.206656,341,13277.166447
4.044668,300,13281.764172
645.661832,300,13286.413294
894.797725,400,13292.531456
609.099383,300,13297.28393
891.084522,400,13303.407107
-8.385667,400,13309.489873
212.975704,1,13309.537083
-23.615606,300,13314.163087
897.236263,400,13320.416197
700.984019,400,13326.665249
233.263003,1,13326.712655
233.29319,1,13326.758977
233.285236,1,13326.807061
390.41201,214,13330.040305
333.395778,248,13334.243134
144.966732,341,13339.569928
-20.236576,1,13339.617378
-39.615846,341,13344.857249
233.288768,1,13344.904399
57.790348,212,13348.264321
351.924176,186,13351.157562
376.704623,205,13354.464165
460.386863,341,13359.72204
-10.376178,400,13366.53898
41.322222,241,13370.592274
233.289751,1,13370.63925
152.655419,123,13372.735433
366.577534,190,13375.987592
280.358223,383,13382.628052
237.505454,1,13382.677757
96.483313,341,13388.58173
368.150735,191,13391.88145
374.705147,204,13395.187091
-23.267617,11,13395.37893
390.028803,203,13398.901799
481.673628,341,13404.792961
136.216477,341,13410.715402
507.940444,266,13415.341115
379.13696,205,13418.844114
475.798497,341,13424.747094
1058.742509,300,13429.943266
-8.503459,400,13436.985709
-30.34175,341,13442.471011
-2.138525,400,13449.405104
651.3818,300,13454.524658
370.800368,320,13460.029772
372.025106,194,13463.486911
119.477701,341,13469.41976
233.294324,1,13469.470478
-8.210356,300,13474.66096
210.123522,1,13474.710824
358.800794,400,13481.529391
16.465483,187,13484.27436
444.1852,341,13490.009704
-17.804727,4,13490.14377
233.273949,1,13490.193719
447.820869,341,13496.048167
887.213315,400,13502.91601
713.751481,400,13509.7316
378.233605,195,13512.830487
-22.375408,341,13518.243758
6.721212,13,13518.497607
212.898585,1,13518.548142
-2.165807,400,13525.493005
-22.930281,341,13531.354284
431.895586,341,13537.24431
3.840352,300,13542.341745
481.493982,331,13547.531044
889.681015,400,13554.454705
430.871972,341,13560.020348
429.165878,341,13565.746058
233.256509,1,13565.7948
643.629682,300,13570.920529
218.899812,296,13575.465088
64.076343,41,13576.097354
-34.571191,56,13577.12109
-23.785283,341,13583.059344
233.2645,1,13583.109471
161.054138,341,13588.924418
7.190142,300,13594.166911
-0.318971,400,13601.112622
-20.3967,13,13601.3633
39.364843,254,13605.78521
-19.317989,341,13611.625682
131.884422,341,13617.50486
363.839542,341,13623.568945
723.926869,400,13630.436818
-5.188625,7,13630.586407
383.638294,204,13634.085121
378.182896,195,13637.144856
776.997141,389,13643.461705
754.80069,400,13649.990678
486.46457,341,13655.907091
727.354076,400,13662.270996
233.28587,1,13662.32061
490.546975,341,13668.045495
-5.329806,300,13672.922782
713.505491,400,13679.915796
135.158337,341,13685.770225
12.584987,300,13690.813153
-20.474199,2,13690.880217
112.643374,341,13696.045834
121.945051,341,13701.83076
-5.973407,400,13708.566618
724.471476,300,13713.686466
211.129963,1,13713.736984
-1.960609,9,13713.920425
111.894426,341,13719.788967
-22.57063,341,13725.645722
-17.729141,4,13725.746673
612.296684,392,13732.551883
3.317228,300,13737.646034
-27.622151,25,13738.166866
1069.546119,300,13743.26427
354.272317,254,13747.503671
12.310755,300,13752.590581
-24.172787,341,13758.432934
233.293278,1,13758.482202
379.580269,400,13764.5085
232.658419,1,13764.556257
-19.431785,1,13764.602471
496.506141,341,13770.087536
237.318768,302,13775.333666
477.629575,341,13781.188396
487.794489,341,13787.013588
718.990664,400,13793.891382
-3.493832,400,13800.817973
721.034079,400,13807.58074
-30.122662,341,13813.379143
454.933214,341,13818.955241
-4.080619,400,13825.863309
68.727336,181,13828.814773
46.778125,33,13829.403991
492.954191,341,13835.371569
-20.163946,1,13835.422044
-0.617643,300,13840.034686
-32.126287,341,13845.636061
233.279385,1,13845.68602
-5.34665,26,13846.193268
-24.193478,341,13852.097939
728.932087,400,13859.074292
220.700891,1,13859.125574
65.564744,131,13861.431947
7.883675,300,13866.526872
488.043956,341,13872.423626
889.263218,400,13879.350073
228.411635,312,13884.699745
490.183349,341,13890.537789
233.260647,1,13890.587737
-20.232173,8,13890.754579
596.198056,390,13897.454221
-14.217272,300,13902.657157
372.494576,341,13908.45756
117.509192,341,13914.272547
212.233117,1,13914.322782
1067.073938,300,13919.504546
404.672436,400,13926.329441
-29.369353,341,13932.21252
-4.925286,400,13939.038245
1.069297,300,13944.225111
-24.315786,341,13950.153883
477.085542,341,13956.029986
357.263641,190,13959.33771
-22.088151,341,13965.210208
642.048572,300,13970.429293
233.288606,1,13970.492862
210.115945,1,13970.542203
391.767343,400,13977.36372
13.770379,16,13977.662203
130.265177,341,13983.494089
403.473788,341,13989.428054
233.177997,1,13989.477616
615.001617,394,13996.253139
448.436938,341,14002.143594
-39.188469,300,14007.2469
-21.690139,2,14007.313379
-16.413853,400,14014.234017
450.591947,341,14020.121269
375.054047,201,14023.571543
890.870688,400,14030.38022
470.606323,341,14036.219668
550.640469,361,14042.520397
621.750257,300,14047.717867
370.99664,211,14051.355018
651.644231,333,14057.093848
483.667893,341,14063.065549
-31.174498,36,14063.69803
-4.176492,400,14070.575508
47.823737,32,14071.132357
-21.572474,341,14077.03328
233.279416,1,14077.08368
-22.409328,7,14077.234955
52.483642,334,14082.995778
897.73118,400,14089.901678
679.762048,357,14096.008813
-22.805583,3,14096.09235
457.550573,341,14101.879349
474.894833,341,14107.713839
548.172151,287,14112.57869
485.838602,341,14118.371531
51.984377,315,14123.817559
468.37807,341,14129.707107
233.285512,1,14129.757312
134.06531,341,14135.619636
348.09339,183,14138.871325
-22.797329,11,14139.090521
354.505255,184,14142.244808
-7.689674,6,14142.379714
-47.739443,80,14143.802004
561.355968,300,14148.930076
-16.915228,6,14149.063479
3.538532,300,14154.283024
397.75103,341,14160.185766
510.256074,344,14166.083662
-22.437089,341,14171.247868
-35.117706,300,14176.496522
4.095095,13,14176.750165
-9.428947,19,14177.107469
-20.198185,1,14177.158201
389.581733,341,14183.028086
-17.525464,400,14189.888991
233.290284,1,14189.939193
672.223392,341,14195.818853
28.699078,23,14196.240383
540.780723,300,14201.418045
2.211836,300,14206.572462
-18.004789,1,14206.62283
-20.530098,1,14206.672688
711.863687,400,14213.565457
137.781034,341,14219.431071
887.516922,400,14226.342825
1054.270767,300,14231.503416
1057.317484,300,14236.66752
-22.853598,300,14241.874204
3.310847,1,14241.925807
465.403073,341,14247.725958
10.769674,15,14248.009803
6.544831,300,14253.23262
45.776583,156,14255.904643
483.076127,341,14261.809907
54.879252,37,14262.467479
465.089814,341,14268.361848
219.254617,248,14272.659755
361.682854,400,14279.527119
23.562111,211,14283.135094
-19.393404,1,14283.185255
265.695403,298,14288.298075
394.582868,400,14295.246201
476.267259,341,14301.086107
-23.029126,300,14306.288491
56.498291,43,14307.07667
469.484726,341,14312.943688
467.116321,341,14318.812065
-97.223368,169,14321.694318
-5.663979,7,14321.845559
944.040135,300,14326.97889
-17.507187,3,14327.063282
-26.156249,341,14333.127837
-7.172212,24,14333.570725
-34.439522,341,14339.424812
233.287249,1,14339.475252
233.295678,1,14339.524652
233.273775,1,14339.573452
482.306045,341,14345.371606
347.769648,400,14352.249096
487.637812,341,14358.133359
14.864404,17,14358.450768
233.281807,1,14358.501468
212.649239,1,14358.550187
249.960488,331,14364.229281
376.258516,196,14367.724671
489.154091,341,14373.540987
-20.251564,1,14373.590856
-25.416862,341,14379.496421
-30.974787,341,14385.393596
607.215178,300,14390.539755
-36.906874,46,14391.341262
-107.023664,255,14395.785961
-20.769399,1,14395.835711
16.77808,300,14401.000774
460.59866,341,14406.841076
145.750466,341,14412.729139
-17.781975,300,14417.93039
-1.894829,32,14418.502158
434.428402,341,14424.343089
220.83236,298,14429.486358
630.431898,300,14434.73347
233.269505,1,14434.783536
-20.124142,341,14440.585263
-34.964675,341,14446.391309
-28.69329,20,14446.758815
-11.331804,400,14453.728098
132.325079,341,14459.639617
405.262386,216,14463.40395
466.684183,341,14469.27314
-5.940882,300,14474.345312
-19.767975,341,14480.24319
720.674445,400,14487.294341
185.049927,138,14489.613193
-1.12503,300,14494.818128
440.822469,341,14500.647779
4.583651,300,14505.752955
1056.528266,300,14510.934275
106.806411,341,14516.797892
450.561657,341,14522.646709
81.45976,341,14528.502292
749.382981,377,14535.059015
324.568884,400,14541.78274
-19.431984,1,14541.83072
-40.072414,31,14542.34321
476.700301,341,14548.234654
115.611022,341,14554.008614
105.857009,341,14559.805339
447.207212,341,14565.505538
-25.551298,341,14571.376402
-26.175237,40,14572.079121
454.704414,341,14578.024581
900.217142,400,14584.178128
-63.934679,125,14586.480129
6.658622,13,14586.733282
233.277529,1,14586.783477
70.454792,168,14589.651712
-20.241435,1,14589.702268
1056.65984,300,14594.616228
448.315645,341,14600.056873
-17.802438,400,14606.85163
233.264291,1,14606.902658
900.270656,400,14613.759875
-41.350752,69,14614.948154
38.572476,29,14615.463624
-10.506327,400,14622.339005
1059.956672,300,14627.551794
463.022997,341,14633.417712
1053.106678,300,14638.643216
-15.615574,400,14645.108219
429.609005,400,14651.944663
488.019987,341,14657.764452
897.841307,400,14664.54342
727.818572,400,14671.467255
370.545039,196,14674.901284
26.069697,204,14678.069381
217.688278,1,14678.118862
119.084744,341,14683.799793
177.64778,139,14686.176023
233.26268,1,14686.22576
5.170702,300,14691.37466
444.861778,341,14697.282234
127.293733,341,14703.044069
4.620284,12,14703.280155
2.568353,11,14703.498344
473.772894,341,14709.48253
-2.455981,300,14714.513148
725.645437,400,14721.37083
3.391529,57,14722.225743
233.287294,1,14722.276183
1061.665291,300,14727.470907
233.336294,1,14727.522559
414.317469,341,14733.322483
391.211218,400,14740.133293
-29.940773,9,14740.317831
-20.148197,1,14740.371446
362.247276,240,14744.337345
130.656379,341,14750.225289
482.064796,341,14756.189181
-31.024897,341,14762.118193
-50.209552,341,14768.014891
-9.985311,400,14774.874294
378.622034,239,14778.733566
233.288264,1,14778.783411
6.48723,13,14779.067038
605.094533,400,14785.336551
346.669745,248,14788.988986
-21.475943,5,14789.095154
543.963484,360,14794.447545
464.745278,341,14799.472427
233.282332,1,14799.519237
452.280699,341,14804.591553
393.85219,400,14810.656956
136.304638,341,14815.675635
486.851992,341,14820.70881
50.742579,341,14825.830517
233.273791,1,14825.877966
1050.735183,300,14830.307506
-38.750792,341,14835.634264
603.541422,303,14840.039283
233.271357,1,14840.086055
233.274641,1,14840.132592
-36.158983,341,14845.230297
-7.737811,300,14849.678904
-12.056155,14,14849.915871
556.560782,288,14854.149727
-34.531038,341,14859.211688
-17.947482,1,14859.259261
233.268102,1,14859.305459
-30.255413,85,14860.60701
233.26522,1,14860.654476
423.694268,400,14866.582978
74.393399,55,14867.420905
-43.081702,341,14872.480632
-7.653229,300,14876.92909
-21.769202,341,14881.930419
233.271696,1,14881.97793
464.160437,341,14887.052389
316.977018,397,14893.048
233.29056,1,14893.099978
904.870874,400,14899.01377
1058.03315,300,14903.49921
49.588979,219,14906.732777
-8.468694,300,14911.182306
-3.303704,300,14915.694506
233.256109,1,14915.741956
364.364721,400,14921.666759
405.675404,341,14926.753228
-17.949337,1,14926.800678
147.80231,341,14931.895438
276.793322,349,14937.083394
-23.354636,341,14942.115025
638.173416,300,14946.651742
5.374118,12,14946.856184
1064.668801,300,14951.311261
123.243457,341,14956.432879
-20.175667,1,14956.48068
415.762959,341,14961.498958
-23.880263,341,14966.591606
462.543642,341,14971.558289
117.304996,341,14976.607991
460.100415,341,14981.645001
233.289061,1,14981.691761
-69.09984,105,14983.351873
620.267882,300,14987.815699
135.426829,341,14992.977989
-44.128025,322,14997.714842
233.279063,1,14997.762153
-20.236841,1,14997.810601
-27.610351,22,14998.158087
720.601889,400,15004.219371
722.396667,400,15010.156716
-20.236814,1,15010.205228
381.004078,400,15016.192426
458.458767,341,15021.208494
537.370756,277,15025.427529
-26.415639,25,15025.817664
5.774139,300,15030.308249
-39.122968,71,15031.362609
512.311378,346,15036.556664
107.208928,341,15041.589914
233.265735,1,15041.637746
133.923482,341,15046.722605
659.509252,337,15051.78452
-33.160301,53,15052.604807
7.433378,13,15052.826979
134.918965,341,15057.880494
233.245916,1,15057.930047
134.322561,341,15063.006738
-15.911998,2,15063.069069
448.774165,341,15068.104568
-35.554457,341,15073.164257
456.749742,341,15078.175245
449.203542,341,15083.360416
420.864746,341,15088.437004
644.930593,300,15093.02318
-22.648005,341,15098.305179
399.471279,341,15103.554905
233.257089,1,15103.604455
141.021762,341,15108.735872
457.155559,341,15113.926054
299.960703,285,15118.087974
129.151102,341,15123.452566
-21.773699,341,15128.845987
1057.124568,300,15133.399591
-42.219319,341,15138.621974
232.562393,1,15138.671881
572.703181,296,15143.118864
-11.962444,18,15143.427615
-39.266754,341,15148.532748
894.180691,400,15154.60451
-21.709816,341,15159.727337
-19.522547,1,15159.775216
-2.839173,300,15164.35139
457.13135,341,15169.448343
1084.987384,300,15173.967668
718.676283,400,15180.101685
636.30682,300,15184.588932
318.336861,386,15190.34463
722.379548,400,15196.371851
242.417851,127,15198.262203
646.854847,300,15202.728556
-42.79176,300,15207.217238
233.279983,1,15207.264227
-20.374228,1,15207.310145
543.451389,364,15212.733156
2.002252,300,15217.257136
440.019997,341,15222.390077
141.667185,341,15227.469447
-44.683919,322,15232.277766
335.909074,341,15237.272913
-18.95855,341,15242.32342
-44.772849,341,15247.393782
-21.504415,341,15252.583272
1063.899501,300,15257.150758
233.291899,1,15257.200534
-40.141437,341,15262.232924
-22.95326,341,15267.27074
157.587815,341,15272.343275
-14.019014,55,15273.168202
432.620023,341,15278.208694
731.293288,400,15284.268238
-27.375609,341,15289.365675
-27.825483,30,15289.847284
80.538501,341,15294.91421
-24.228546,13,15295.134712
-20.274727,2,15295.196845
-7.75412,6,15295.314166
502.342553,341,15300.428307
-19.677955,341,15305.595226
851.122511,271,15309.602967
-43.323019,125,15311.485094
-49.75673,79,15312.786495
111.772283,341,15317.993271
212.678557,1,15318.040262
478.601346,341,15323.088782
-22.766775,8,15323.2378
259.16777,325,15327.980655
233.264516,1,15328.028351
538.136672,359,15333.37824
428.369333,341,15338.511705
120.313936,341,15343.569639
-31.208282,341,15348.636378
1052.749663,300,15353.107839
-2.097469,300,15357.567971
899.299152,400,15363.463602
-25.083184,23,15363.863823
12.485179,300,15368.369723
636.27028,300,15372.945671
6.884574,13,15373.165863
-5.862661,124,15374.995607
302.041981,166,15377.45529
389.70184,400,15383.313521
-32.769159,341,15388.34313
442.119533,238,15391.890157
1059.558075,300,15396.486256
564.000954,294,15400.759616
10.966436,15,15401.040029
233.289363,1,15401.086676
-22.726456,341,15406.232557
-11.794944,4,15406.323459
9.401696,300,15410.807801
221.432506,297,15415.234676
233.198182,1,15415.282506
-18.855812,2,15415.343319
-21.826872,341,15420.419922
10.409799,300,15424.88781
-19.40326,1,15424.935771
465.515499,341,15430.077592
18.102083,26,15430.477991
443.727735,341,15435.963023
-22.93386,341,15440.98855
137.34806,341,15446.037663
440.035906,341,15451.073664
-36.770877,68,15452.143378
548.004928,285,15456.389406
0.14949,10,15456.566903
465.828055,341,15461.610004
426.661291,341,15466.63641
-20.632234,2,15466.699189
-70.555843,341,15471.809103
138.540455,341,15476.886762
819.308943,300,15481.73039
457.807228,341,15487.060722
-20.23353,1,15487.108656
-21.302903,300,15491.706302
1063.444289,300,15496.558472
59.081847,123,15498.346047
-23.39726,341,15503.546351
429.126395,341,15509.252402
443.380257,341,15514.995667
556.615653,369,15521.339693
1099.427102,300,15526.400003
647.569891,332,15531.980186
152.292722,341,15537.816939
-9.289526,13,15538.071766
456.952534,341,15543.743296
0.544362,300,15548.96466
-14.90415,6,15549.098823
-24.409492,341,15554.787637
504.171433,400,15561.536301
60.068439,120,15563.596806
402.389849,400,15569.974664
125.66942,341,15575.417587
137.831897,341,15581.201808
468.784611,400,15587.312289
233.252794,1,15587.359172
475.384978,341,15592.535069
-35.647066,81,15593.775679
133.513076,341,15599.350834
214.836531,1,15599.401327
674.322698,359,15605.162332
625.6875,300,15609.81519
269.932333,394,15615.854402
412.344711,235,15619.514645
435.141293,341,15624.732789
-20.646536,2,15624.800481
864.785929,400,15630.884233
1.442985,300,15635.507501
-27.596585,33,15636.021427
727.387321,400,15642.27587
-28.120544,341,15647.739955
629.957716,300,15652.491509
521.572861,400,15658.974514
1049.744799,300,15663.725643
2.444208,300,15668.546139
233.272633,1,15668.593304
547.339568,400,15674.9663
530.795876,400,15681.750264
896.986731,400,15687.946612
632.570291,322,15693.230484
108.748626,341,15698.79723
603.712501,310,15703.92644
-3.474176,8,15704.073041
233.26653,1,15704.120082
771.099678,391,15710.556785
-11.410123,300,15715.562021
583.9522,400,15722.22364
132.211328,341,15727.618203
-36.603387,341,15733.128327
-34.988479,74,15734.284431
74.726077,54,15735.225132
233.291505,1,15735.274688
476.801919,341,15740.96903
726.978515,400,15747.738884
478.633058,341,15753.448632
-18.431939,3,15753.524986
-34.072366,341,15758.858156
-27.099091,341,15764.806863
-35.616762,341,15769.978713
-29.310544,27,15770.46359
-28.207263,341,15775.830817
462.586834,247,15779.732002
214.502984,1,15779.779195
536.187822,385,15785.70388
-38.077681,341,15791.031075
-0.517675,300,15795.678218
209.71699,1,15795.729007
632.146189,300,15800.563104
116.924394,341,15805.86096
117.571237,341,15811.131001
-3.060177,300,15815.812751
12.176861,16,15816.116385
625.754948,325,15821.377313
493.015795,341,15826.591321
620.570431,300,15831.292267
1064.407383,300,15836.040297
205.640866,1,15836.090482
-30.389467,341,15841.46884
-25.465465,341,15846.779473
451.653786,341,15852.105133
361.524757,194,15855.038587
622.822735,300,15859.783099
233.293328,1,15859.830354
584.069932,400,15866.076647
125.430557,341,15871.289318
464.510655,247,15874.905633
-11.395885,300,15879.541048
-3.806944,300,15884.295495
403.083429,244,15888.103412
266.138585,281,15892.482027
614.734284,328,15897.589053
-37.226338,341,15902.834765
1062.682752,300,15907.483417
135.969918,341,15912.832564
-44.024611,39,15913.519638
-107.267816,266,15917.74723
-51.845694,102,15919.248686
576.365705,400,15925.371542
423.235497,341,15930.512394
387.783806,400,15936.747025
431.741154,233,15940.34676
-21.633452,10,15940.523194
641.681709,326,15945.512375
-20.502562,1,15945.559212
-11.313837,12,15945.779619
120.466417,341,15950.998673
147.449451,341,15956.22453
27.044396,23,15956.638058
635.990076,343,15962.004678
459.750137,341,15967.22958
898.47155,400,15973.406472
479.649878,341,15978.790943
900.474626,400,15984.920297
582.188511,400,15991.16858
-12.165326,300,15995.806125
120.575932,341,16001.100312
68.749199,341,16006.313545
-32.079418,341,16011.724467
76.710996,165,16014.230046
537.622005,341,16019.516089
14.668024,17,16019.792318
-32.847239,53,16020.597536
40.484603,30,16021.174823
-20.07164,300,16025.785666
467.665938,341,16031.080794
-21.709196,1,16031.1308
466.032149,341,16036.503901
601.418826,400,16042.655344
-31.95194,341,16047.957648
218.230709,1,16048.005535
-12.144134,14,16048.243139
410.634796,221,16051.69978
-8.380925,300,16056.346761
-13.813974,300,16060.934054
398.4411,400,16067.109933
-6.713196,300,16071.686455
432.21542,230,16075.285104
722.776931,400,16081.661301
255.388881,329,16086.66018
1058.762485,300,16091.231802
541.492613,400,16097.592248
-35.313563,52,16098.388415
511.65786,309,16103.079298
109.283281,341,16108.364588
1065.903198,300,16112.985956
462.969457,341,16118.2748
712.6048,400,16124.349112
-20.32605,1,16124.395297
-35.125061,341,16129.967055
206.081607,1,16130.014194
584.827487,400,16136.020768
-29.02056,34,16136.580568
677.404866,344,16141.709131
127.820427,341,16146.783421
233.289475,1,16146.830516
-28.39203,59,16147.75658
-8.32719,300,16152.206872
967.416074,300,16156.773283
-33.821271,341,16162.045784
82.843542,341,16167.364512
85.900493,168,16169.910306
86.167245,167,16172.564075
494.754341,341,16177.761052
524.828234,341,16182.995612
-34.387887,341,16188.236845
-100.844014,241,16191.974262
381.387277,205,16195.133301
213.028155,1,16195.180983
-20.50911,2,16195.241066
1076.105838,300,16199.848191
363.78599,197,16202.908968
-1.527804,9,16203.071692
5.585453,33,16203.589138
497.548956,341,16208.90167
6.104449,13,16209.124328
454.351326,341,16214.270091
490.43666,341,16219.543413
497.268416,341,16224.703266
-37.328068,341,16230.087211
-95.639426,226,16233.540965
639.994911,300,16238.290341
-57.031349,341,16243.791329
1035.908147,300,16248.354035
-18.882851,2,16248.415986
125.22351,341,16253.728927
8.655263,300,16258.470153
209.321804,1,16258.516998
-4.033936,300,16263.150914
402.391564,400,16269.344456
-38.576291,341,16274.609797
1061.323657,300,16279.181645
233.266649,1,16279.229464
502.278628,341,16284.494133
1054.685962,300,16289.171854
626.450242,400,16295.230182
366.011193,256,16299.146265
-24.251192,17,16299.428626
-4.711893,300,16304.061555
-84.461283,194,16307.071329
1.229228,31,16307.582106
-6.86387,23,16307.980065
29.226587,24,16308.354904
233.166593,1,16308.40193
531.628255,341,16313.678228
-20.272983,1,16313.725799
233.267745,1,16313.772436
726.568781,400,16319.814761
-22.129872,9,16319.977701
-26.358248,20,16320.332952
353.610947,191,16323.293626
233.212922,1,16323.341004
294.13917,390,16329.272914
38.146558,84,16330.531029
215.447557,1,16330.57805
-41.53258,341,16335.858148
124.974785,341,16341.105979
-32.954937,341,16346.414274
-41.348688,341,16351.747465
233.211079,1,16351.797694
-20.277581,1,16351.847494
-38.439092,341,16357.281067
-16.590958,6,16357.417052
115.860613,341,16362.712347
-18.857719,2,16362.773997
5.709046,300,16367.370504
10.985067,300,16371.923159
7.027104,300,16376.42223
722.715183,400,16382.614159
727.059637,400,16388.771178
391.031096,210,16391.99415
233.259365,1,16392.043571
111.92029,341,16397.212374
531.453781,375,16402.920239
-46.543614,341,16408.142236
639.525403,400,16414.165666
142.497249,341,16419.283776
-18.701036,6,16419.403179
10.572576,300,16423.982855
480.531768,341,16429.045481
-47.004835,64,16430.066288
385.33203,208,16433.097455
582.842952,341,16438.293679
654.51039,300,16442.894639
407.12356,400,16448.855854
214.733587,1,16448.902841
890.436471,400,16455.487316
134.523657,341,16460.950738
417.373969,400,16466.960353
233.285096,1,16467.007467
-30.075592,40,16467.630538
-7.282441,300,16472.205776
24.862675,22,16472.556796
562.987836,341,16477.824489
-2.149416,300,16482.305316
409.305063,400,16488.284414
8.573178,300,16492.913745
-26.580521,341,16497.939847
-16.325435,5,16498.044392
-40.238553,341,16503.153205
0.060898,10,16503.331896
-32.35237,45,16504.059385
513.715052,341,16509.184089
-18.081872,41,16509.84114
785.626624,400,16516.063592
359.821086,224,16519.539965
499.456249,341,16524.620906
-36.349502,341,16529.828572
38.73696,29,16530.276098
526.025484,341,16535.339967
355.289788,192,16538.23206
105.913074,341,16543.335542
233.270297,1,16543.383182
685.628233,400,16549.48817
768.689523,388,16555.301914
125.174437,341,16560.46477
-36.74976,341,16565.461644
489.63888,341,16570.55472
-33.572575,341,16575.689293
-3.710087,30,16576.154212
187.642898,202,16579.252514
-27.607311,341,16584.361847
896.783118,400,16590.364119
2.511717,11,16590.553608
118.30673,341,16595.622479
108.10303,341,16600.748252
233.246425,1,16600.795757
-36.947672,341,16605.884208
233.188402,1,16605.93105
235.409355,1,16605.977411
11.178311,300,16610.607254
-23.428286,12,16610.816326
273.932377,369,16616.394255
377.028928,208,16619.497005
336.624878,177,16622.135524
90.745023,120,16624.002998
-1.529651,9,16624.166104
196.600366,207,16627.276795
-29.11238,341,16632.667199
379.560471,204,16635.73888
1049.53799,300,16640.342747
6.83023,300,16644.983987
373.784104,400,16651.282639
759.75602,255,16654.958748
30.650103,24,16655.341353
-45.740305,300,16659.893119
361.512207,195,16662.927412
-30.212276,341,16668.198078
472.822789,341,16673.296442
889.917733,400,16679.278669
396.962368,400,16685.229074
685.351979,400,16691.247225
-22.72789,2,16691.308603
117.768865,341,16696.506089
16.165234,18,16696.79463
718.489737,300,16701.350327
233.261749,1,16701.398113
639.795063,300,16705.89348
357.303912,194,16708.795248
453.8029,341,16713.924187
73.029538,140,16715.997777
-22.743048,400,16721.924492
1056.965107,300,16726.498402
381.452457,206,16729.610975
-7.164589,300,16734.08129
501.634942,341,16739.442535
-5.523542,300,16744.257837
337.347846,186,16747.151983
269.119233,360,16752.747635
-29.317762,300,16757.222432
481.602154,341,16762.378464
-56.751422,78,16763.574995
3.272799,300,16768.058377
-10.882798,300,16772.683885
-31.62959,341,16777.845972
233.167989,1,16777.892859
207.460865,1,16777.939231
1.43361,300,16782.441401
681.972397,400,16788.361776
-7.984897,8,16788.508779
-26.406424,20,16788.830397
-31.753387,341,16794.032704
569.416941,372,16799.643678
467.088291,341,16804.73333
402.575104,400,16811.005793
499.686127,341,16816.229393
-20.474777,2,16816.291985
398.322471,400,16822.544108
-30.333567,38,16823.260088
-33.578791,341,16828.603031
659.57031,300,16833.474079
1063.112808,300,16838.031012
145.691614,341,16843.443387
161.663592,94,16844.847231
-55.315252,113,16846.567859
320.675394,182,16849.411193
-38.85475,341,16854.860234
599.535254,300,16860.138415
337.14775,189,16863.301419
455.210776,341,16869.195017
105.978813,341,16874.912392
-13.854716,3,16874.998086
79.3161,341,16881.025273
486.10119,341,16886.78805
7.406343,13,16887.038334
-8.224922,300,16891.770635
233.249656,1,16891.818215
-34.328439,341,16897.171
447.001949,339,16902.318928
528.879037,352,16907.839589
233.290947,1,16907.887413
-31.042876,41,16908.549332
690.28184,400,16914.646453
-20.353016,1,16914.693902
217.661721,1,16914.741192
0.97091,300,16919.315614
-23.760707,9,16919.476814
-24.298542,18,16919.769505
1.382435,300,16924.429288
652.237746,300,16928.98844
208.746368,1,16929.035388
1.336035,300,16933.773161
42.495926,31,16934.261035
129.125282,341,16939.6104
-8.661357,19,16939.916685
519.084461,341,16945.168618
716.196261,400,16951.314272
498.658077,341,16956.556317
-20.643847,5,16956.661839
485.61979,341,16961.816916
2.064974,11,16962.006906
-31.001815,341,16967.526829
89.532763,150,16970.071475
500.731532,341,16975.537616
-37.904482,13,16975.789513
-21.582477,5,16975.907185
292.649422,374,16982.410589
619.522045,300,16986.971941
326.346466,186,16990.103992
134.857788,341,16995.770805
396.921158,400,17002.428833
779.169268,300,17006.836113
-3.514151,300,17011.97418
-7.513938,300,17016.806216
82.218816,151,17019.33598
233.286364,1,17019.386472
298.199017,169,17022.21633
-20.186476,1,17022.262971
505.892551,341,17027.632134
-20.256706,1,17027.681727
590.853434,300,17032.450207
-4.318172,300,17036.907484
125.68939,341,17042.020405
545.641136,341,17047.251065
704.932665,400,17053.510709
92.625985,341,17059.213747
310.504389,181,17062.037556
46.936696,274,17066.207577
239.329771,328,17071.156924
361.65301,211,17074.430687
519.383115,341,17079.580087
333.733947,191,17082.577688
-5.517592,300,17087.174541
319.761585,183,17089.900554
358.906001,221,17093.260653
-21.302674,8,17093.410694
5.502415,300,17098.072827
-2.598806,300,17102.5646
18.17841,20,17102.887211
36.675061,300,17107.357698
536.533364,359,17112.998124
516.655078,341,17118.365781
644.732167,300,17122.984787
231.86278,1,17123.033069
119.339313,341,17128.151391
485.536454,341,17133.933291
71.406566,341,17139.518664
-38.795217,341,17145.390837
4.083674,12,17145.629761
61.411728,341,17151.612232
1062.487374,300,17156.674319
-22.675784,17,17157.034772
416.360863,227,17161.04673
1065.666576,300,17166.108341
98.628366,341,17171.558388
-5.858748,7,17171.712148
714.366585,400,17178.597502
85.320764,154,17181.198436
418.116051,227,17185.050739
-38.244495,119,17187.138188
246.023742,1,17187.188665
672.515935,345,17193.190086
78.774378,341,17198.659207
-11.544422,300,17203.290725
59.923482,158,17205.807611
380.611931,232,17209.349282
-23.631881,20,17209.716124
-75.793234,246,17213.441869
360.698435,216,17216.906336
24.277515,22,17217.253991
374.068584,227,17220.843042
699.102823,300,17225.326455
233.261205,1,17225.373419
233.277847,1,17225.419631
125.476763,341,17230.642682
-18.443086,3,17230.718956
-34.70996,341,17236.358786
-11.035918,46,17237.061981
682.878226,341,17242.489035
503.605089,354,17248.025539
655.558921,341,17253.797653
233.277031,1,17253.847935
879.739914,400,17260.806294
530.570421,362,17267.09825
659.863865,300,17272.281135
11.719176,300,17277.315988
212.196349,1,17277.365716
448.454422,341,17283.200828
119.019219,341,17289.02009
421.890883,231,17292.852412
-24.961621,19,17293.158495
-3.791848,32,17293.727563
7.995704,300,17298.97331
1066.468705,300,17303.814813
673.794474,341,17309.528693
125.436063,341,17315.360844
673.211514,341,17321.185225
233.28896,1,17321.235251
85.009562,153,17323.910687
1064.393601,300,17328.604427
-32.120088,341,17334.225536
675.797858,341,17340.164807
565.714129,341,17346.165159
-37.106252,67,17347.331674
81.362193,341,17353.015358
9.243283,300,17358.007789
9.168392,300,17363.35552
-11.969266,300,17368.655844
440.632975,241,17372.843151
233.150784,1,17372.892498
-10.18373,300,17378.071218
485.49372,341,17384.007843
111.3066,341,17389.980501
-39.603119,341,17395.646039
10.509397,300,17400.938741
876.569291,400,17407.847575
691.724876,341,17413.399455
233.284192,1,17413.44689
711.635889,400,17420.242449
726.166057,367,17426.618984
-12.426731,300,17431.803038
211.437653,1,17431.852906
652.98259,325,17437.389761
233.292318,1,17437.437769
454.480737,247,17441.535472
703.413641,400,17448.397514
-9.763316,19,17448.779843
-3.214991,8,17448.945894
145.638573,341,17454.567977
259.992134,336,17460.553768
709.303363,400,17467.277565
465.866669,341,17472.665597
-30.979473,32,17473.239821
233.193392,1,17473.290579
1056.271333,300,17478.463136
457.966046,341,17484.223143
-56.421091,90,17485.753456
781.252749,391,17492.298105
128.356568,341,17498.143344
-19.40271,1,17498.194406
21.073266,218,17501.764572
-1.984571,9,17501.926707
482.610023,341,17507.506167
487.478071,341,17513.425915
233.266838,1,17513.474087
233.160256,1,17513.520224
-38.777246,58,17514.468374
8.047553,300,17519.604943
-23.610272,14,17519.907494
135.547894,341,17525.700238
752.123464,341,17531.574457
207.370176,1,17531.622162
233.156001,1,17531.66839
720.044781,400,17538.114827
-16.133848,300,17543.085953
233.284311,1,17543.13648
54.254193,341,17549.000204
7.106989,30,17549.535333
-17.286914,300,17554.644039
-91.315314,235,17558.690668
574.704894,376,17565.205068
232.943448,1,17565.25589
497.253537,332,17571.073827
-74.532891,300,17576.061016
-29.527605,90,17577.640316
692.100221,400,17584.454487
252.575972,343,17589.863085
-14.002508,3,17589.947236
720.869097,400,17596.216521
-11.41106,300,17600.983504
514.483903,276,17605.194405
-2.176368,300,17609.796034
233.282872,1,17609.845549
11.102128,341,17615.045736
462.419964,249,17618.7135
101.818926,341,17624.070471
61.467636,341,17629.377635
233.298104,1,17629.428569
397.181969,400,17635.658392
-22.929333,26,17636.185727
391.180638,232,17639.646813
750.9421,341,17644.98836
107.370492,341,17650.258211
767.486337,396,17656.27185
746.361981,341,17661.41156
399.715622,400,17667.438883
233.291559,1,17667.485544
-27.611038,300,17672.367893
1056.3127,300,17677.397854
454.066203,341,17683.126705
233.287986,1,17683.177112
-8.045529,7,17683.328538
413.209545,400,17690.022698
463.600056,341,17695.193452
61.372588,341,17701.065053
496.473113,341,17706.807454
248.220013,388,17713.403725
-17.126205,300,17718.554645
131.390505,341,17724.407831
581.947268,297,17729.480593
-42.743844,341,17735.328176
233.221967,1,17735.377867
2.424067,11,17735.592693
220.354348,329,17741.182497
97.986932,341,17747.041745
93.832747,341,17752.858792
886.066402,400,17759.854636
738.094796,341,17765.666827
745.17014,341,17771.614246
-18.952531,300,17776.221336
647.581205,400,17783.096371
385.531809,288,17788.04736
540.398233,364,17794.471304
-18.35456,10,17794.672657
910.265224,400,17801.512848
68.896055,341,17807.349482
-32.105546,341,17813.387676
95.93934,341,17819.234927
728.334515,366,17825.678744
40.331725,33,17826.266941
708.0025,400,17833.019932
-61.526963,300,17838.149082
233.28069,1,17838.198676
233.234579,1,17838.247428
9.144793,300,17843.381746
233.254154,1,17843.431908
474.627488,250,17847.749698
-22.01183,1,17847.80389
547.215379,368,17854.160064
397.025582,400,17861.081305
-21.148869,7,17861.231024
-28.822135,341,17867.151132
446.260313,341,17873.002175
118.69089,341,17878.444191
745.619799,341,17883.848349
5.358663,300,17888.539463
487.03585,377,17894.662842
1072.694921,300,17899.4598
107.859989,341,17904.895396
-5.026686,34,17905.49948
467.147085,341,17910.95753
49.418169,34,17911.490985
123.039651,341,17916.930017
53.403921,117,17918.695105
1066.234817,300,17923.508242
-35.508961,42,17924.147051
460.024686,341,17929.462807
288.261829,358,17935.034016
455.016333,341,17940.43935
431.15214,341,17945.845214
209.036848,1,17945.895509
450.724157,341,17951.215033
233.252155,1,17951.261708
71.507241,341,17956.99303
1041.759794,300,17961.772753
128.487657,341,17967.04994
74.731638,168,17969.671224
750.10392,341,17975.038651
2.835899,300,17979.828676
217.316957,1,17979.880523
-5.865302,23,17980.3542
502.861765,300,17984.9341
143.271648,341,17990.024297
127.994092,341,17995.191003
132.081347,341,18001.135979
721.082541,400,18007.987132
207.338274,1,18008.036945
9.648419,14,18008.336888
233.255001,1,18008.386275
142.580273,341,18013.964103
233.283795,1,18014.011898
398.883758,400,18020.860919
233.229659,1,18020.910726
74.476209,341,18026.731228
446.449664,341,18032.636743
-37.460936,341,18038.60803
74.745662,158,18041.277957
233.285648,1,18041.327906
517.503295,300,18046.480737
452.465678,341,18052.449022
-29.849834,341,18058.333348
55.582339,163,18061.240583
-33.865638,341,18067.114852
233.288178,1,18067.166442
325.827215,169,18070.057705
708.299137,400,18077.081134
233.288321,1,18077.130805
131.387684,341,18083.056051
1066.669145,300,18088.33416
-23.165622,5,18088.451088
-98.116976,246,18092.797875
239.072432,1,18092.848389
-20.042711,1,18092.897199
-29.441797,341,18098.810644
-11.841962,13,18099.06208
710.679433,400,18105.987926
-25.912132,300,18111.203698
1072.875276,300,18116.430195
-33.634873,341,18122.334618
650.727435,300,18127.543876
233.27901,1,18127.594409
-26.423311,27,18128.075087
53.109168,36,18128.716503
1109.561663,300,18133.834259
-20.536682,1,18133.88122
553.846712,371,18140.113525
737.11396,341,18146.024691
-21.508349,300,18151.254761
656.189127,300,18156.426507
-18.002153,1,18156.476219
415.119112,341,18162.523639
-24.79367,341,18168.383432
656.150277,300,18173.609265
884.720563,400,18180.441163
597.313192,395,18186.974233
-27.585173,341,18192.346514
708.545624,400,18198.905492
-22.651429,10,18199.107036
889.440846,400,18206.014172
1070.899191,300,18211.107627
876.456788,400,18218.103907
-23.250738,341,18223.977474
445.796882,341,18229.852992
1.132089,10,18230.054909
-19.397388,1,18230.105808
449.223874,341,18236.005113
-80.245948,341,18241.901603
45.232341,341,18247.673992
14.882523,17,18247.995391
66.335055,261,18252.453515
-17.489042,4,18252.545166
85.296081,163,18255.084017
76.997651,161,18257.806071
751.927055,341,18263.080145
-27.383202,45,18263.831459
71.825862,196,18266.965336
-26.060398,40,18267.640193
233.277118,1,18267.687506
22.171479,22,18268.032048
245.037889,1,18268.078711
862.699087,400,18274.216376
75.029372,155,18276.846557
-25.278528,341,18282.237876
-25.125546,13,18282.460283
67.90169,168,18284.985007
596.077071,319,18289.952615
-28.093616,341,18295.348239
-34.907908,10,18295.54716
635.116144,341,18300.934762
847.206863,400,18307.075779
32.222305,298,18311.825032
670.702903,400,18317.995664
1.131659,10,18318.172617
737.264466,341,18323.606546
694.657371,300,18328.268204
-11.338047,15,18328.514982
35.365594,27,18328.936004
237.851345,1,18328.987242
434.448878,341,18334.163329
548.553258,300,18338.903769
125.011383,341,18344.210753
73.861896,216,18347.642288
92.946649,170,18350.283103
-14.164434,300,18355.061477
100.041756,341,18360.491451
646.306914,300,18365.153899
-16.92306,300,18369.84041
637.951441,300,18374.633558
133.182536,341,18380.506551
444.246843,341,18386.486996
-20.006333,1,18386.535856
409.22259,400,18393.449333
860.311089,400,18400.440593
95.960754,341,18406.32251
-2.329917,300,18411.444068
444.977238,341,18417.316272
51.155783,114,18419.304797
1067.324692,300,18424.163338
79.875209,189,18427.194488
731.295711,256,18431.092891
237.28967,1,18431.143829
67.829514,341,18436.568229
-30.438928,81,18437.779749
36.452538,29,18438.240528
566.56633,298,18442.918657
211.072387,1,18442.966176
51.071174,341,18448.173409
888.795003,400,18454.410194
-30.868499,341,18459.739267
877.85838,400,18466.210139
46.879895,33,18466.793556
64.714221,169,18469.610862
233.238585,1,18469.658872
-19.434071,1,18469.705347
233.275077,1,18469.751999
76.208691,167,18472.615107
-12.354518,21,18473.005709
536.391736,276,18477.748175
-59.519014,109,18479.673338
-38.034508,120,18481.773271
754.826273,341,18487.444566
521.912243,281,18492.089105
208.38334,1,18492.139798
-16.11428,300,18497.00115
714.713689,341,18503.094181
1071.972103,300,18508.291697
437.920939,341,18514.184561
399.037041,400,18520.772559
1125.789392,300,18525.928975
89.883644,165,18528.888177
182.275081,108,18530.775891
130.161569,341,18536.66374
-36.67367,341,18542.579099
217.590192,1,18542.628985
751.794223,341,18548.528698
-7.990658,6,18548.66323
-11.708916,14,18548.934773
756.661162,341,18554.86243
753.99142,341,18560.758324
-12.760516,300,18566.012484
-61.627616,119,18568.072558
739.417887,341,18573.986572
530.964872,271,18578.704337
690.718202,400,18585.614085
112.700441,341,18591.626081
-5.04884,27,18592.118223
-19.217314,1,18592.169162
75.613277,178,18595.239812
-5.688177,24,18595.623771
755.4923,341,18600.858187
-19.316876,1,18600.909092
233.290811,1,18600.958073
139.519045,341,18606.84761
451.424018,244,18611.076527
719.122119,341,18616.969628
787.495995,267,18621.637212
443.948959,341,18627.616346
233.29489,1,18627.666805
233.291595,1,18627.716206
80.631812,177,18630.80997
10.083115,16,18631.117845
-5.631365,300,18636.270697
-30.442944,341,18642.24188
233.274916,1,18642.292385
286.286692,394,18649.073866
135.049327,341,18655.097353
233.275242,1,18655.148463
139.338392,341,18661.063333
-5.648495,7,18661.216649
448.154032,341,18667.13408
233.282313,1,18667.184111
1093.57015,300,18672.422649
-17.960162,1,18672.473992
233.289826,1,18672.52334
-37.900842,341,18678.183378
237.374655,1,18678.234443
-8.297672,300,18683.362138
1068.800224,300,18688.601552
232.352524,315,18694.083894
-22.959199,8,18694.252619
-21.124556,3,18694.336135
-35.455959,341,18700.31174
-3.310242,300,18705.475131
233.296748,1,18705.525373
522.242565,266,18710.183627
138.535779,341,18716.073897
-3.472588,277,18720.925282
857.278346,400,18727.81131
-9.827124,18,18728.150108
-3.699842,300,18733.400213
756.352147,341,18739.418548
470.789632,254,18743.796705
105.022204,341,18749.772438
425.952517,400,18756.633547
110.295731,341,18762.60439
119.805087,341,18768.486816
579.860727,346,18774.548496
-17.638138,4,18774.649811
533.319019,384,18781.365231
-15.722308,300,18786.630154
87.795751,341,18792.378578
851.475179,400,18798.821171
493.802283,341,18804.772556
718.990145,400,18811.877125
82.748591,156,18814.619475
687.443247,400,18821.552307
1066.091916,300,18826.732184
-20.145453,1,18826.782593
127.279054,341,18832.883476
134.871215,341,18838.761515
-12.011065,6,18838.898013
94.295602,231,18842.975747
126.416853,341,18848.962547
-46.532689,83,18850.468225
-28.33021,341,18856.476501
649.123662,300,18861.635864
-28.890461,78,18863.098702
751.576211,341,18869.055105
1084.870517,300,18874.216551
100.245859,341,18880.115522
212.125584,1,18880.166676
118.657527,341,18886.107221
712.887482,341,18892.026897
688.644355,341,18897.987262
-20.167691,9,18898.204503
413.442357,400,18905.158257
-4.045578,300,18910.365095
233.290764,1,18910.415252
-17.894609,1,18910.464164
83.727248,153,18913.013636
-26.242656,341,18918.307669
0.478206,10,18918.486411
379.167097,197,18921.561563
-6.225641,47,18922.378573
450.318144,276,18926.667556
101.184394,341,18932.160655
866.203071,284,18936.583969
608.266581,315,18941.60383
142.540641,341,18946.91339
-20.020899,1,18946.963151
-20.010966,1,18947.012029
231.83153,1,18947.062424
132.254836,341,18952.551352
454.393996,330,18957.894937
752.577277,341,18963.162808
652.502803,300,18967.996568
640.596858,300,18972.922134
-12.505873,13,18973.172461
324.245208,169,18975.707486
411.550516,400,18982.143303
725.145748,341,18987.422422
735.598991,341,18992.857023
-14.099552,10,18993.061323
118.937481,300,18997.76992
623.92502,300,19002.389673
634.717335,300,19007.030001
754.099125,341,19012.563989
233.283271,1,19012.613841
1065.433481,300,19017.353914
225.258091,1,19017.403918
686.049093,400,19023.576006
245.842692,1,19023.623667
-25.284603,15,19023.875676
-15.539535,300,19028.680261
6.00657,32,19029.178484
418.900979,243,19033.089373
-35.00806,341,19038.655361
93.819917,341,19044.030064
127.743277,341,19049.562334
-21.858557,7,19049.696793
756.334357,341,19055.242913
745.279547,341,19060.585468
407.695094,227,19064.219282
-16.229433,5,19064.358073
-22.039949,8,19064.508728
468.949206,341,19070.173075
156.995445,341,19075.468653
101.221697,341,19080.699888
881.571332,400,19087.010463
701.868095,400,19093.330921
100.106616,341,19098.554409
-28.352256,29,19099.005248
129.654086,341,19104.088336
-11.310066,300,19108.657332
84.380661,152,19110.920796
535.740859,286,19115.276324
389.497369,225,19118.614259
750.407133,341,19123.698269
430.658328,400,19130.111487
56.070225,125,19132.208312
234.660276,1,19132.25813
-20.235738,1,19132.30711
-35.030933,341,19137.699764
1066.836588,300,19142.257552
468.5447,341,19148.054143
217.021386,1,19148.103743
696.461336,341,19153.686072
704.963633,351,19159.427803
-21.345801,1,19159.47511
745.223901,341,19164.742508
-29.113091,88,19166.054752
583.481452,300,19170.547276
134.294971,341,19175.660615
753.007405,376,19181.333825
-3.293669,300,19185.796819
233.274383,1,19185.844602
-10.320427,16,19186.108548
-11.340557,300,19190.688654
-13.189935,300,19195.356658
209.017114,1,19195.404461
233.284565,1,19195.450784
591.302382,300,19199.912102
411.291541,400,19205.999438
233.287194,1,19206.046506
-11.850001,14,19206.285433
-30.791739,341,19211.332294
-10.248869,18,19211.670925
-47.977865,76,19212.910168
254.146101,329,19217.835022
1347.329069,294,19222.127185
494.219325,266,19226.091972
633.952336,300,19230.547113
110.970395,341,19235.677045
90.362385,155,19237.978186
396.2118,219,19241.303966
558.402549,341,19246.354227
233.28456,1,19246.40301
289.552538,363,19251.8541
-17.941961,1,19251.903347
558.189978,284,19256.232463
-30.875057,341,19261.312075
751.276874,341,19266.407664
421.176459,400,19272.483316
-0.073223,27,19272.910151
682.440383,341,19277.944199
214.881103,1,19277.991224
208.14133,1,19278.03803
-18.989784,2,19278.098138
701.261811,400,19284.097172
-3.115618,8,19284.245776
619.306087,300,19288.776026
213.509938,1,19288.822998
665.416849,343,19294.092297
-10.480654,12,19294.295154
631.814205,300,19298.754798
-17.813094,3,19298.831073
-12.682579,12,19299.03667
-16.443376,300,19303.509286
1069.078283,300,19308.034163
701.972069,400,19313.963073
1.524482,59,19314.858402
-12.906747,11,19315.047916
415.296682,400,19321.054186
-17.912094,1,19321.101489
35.003738,26,19321.541593
487.254425,341,19326.595431
297.486313,226,19329.972572
408.249911,220,19333.417392
233.281459,1,19333.464396
4.089898,39,19334.058454
233.292472,1,19334.108103
-30.920419,29,19334.555444
-1.434149,300,19338.949494
233.200475,338,19343.996685
233.270347,1,19344.044486
-9.592956,300,19348.613677
640.527111,300,19353.085689
120.958451,341,19358.16328
55.833121,130,19360.214138
647.236372,300,19365.373328
-32.19908,341,19370.46246
740.697033,370,19375.991563
1091.724787,300,19380.465096
462.754397,341,19385.668207
672.702306,341,19390.72657
-33.922249,341,19395.921774
753.903697,341,19401.620853
387.802179,219,19405.369228
-31.420193,341,19411.133424
103.072455,341,19417.011715
626.060278,300,19422.245921
215.934047,1,19422.293849
384.939998,400,19428.444164
463.104815,341,19434.332603
131.779486,341,19439.735878
-29.892663,341,19445.349035
-79.301774,172,19448.316793
900.030334,400,19454.852244
4.609659,12,19455.087172
490.097843,341,19460.655436
-22.510438,14,19460.887606
233.281013,1,19460.934491
478.075181,336,19466.01355
-21.279781,4,19466.103479
630.984448,300,19470.900931
467.462037,341,19476.432708
12.512525,16,19476.694079
-19.170717,1,19476.740647
484.593255,341,19482.405116
147.170399,341,19488.129014
22.149849,23,19488.554288
750.274107,341,19494.201951
-18.412442,3,19494.285925
121.790548,341,19499.944036
456.137839,341,19505.669744
-20.35666,1,19505.720556
-22.866926,14,19505.965221
380.07076,213,19509.45516
400.374382,218,19512.841247
709.695303,400,19519.471154
-7.30099,300,19523.859674
1145.657736,300,19528.532357
240.405191,1,19528.579853
233.279481,1,19528.626702
140.879454,341,19533.695261
-22.166936,9,19533.858099
663.762045,400,19539.999738
-20.330307,1,19540.048762
452.75806,341,19545.192587
-13.381895,300,19549.659554
144.172428,341,19554.868769
213.920414,293,19559.202829
-52.499559,92,19560.599202
233.241016,1,19560.647651
-35.150043,341,19565.747086
1041.68379,300,19570.295879
47.624908,32,19570.821954
-4.984769,20,19571.143216
215.066378,1,19571.190619
116.871319,341,19576.23659
-35.866545,300,19580.714047
466.405508,341,19586.016883
464.013625,341,19591.120682
-10.924259,300,19595.720371
-16.935897,300,19600.243115
-20.943754,4,19600.336682
483.545907,341,19605.856636
239.301151,322,19611.030619
41.490518,30,19611.504292
105.629803,341,19616.618025
-13.907977,300,19621.594388
477.595095,346,19627.247879
82.406772,205,19630.376913
-20.023246,1,19630.424502
485.973936,339,19635.664958
413.008087,341,19641.009879
233.284334,1,19641.056808
126.635278,341,19646.262863
673.344634,341,19652.005857
233.252627,1,19652.055829
516.892881,357,19658.140658
-11.930692,300,19663.306626
116.756671,341,19668.883571
-12.277183,300,19674.101942
86.558698,195,19677.434258
515.099502,351,19683.375535
44.017418,184,19686.512078
-26.214084,11,19686.730259
4.569352,12,19686.966182
-80.682785,300,19692.101948
879.034516,400,19698.15179
-10.743142,20,19698.474467
133.810947,341,19703.759238
43.490684,31,19704.318847
300.003514,388,19710.286737
20.960983,20,19710.744482
228.269008,1,19710.792323
-23.792028,60,19711.781235
-29.976618,341,19716.981667
-20.063541,1,19717.030543
-21.374922,6,19717.150578
119.304252,341,19722.627578
233.285336,1,19722.677537
667.61163,344,19728.590683
753.067203,341,19734.479769
532.870816,362,19740.424443
-24.093596,27,19740.846492
7.468716,300,19745.487174
-12.149761,300,19749.943606
-30.748386,341,19755.045247
-4.490513,300,19759.610162
78.166457,59,19760.536233
8.121067,15,19760.786596
61.347496,152,19763.034461
127.140329,341,19768.188844
-22.487837,300,19772.632576
-18.00198,1,19772.682688
-29.22534,341,19778.145067
-5.440048,7,19778.295441
-23.685609,22,19778.696741
-17.341893,300,19783.538791
405.419628,400,19789.954248
80.606284,149,19792.186216
391.157732,340,19797.431232
459.246459,341,19802.667383
233.293081,1,19802.714975
407.029514,341,19807.759017
-34.239951,56,19808.837644
-17.166324,300,19813.529387
580.345122,388,19819.588544
1061.709762,300,19824.259906
-32.962158,50,19825.174548
116.462495,341,19830.732358
233.293173,1,19830.783075
-33.35964,341,19836.17629
480.843531,260,19840.52601
-35.929351,341,19845.946276
132.380623,341,19850.987166
138.145642,341,19856.1797
63.964805,311,19860.823189
134.77903,341,19865.878908
-31.444224,17,19866.192085
780.851693,400,19872.21182
136.743706,341,19877.295057
-10.857392,300,19881.913021
-30.616508,33,19882.420297
757.488878,341,19887.790725
109.033247,341,19893.078932
888.497006,400,19899.384844
-31.688568,341,19904.429405
-26.173187,29,19904.881115
-19.688476,300,19909.556971
710.988864,400,19915.863917
705.86684,400,19921.905834
465.344083,341,19927.40077
-20.670905,4,19927.491717
224.124078,302,19932.136138
3.214889,34,19932.713027
-38.963952,341,19937.813018
738.070955,341,19942.854957
455.294513,245,19946.498603
-33.2124,341,19951.635284
716.946246,400,19957.611986
-22.219183,5,19957.717046
308.802371,399,19963.726297
-45.551131,341,19968.963387
-23.04821,13,19969.189196
2.835115,41,19969.832081
573.635675,387,19975.531606
-41.17767,341,19980.650163
645.786642,300,19985.254869
543.810013,375,19991.013517
210.783234,1,19991.061615
688.006831,344,19996.950725
138.470909,341,20002.150324
121.148721,341,20007.278174
486.423858,270,20011.250727
233.280212,1,20011.298261
754.237746,341,20016.34704
454.531415,341,20021.398415
757.42508,400,20027.25239
-51.338792,341,20032.289612
-26.745403,21,20032.622457
462.607999,341,20037.685494
464.797248,341,20042.814613
64.651162,128,20044.732923
756.856331,341,20049.824723
754.207179,341,20054.983381
457.727518,342,20060.078022
693.635157,341,20065.157388
272.633015,341,20070.141115
586.244868,387,20075.934779
117.998288,341,20080.996442
233.288303,1,20081.043982
476.598707,341,20086.156148
-37.487686,341,20091.293263
475.839118,341,20096.381457
444.672082,341,20101.486567
483.161797,341,20106.575031
233.294565,1,20106.622294
-14.929638,300,20111.053578
413.928516,400,20116.918453
685.528974,400,20122.863137
446.723543,261,20126.762815
115.931944,341,20131.848383
887.731417,400,20137.835793
